-3.000000,-3.000000,-3.000000,-3.000000,-3.000000,-3.000000,-3.000000,4.139551,-3.000000,-3.000000,-3.000000,-3.000000,-3.000000,-3.000000,-3.000000,-3.000000,-3.000000,-3.000000,-3.000000,-3.000000
-3.000000,-3.000000,-3.000000,-3.000000,-3.000000,-3.000000,-3.000000,2.930737,-3.000000,-3.000000,-3.000000,-3.000000,-3.000000,-3.000000,-3.000000,-3.000000,-3.000000,3.339850,-3.000000,-3.000000
-3.000000,-3.000000,-3.000000,-3.000000,-3.000000,4.139551,-3.000000,-3.000000,-3.000000,-3.000000,-3.000000,-3.000000,-3.000000,-3.000000,-3.000000,-3.000000,-3.000000,-3.000000,-3.000000,-3.000000
-3.000000,-3.000000,-3.000000,-3.000000,-3.000000,4.139551,-3.000000,-3.000000,-3.000000,-3.000000,-3.000000,-3.000000,-3.000000,-3.000000,-3.000000,-3.000000,-3.000000,-3.000000,-3.000000,-3.000000
-3.000000,-3.000000,-3.000000,-3.000000,-3.000000,-3.000000,-3.000000,-3.000000,3.658211,-3.000000,-3.000000,1.392317,-3.000000,-3.000000,1.392317,-3.000000,-3.000000,-3.000000,-3.000000,-3.000000
-3.000000,-3.000000,3.658211,-3.000000,-3.000000,-3.000000,-3.000000,-3.000000,-3.000000,-3.000000,-3.000000,2.357552,-3.000000,-3.000000,-3.000000,-3.000000,-3.000000,-3.000000,-3.000000,-3.000000
4.139551,-3.000000,-3.000000,-3.000000,-3.000000,-3.000000,-3.000000,-3.000000,-3.000000,-3.000000,-3.000000,-3.000000,-3.000000,-3.000000,-3.000000,-3.000000,-3.000000,-3.000000,-3.000000,-3.000000
-3.000000,-3.000000,-3.000000,-3.000000,-3.000000,-3.000000,-3.000000,-3.000000,2.357552,-3.000000,-3.000000,-3.000000,3.658211,-3.000000,-3.000000,-3.000000,-3.000000,-3.000000,-3.000000,-3.000000
-3.000000,-3.000000,-3.000000,-3.000000,-3.000000,-3.000000,-3.000000,2.357552,-3.000000,-3.000000,-3.000000,-3.000000,1.392317,-3.000000,-3.000000,-3.000000,-3.000000,3.339850,-3.000000,-3.000000
-3.000000,-3.000000,-3.000000,-3.000000,-3.000000,4.139551,-3.000000,-3.000000,-3.000000,-3.000000,-3.000000,-3.000000,-3.000000,-3.000000,-3.000000,-3.000000,-3.000000,-3.000000,-3.000000,-3.000000
-3.000000,-3.000000,-3.000000,2.357552,-3.000000,-3.000000,-3.000000,-3.000000,3.658211,-3.000000,-3.000000,-3.000000,-3.000000,-3.000000,-3.000000,-3.000000,-3.000000,-3.000000,-3.000000,-3.000000
-3.000000,-3.000000,-3.000000,-3.000000,2.357552,-3.000000,-3.000000,-3.000000,-3.000000,-3.000000,-3.000000,-3.000000,-3.000000,-3.000000,-3.000000,-3.000000,-3.000000,-3.000000,-3.000000,3.658211
-3.000000,-3.000000,-3.000000,-3.000000,-3.000000,-3.000000,-3.000000,-3.000000,-3.000000,-3.000000,-3.000000,-3.000000,4.139551,-3.000000,-3.000000,-3.000000,-3.000000,-3.000000,-3.000000,-3.000000
-3.000000,-3.000000,-3.000000,-3.000000,-3.000000,-3.000000,1.392317,-3.000000,-3.000000,-3.000000,-3.000000,-3.000000,-3.000000,-3.000000,-3.000000,-3.000000,-3.000000,-3.000000,-3.000000,3.918863
-3.000000,-3.000000,-3.000000,-3.000000,-3.000000,-3.000000,1.392317,-3.000000,-3.000000,-3.000000,-3.000000,-3.000000,-3.000000,3.918863,-3.000000,-3.000000,-3.000000,-3.000000,-3.000000,-3.000000
-3.000000,-3.000000,-3.000000,-3.000000,-3.000000,-3.000000,-3.000000,-3.000000,-3.000000,-3.000000,-3.000000,-3.000000,-3.000000,-3.000000,-3.000000,-3.000000,-3.000000,4.139551,-3.000000,-3.000000
1.392317,-3.000000,-3.000000,-3.000000,-3.000000,-3.000000,-3.000000,-3.000000,-3.000000,-3.000000,-3.000000,-3.000000,-3.000000,-3.000000,-3.000000,3.918863,-3.000000,-3.000000,-3.000000,-3.000000
-3.000000,-3.000000,-3.000000,-3.000000,-3.000000,-3.000000,-3.000000,-3.000000,-3.000000,4.139551,-3.000000,-3.000000,-3.000000,-3.000000,-3.000000,-3.000000,-3.000000,-3.000000,-3.000000,-3.000000
-3.000000,-3.000000,-3.000000,-3.000000,-3.000000,-3.000000,-3.000000,-3.000000,3.339850,-3.000000,-3.000000,-3.000000,-3.000000,-3.000000,2.930737,-3.000000,-3.000000,-3.000000,-3.000000,-3.000000
-3.000000,-3.000000,-3.000000,-3.000000,-3.000000,-3.000000,-3.000000,-3.000000,-3.000000,3.339850,-3.000000,-3.000000,-3.000000,-3.000000,-3.000000,-3.000000,-3.000000,-3.000000,-3.000000,2.930737
-3.000000,-3.000000,-3.000000,-3.000000,-3.000000,1.392317,-3.000000,-3.000000,-3.000000,-3.000000,-3.000000,2.357552,-3.000000,-3.000000,-3.000000,3.339850,-3.000000,-3.000000,-3.000000,-3.000000
-3.000000,-3.000000,2.357552,-3.000000,-3.000000,3.339850,-3.000000,-3.000000,-3.000000,-3.000000,-3.000000,1.392317,-3.000000,-3.000000,-3.000000,-3.000000,-3.000000,-3.000000,-3.000000,-3.000000
-3.000000,-3.000000,-3.000000,-3.000000,2.357552,-3.000000,-3.000000,-3.000000,1.392317,-3.000000,-3.000000,1.392317,-3.000000,-3.000000,-3.000000,2.930737,-3.000000,-3.000000,-3.000000,-3.000000
-3.000000,-3.000000,-3.000000,-3.000000,1.392317,-3.000000,3.918863,-3.000000,-3.000000,-3.000000,-3.000000,-3.000000,-3.000000,-3.000000,-3.000000,-3.000000,-3.000000,-3.000000,-3.000000,-3.000000
-3.000000,-3.000000,-3.000000,-3.000000,-3.000000,-3.000000,-3.000000,1.392317,-3.000000,-3.000000,-3.000000,-3.000000,-3.000000,-3.000000,3.918863,-3.000000,-3.000000,-3.000000,-3.000000,-3.000000
-3.000000,4.139551,-3.000000,-3.000000,-3.000000,-3.000000,-3.000000,-3.000000,-3.000000,-3.000000,-3.000000,-3.000000,-3.000000,-3.000000,-3.000000,-3.000000,-3.000000,-3.000000,-3.000000,-3.000000
-3.000000,-3.000000,-3.000000,-3.000000,-3.000000,4.139551,-3.000000,-3.000000,-3.000000,-3.000000,-3.000000,-3.000000,-3.000000,-3.000000,-3.000000,-3.000000,-3.000000,-3.000000,-3.000000,-3.000000
3.339850,-3.000000,-3.000000,-3.000000,-3.000000,2.930737,-3.000000,-3.000000,-3.000000,-3.000000,-3.000000,-3.000000,-3.000000,-3.000000,-3.000000,-3.000000,-3.000000,-3.000000,-3.000000,-3.000000
-3.000000,-3.000000,-3.000000,-3.000000,-3.000000,-3.000000,-3.000000,-3.000000,-3.000000,-3.000000,-3.000000,-3.000000,-3.000000,-3.000000,-3.000000,4.139551,-3.000000,-3.000000,-3.000000,-3.000000
-3.000000,-3.000000,-3.000000,-3.000000,-3.000000,-3.000000,-3.000000,4.139551,-3.000000,-3.000000,-3.000000,-3.000000,-3.000000,-3.000000,-3.000000,-3.000000,-3.000000,-3.000000,-3.000000,-3.000000
-3.000000,-3.000000,-3.000000,-3.000000,-3.000000,-3.000000,-3.000000,2.930737,-3.000000,3.339850,-3.000000,-3.000000,-3.000000,-3.000000,-3.000000,-3.000000,-3.000000,-3.000000,-3.000000,-3.000000
-3.000000,-3.000000,3.918863,-3.000000,-3.000000,-3.000000,-3.000000,-3.000000,-3.000000,-3.000000,-3.000000,1.392317,-3.000000,-3.000000,-3.000000,-3.000000,-3.000000,-3.000000,-3.000000,-3.000000
-3.000000,-3.000000,-3.000000,-3.000000,-3.000000,-3.000000,-3.000000,-3.000000,1.392317,-3.000000,-3.000000,3.658211,-3.000000,-3.000000,1.392317,-3.000000,-3.000000,-3.000000,-3.000000,-3.000000
-3.000000,-3.000000,-3.000000,-3.000000,1.392317,-3.000000,-3.000000,-3.000000,-3.000000,-3.000000,-3.000000,1.392317,-3.000000,-3.000000,1.392317,-3.000000,-3.000000,-3.000000,-3.000000,3.339850
-3.000000,-3.000000,-3.000000,-3.000000,-3.000000,-3.000000,-3.000000,-3.000000,-3.000000,-3.000000,-3.000000,3.918863,-3.000000,-3.000000,-3.000000,-3.000000,-3.000000,-3.000000,-3.000000,1.392317
-3.000000,-3.000000,-3.000000,-3.000000,-3.000000,-3.000000,-3.000000,1.392317,-3.000000,-3.000000,-3.000000,-3.000000,-3.000000,-3.000000,-3.000000,-3.000000,-3.000000,3.918863,-3.000000,-3.000000
-3.000000,-3.000000,-3.000000,-3.000000,-3.000000,-3.000000,-3.000000,-3.000000,-3.000000,4.139551,-3.000000,-3.000000,-3.000000,-3.000000,-3.000000,-3.000000,-3.000000,-3.000000,-3.000000,-3.000000
-3.000000,-3.000000,-3.000000,-3.000000,-3.000000,-3.000000,-3.000000,-3.000000,-3.000000,-3.000000,-3.000000,-3.000000,-3.000000,-3.000000,-3.000000,-3.000000,4.139551,-3.000000,-3.000000,-3.000000
3.658211,-3.000000,-3.000000,-3.000000,-3.000000,-3.000000,-3.000000,-3.000000,-3.000000,-3.000000,-3.000000,-3.000000,-3.000000,-3.000000,-3.000000,2.357552,-3.000000,-3.000000,-3.000000,-3.000000
4.139551,-3.000000,-3.000000,-3.000000,-3.000000,-3.000000,-3.000000,-3.000000,-3.000000,-3.000000,-3.000000,-3.000000,-3.000000,-3.000000,-3.000000,-3.000000,-3.000000,-3.000000,-3.000000,-3.000000
-3.000000,-3.000000,-3.000000,-3.000000,-3.000000,-3.000000,3.339850,-3.000000,-3.000000,-3.000000,-3.000000,-3.000000,-3.000000,1.392317,2.357552,-3.000000,-3.000000,-3.000000,-3.000000,-3.000000
-3.000000,4.139551,-3.000000,-3.000000,-3.000000,-3.000000,-3.000000,-3.000000,-3.000000,-3.000000,-3.000000,-3.000000,-3.000000,-3.000000,-3.000000,-3.000000,-3.000000,-3.000000,-3.000000,-3.000000
-3.000000,-3.000000,-3.000000,-3.000000,-3.000000,-3.000000,-3.000000,-3.000000,-3.000000,-3.000000,-3.000000,-3.000000,-3.000000,-3.000000,-3.000000,-3.000000,-3.000000,4.139551,-3.000000,-3.000000
-3.000000,-3.000000,3.658211,-3.000000,-3.000000,-3.000000,-3.000000,-3.000000,-3.000000,-3.000000,-3.000000,1.392317,-3.000000,-3.000000,-3.000000,-3.000000,-3.000000,-3.000000,-3.000000,-3.000000
-3.000000,-3.000000,2.930737,-3.000000,-3.000000,3.339850,-3.000000,-3.000000,-3.000000,-3.000000,-3.000000,-3.000000,-3.000000,-3.000000,-3.000000,-3.000000,-3.000000,-3.000000,-3.000000,-3.000000
-3.000000,-3.000000,-3.000000,-3.000000,-3.000000,-3.000000,-3.000000,-3.000000,-3.000000,4.139551,-3.000000,-3.000000,-3.000000,-3.000000,-3.000000,-3.000000,-3.000000,-3.000000,-3.000000,-3.000000
-3.000000,-3.000000,-3.000000,2.357552,-3.000000,1.392317,-3.000000,-3.000000,-3.000000,-3.000000,-3.000000,-3.000000,1.392317,-3.000000,-3.000000,2.357552,1.392317,-3.000000,-3.000000,-3.000000
-3.000000,-3.000000,2.357552,-3.000000,-3.000000,-3.000000,-3.000000,-3.000000,-3.000000,-3.000000,-3.000000,3.658211,-3.000000,-3.000000,-3.000000,-3.000000,-3.000000,-3.000000,-3.000000,-3.000000
-3.000000,-3.000000,-3.000000,-3.000000,-3.000000,-3.000000,-3.000000,1.392317,-3.000000,3.339850,-3.000000,-3.000000,-3.000000,-3.000000,-3.000000,2.357552,-3.000000,-3.000000,-3.000000,-3.000000
-3.000000,-3.000000,2.357552,-3.000000,-3.000000,-3.000000,-3.000000,-3.000000,2.357552,-3.000000,-3.000000,2.930737,-3.000000,-3.000000,-3.000000,-3.000000,-3.000000,-3.000000,-3.000000,-3.000000
-3.000000,-3.000000,-3.000000,1.392317,-3.000000,-3.000000,-3.000000,-3.000000,-3.000000,-3.000000,-3.000000,2.930737,-3.000000,-3.000000,2.930737,-3.000000,-3.000000,-3.000000,-3.000000,-3.000000
-3.000000,-3.000000,-3.000000,-3.000000,-3.000000,-3.000000,-3.000000,-3.000000,-3.000000,4.139551,-3.000000,-3.000000,-3.000000,-3.000000,-3.000000,-3.000000,-3.000000,-3.000000,-3.000000,-3.000000
1.392317,-3.000000,-3.000000,-3.000000,-3.000000,-3.000000,-3.000000,-3.000000,3.918863,-3.000000,-3.000000,-3.000000,-3.000000,-3.000000,-3.000000,-3.000000,-3.000000,-3.000000,-3.000000,-3.000000
-3.000000,-3.000000,-3.000000,-3.000000,-3.000000,-3.000000,-3.000000,-3.000000,-3.000000,-3.000000,-3.000000,-3.000000,-3.000000,-3.000000,-3.000000,-3.000000,-3.000000,4.139551,-3.000000,-3.000000
-3.000000,-3.000000,-3.000000,-3.000000,-3.000000,-3.000000,4.139551,-3.000000,-3.000000,-3.000000,-3.000000,-3.000000,-3.000000,-3.000000,-3.000000,-3.000000,-3.000000,-3.000000,-3.000000,-3.000000
2.930737,-3.000000,-3.000000,-3.000000,-3.000000,-3.000000,-3.000000,-3.000000,-3.000000,-3.000000,-3.000000,-3.000000,-3.000000,-3.000000,-3.000000,-3.000000,-3.000000,3.339850,-3.000000,-3.000000
-3.000000,-3.000000,-3.000000,-3.000000,-3.000000,4.139551,-3.000000,-3.000000,-3.000000,-3.000000,-3.000000,-3.000000,-3.000000,-3.000000,-3.000000,-3.000000,-3.000000,-3.000000,-3.000000,-3.000000
-3.000000,-3.000000,-3.000000,-3.000000,-3.000000,-3.000000,-3.000000,-3.000000,-3.000000,-3.000000,-3.000000,-3.000000,-3.000000,-3.000000,-3.000000,-3.000000,4.139551,-3.000000,-3.000000,-3.000000
-3.000000,-3.000000,-3.000000,-3.000000,-3.000000,-3.000000,-3.000000,2.930737,-3.000000,-3.000000,-3.000000,3.339850,-3.000000,-3.000000,-3.000000,-3.000000,-3.000000,-3.000000,-3.000000,-3.000000
-3.000000,-3.000000,-3.000000,-3.000000,-3.000000,-3.000000,-3.000000,-3.000000,-3.000000,-3.000000,-3.000000,-3.000000,-3.000000,-3.000000,-3.000000,-3.000000,-3.000000,-3.000000,2.357552,3.658211
-3.000000,-3.000000,-3.000000,-3.000000,-3.000000,-3.000000,-3.000000,-3.000000,-3.000000,4.139551,-3.000000,-3.000000,-3.000000,-3.000000,-3.000000,-3.000000,-3.000000,-3.000000,-3.000000,-3.000000
-3.000000,-3.000000,-3.000000,-3.000000,-3.000000,-3.000000,-3.000000,-3.000000,-3.000000,-3.000000,-3.000000,3.339850,-3.000000,-3.000000,-3.000000,2.930737,-3.000000,-3.000000,-3.000000,-3.000000
-3.000000,-3.000000,-3.000000,3.339850,-3.000000,1.392317,-3.000000,2.357552,-3.000000,-3.000000,-3.000000,-3.000000,-3.000000,-3.000000,-3.000000,-3.000000,-3.000000,-3.000000,-3.000000,-3.000000
-3.000000,-3.000000,-3.000000,-3.000000,-3.000000,-3.000000,-3.000000,-3.000000,-3.000000,-3.000000,-3.000000,-3.000000,2.357552,-3.000000,-3.000000,3.339850,1.392317,-3.000000,-3.000000,-3.000000
-3.000000,-3.000000,-3.000000,-3.000000,-3.000000,4.139551,-3.000000,-3.000000,-3.000000,-3.000000,-3.000000,-3.000000,-3.000000,-3.000000,-3.000000,-3.000000,-3.000000,-3.000000,-3.000000,-3.000000
2.357552,-3.000000,3.339850,-3.000000,-3.000000,-3.000000,-3.000000,-3.000000,-3.000000,-3.000000,-3.000000,1.392317,-3.000000,-3.000000,-3.000000,-3.000000,-3.000000,-3.000000,-3.000000,-3.000000
-3.000000,-3.000000,-3.000000,-3.000000,-3.000000,-3.000000,-3.000000,-3.000000,-3.000000,-3.000000,-3.000000,-3.000000,-3.000000,-3.000000,-3.000000,-3.000000,-3.000000,4.139551,-3.000000,-3.000000
-3.000000,-3.000000,-3.000000,-3.000000,-3.000000,-3.000000,-3.000000,-3.000000,-3.000000,-3.000000,-3.000000,-3.000000,-3.000000,-3.000000,-3.000000,-3.000000,-3.000000,-3.000000,-3.000000,4.139551
-3.000000,-3.000000,3.918863,-3.000000,-3.000000,-3.000000,-3.000000,-3.000000,-3.000000,-3.000000,-3.000000,-3.000000,-3.000000,1.392317,-3.000000,-3.000000,-3.000000,-3.000000,-3.000000,-3.000000
1.392317,-3.000000,-3.000000,-3.000000,-3.000000,-3.000000,-3.000000,1.392317,-3.000000,-3.000000,-3.000000,-3.000000,-3.000000,-3.000000,-3.000000,-3.000000,-3.000000,3.658211,-3.000000,-3.000000
-3.000000,-3.000000,-3.000000,4.139551,-3.000000,-3.000000,-3.000000,-3.000000,-3.000000,-3.000000,-3.000000,-3.000000,-3.000000,-3.000000,-3.000000,-3.000000,-3.000000,-3.000000,-3.000000,-3.000000
-3.000000,-3.000000,3.339850,-3.000000,-3.000000,-3.000000,-3.000000,-3.000000,-3.000000,-3.000000,-3.000000,-3.000000,-3.000000,-3.000000,-3.000000,2.930737,-3.000000,-3.000000,-3.000000,-3.000000
2.930737,-3.000000,-3.000000,-3.000000,-3.000000,-3.000000,-3.000000,-3.000000,-3.000000,-3.000000,-3.000000,-3.000000,-3.000000,-3.000000,-3.000000,-3.000000,-3.000000,3.339850,-3.000000,-3.000000
-3.000000,-3.000000,-3.000000,-3.000000,-3.000000,-3.000000,1.392317,-3.000000,-3.000000,-3.000000,-3.000000,-3.000000,-3.000000,-3.000000,1.392317,2.357552,-3.000000,2.930737,-3.000000,-3.000000
-3.000000,-3.000000,-3.000000,-3.000000,-3.000000,-3.000000,-3.000000,1.392317,-3.000000,-3.000000,-3.000000,-3.000000,-3.000000,-3.000000,-3.000000,-3.000000,-3.000000,3.658211,1.392317,-3.000000
-3.000000,-3.000000,-3.000000,-3.000000,-3.000000,-3.000000,2.357552,-3.000000,-3.000000,-3.000000,-3.000000,3.658211,-3.000000,-3.000000,-3.000000,-3.000000,-3.000000,-3.000000,-3.000000,-3.000000
-3.000000,-3.000000,-3.000000,1.392317,-3.000000,-3.000000,-3.000000,-3.000000,2.930737,-3.000000,-3.000000,1.392317,-3.000000,-3.000000,-3.000000,2.357552,-3.000000,-3.000000,-3.000000,-3.000000
-3.000000,-3.000000,1.392317,-3.000000,-3.000000,1.392317,-3.000000,-3.000000,2.357552,-3.000000,-3.000000,2.357552,-3.000000,-3.000000,-3.000000,1.392317,-3.000000,-3.000000,-3.000000,-3.000000
-3.000000,-3.000000,-3.000000,-3.000000,1.392317,-3.000000,-3.000000,-3.000000,-3.000000,-3.000000,-3.000000,-3.000000,-3.000000,-3.000000,-3.000000,-3.000000,-3.000000,-3.000000,-3.000000,3.918863
-3.000000,-3.000000,4.139551,-3.000000,-3.000000,-3.000000,-3.000000,-3.000000,-3.000000,-3.000000,-3.000000,-3.000000,-3.000000,-3.000000,-3.000000,-3.000000,-3.000000,-3.000000,-3.000000,-3.000000
-3.000000,-3.000000,3.339850,1.392317,-3.000000,-3.000000,-3.000000,-3.000000,-3.000000,-3.000000,-3.000000,2.357552,-3.000000,-3.000000,-3.000000,-3.000000,-3.000000,-3.000000,-3.000000,-3.000000
1.392317,-3.000000,-3.000000,-3.000000,2.357552,-3.000000,-3.000000,1.392317,2.357552,-3.000000,-3.000000,-3.000000,-3.000000,-3.000000,-3.000000,-3.000000,-3.000000,-3.000000,-3.000000,1.392317
1.392317,-3.000000,-3.000000,-3.000000,-3.000000,-3.000000,-3.000000,-3.000000,-3.000000,3.918863,-3.000000,-3.000000,-3.000000,-3.000000,-3.000000,-3.000000,-3.000000,-3.000000,-3.000000,-3.000000
-3.000000,-3.000000,-3.000000,-3.000000,-3.000000,-3.000000,-3.000000,1.392317,-3.000000,3.918863,-3.000000,-3.000000,-3.000000,-3.000000,-3.000000,-3.000000,-3.000000,-3.000000,-3.000000,-3.000000
1.392317,-3.000000,-3.000000,-3.000000,-3.000000,-3.000000,-3.000000,2.357552,-3.000000,-3.000000,-3.000000,-3.000000,-3.000000,-3.000000,3.339850,-3.000000,-3.000000,-3.000000,-3.000000,-3.000000
-3.000000,-3.000000,1.392317,-3.000000,-3.000000,-3.000000,-3.000000,-3.000000,-3.000000,-3.000000,-3.000000,3.918863,-3.000000,-3.000000,-3.000000,-3.000000,-3.000000,-3.000000,-3.000000,-3.000000
-3.000000,-3.000000,4.139551,-3.000000,-3.000000,-3.000000,-3.000000,-3.000000,-3.000000,-3.000000,-3.000000,-3.000000,-3.000000,-3.000000,-3.000000,-3.000000,-3.000000,-3.000000,-3.000000,-3.000000
-3.000000,-3.000000,-3.000000,-3.000000,-3.000000,-3.000000,-3.000000,1.392317,-3.000000,-3.000000,-3.000000,-3.000000,-3.000000,-3.000000,-3.000000,-3.000000,-3.000000,3.918863,-3.000000,-3.000000
3.918863,-3.000000,-3.000000,-3.000000,-3.000000,1.392317,-3.000000,-3.000000,-3.000000,-3.000000,-3.000000,-3.000000,-3.000000,-3.000000,-3.000000,-3.000000,-3.000000,-3.000000,-3.000000,-3.000000
-3.000000,-3.000000,-3.000000,-3.000000,-3.000000,-3.000000,-3.000000,-3.000000,-3.000000,4.139551,-3.000000,-3.000000,-3.000000,-3.000000,-3.000000,-3.000000,-3.000000,-3.000000,-3.000000,-3.000000
-3.000000,-3.000000,-3.000000,-3.000000,-3.000000,-3.000000,-3.000000,1.392317,-3.000000,-3.000000,-3.000000,-3.000000,-3.000000,-3.000000,-3.000000,-3.000000,-3.000000,3.918863,-3.000000,-3.000000
-3.000000,-3.000000,-3.000000,-3.000000,-3.000000,-3.000000,3.918863,-3.000000,-3.000000,-3.000000,-3.000000,-3.000000,-3.000000,-3.000000,1.392317,-3.000000,-3.000000,-3.000000,-3.000000,-3.000000
-3.000000,-3.000000,-3.000000,-3.000000,-3.000000,-3.000000,-3.000000,-3.000000,-3.000000,4.139551,-3.000000,-3.000000,-3.000000,-3.000000,-3.000000,-3.000000,-3.000000,-3.000000,-3.000000,-3.000000
-3.000000,-3.000000,-3.000000,-3.000000,-3.000000,-3.000000,-3.000000,-3.000000,2.930737,-3.000000,-3.000000,1.392317,-3.000000,-3.000000,1.392317,-3.000000,2.357552,-3.000000,-3.000000,-3.000000
-3.000000,-3.000000,-3.000000,-3.000000,-3.000000,-3.000000,-3.000000,-3.000000,-3.000000,-3.000000,-3.000000,3.918863,-3.000000,-3.000000,1.392317,-3.000000,-3.000000,-3.000000,-3.000000,-3.000000
-3.000000,-3.000000,1.392317,-3.000000,-3.000000,-3.000000,-3.000000,-3.000000,-3.000000,-3.000000,-3.000000,-3.000000,3.918863,-3.000000,-3.000000,-3.000000,-3.000000,-3.000000,-3.000000,-3.000000
-3.000000,-3.000000,-3.000000,-3.000000,-3.000000,-3.000000,-3.000000,4.139551,-3.000000,-3.000000,-3.000000,-3.000000,-3.000000,-3.000000,-3.000000,-3.000000,-3.000000,-3.000000,-3.000000,-3.000000
-3.000000,-3.000000,-3.000000,2.357552,-3.000000,-3.000000,-3.000000,-3.000000,2.930737,-3.000000,-3.000000,-3.000000,-3.000000,-3.000000,2.357552,-3.000000,-3.000000,-3.000000,-3.000000,-3.000000
-3.000000,-3.000000,-3.000000,-3.000000,2.357552,-3.000000,-3.000000,-3.000000,-3.000000,1.392317,-3.000000,-3.000000,-3.000000,-3.000000,-3.000000,-3.000000,-3.000000,-3.000000,-3.000000,3.339850
-3.000000,-3.000000,-3.000000,-3.000000,-3.000000,-3.000000,-3.000000,-3.000000,-3.000000,-3.000000,-3.000000,3.658211,-3.000000,-3.000000,-3.000000,1.392317,1.392317,-3.000000,-3.000000,-3.000000
-3.000000,-3.000000,2.930737,-3.000000,-3.000000,-3.000000,-3.000000,-3.000000,-3.000000,1.392317,-3.000000,1.392317,-3.000000,-3.000000,2.357552,-3.000000,-3.000000,-3.000000,-3.000000,-3.000000
1.392317,-3.000000,-3.000000,-3.000000,-3.000000,-3.000000,-3.000000,-3.000000,-3.000000,3.918863,-3.000000,-3.000000,-3.000000,-3.000000,-3.000000,-3.000000,-3.000000,-3.000000,-3.000000,-3.000000
-3.000000,-3.000000,-3.000000,-3.000000,-3.000000,-3.000000,-3.000000,1.392317,-3.000000,-3.000000,-3.000000,-3.000000,-3.000000,-3.000000,-3.000000,-3.000000,-3.000000,3.918863,-3.000000,-3.000000
-3.000000,-3.000000,-3.000000,-3.000000,-3.000000,-3.000000,-3.000000,-3.000000,1.392317,-3.000000,-3.000000,-3.000000,-3.000000,3.918863,-3.000000,-3.000000,-3.000000,-3.000000,-3.000000,-3.000000
-3.000000,-3.000000,-3.000000,-3.000000,-3.000000,-3.000000,-3.000000,-3.000000,-3.000000,-3.000000,-3.000000,-3.000000,4.139551,-3.000000,-3.000000,-3.000000,-3.000000,-3.000000,-3.000000,-3.000000
-3.000000,-3.000000,-3.000000,-3.000000,-3.000000,-3.000000,-3.000000,4.139551,-3.000000,-3.000000,-3.000000,-3.000000,-3.000000,-3.000000,-3.000000,-3.000000,-3.000000,-3.000000,-3.000000,-3.000000
-3.000000,-3.000000,-3.000000,-3.000000,-3.000000,-3.000000,1.392317,-3.000000,2.930737,-3.000000,-3.000000,2.357552,1.392317,-3.000000,-3.000000,-3.000000,-3.000000,-3.000000,-3.000000,-3.000000
-3.000000,-3.000000,-3.000000,-3.000000,-3.000000,-3.000000,-3.000000,-3.000000,-3.000000,4.139551,-3.000000,-3.000000,-3.000000,-3.000000,-3.000000,-3.000000,-3.000000,-3.000000,-3.000000,-3.000000
2.357552,-3.000000,-3.000000,-3.000000,-3.000000,-3.000000,-3.000000,-3.000000,-3.000000,-3.000000,-3.000000,-3.000000,-3.000000,-3.000000,-3.000000,2.930737,2.357552,-3.000000,-3.000000,-3.000000
1.392317,-3.000000,-3.000000,-3.000000,-3.000000,-3.000000,-3.000000,-3.000000,-3.000000,-3.000000,-3.000000,-3.000000,-3.000000,1.392317,-3.000000,-3.000000,3.658211,-3.000000,-3.000000,-3.000000
-3.000000,-3.000000,-3.000000,1.392317,-3.000000,-3.000000,-3.000000,1.392317,-3.000000,-3.000000,-3.000000,2.930737,-3.000000,-3.000000,-3.000000,2.357552,-3.000000,-3.000000,-3.000000,-3.000000
-3.000000,-3.000000,4.139551,-3.000000,-3.000000,-3.000000,-3.000000,-3.000000,-3.000000,-3.000000,-3.000000,-3.000000,-3.000000,-3.000000,-3.000000,-3.000000,-3.000000,-3.000000,-3.000000,-3.000000
-3.000000,-3.000000,-3.000000,3.339850,-3.000000,-3.000000,-3.000000,1.392317,1.392317,-3.000000,-3.000000,1.392317,-3.000000,-3.000000,-3.000000,-3.000000,-3.000000,-3.000000,-3.000000,-3.000000
1.392317,-3.000000,3.339850,-3.000000,-3.000000,2.357552,-3.000000,-3.000000,-3.000000,-3.000000,-3.000000,-3.000000,-3.000000,-3.000000,-3.000000,-3.000000,-3.000000,-3.000000,-3.000000,-3.000000
-3.000000,-3.000000,-3.000000,-3.000000,2.357552,-3.000000,-3.000000,-3.000000,-3.000000,3.339850,-3.000000,-3.000000,-3.000000,-3.000000,-3.000000,-3.000000,-3.000000,1.392317,-3.000000,-3.000000
-3.000000,-3.000000,2.357552,3.339850,-3.000000,-3.000000,-3.000000,-3.000000,-3.000000,-3.000000,-3.000000,-3.000000,-3.000000,-3.000000,-3.000000,-3.000000,1.392317,-3.000000,-3.000000,-3.000000
-3.000000,-3.000000,1.392317,-3.000000,-3.000000,1.392317,-3.000000,-3.000000,-3.000000,-3.000000,-3.000000,2.930737,-3.000000,-3.000000,-3.000000,2.357552,-3.000000,-3.000000,-3.000000,-3.000000
-3.000000,-3.000000,-3.000000,-3.000000,-3.000000,-3.000000,-3.000000,-3.000000,2.930737,1.392317,-3.000000,2.930737,-3.000000,-3.000000,-3.000000,-3.000000,-3.000000,-3.000000,-3.000000,-3.000000
-3.000000,-3.000000,-3.000000,-3.000000,-3.000000,-3.000000,-3.000000,-3.000000,-3.000000,-3.000000,-3.000000,-3.000000,4.139551,-3.000000,-3.000000,-3.000000,-3.000000,-3.000000,-3.000000,-3.000000
-3.000000,4.139551,-3.000000,-3.000000,-3.000000,-3.000000,-3.000000,-3.000000,-3.000000,-3.000000,-3.000000,-3.000000,-3.000000,-3.000000,-3.000000,-3.000000,-3.000000,-3.000000,-3.000000,-3.000000
-3.000000,-3.000000,-3.000000,-3.000000,-3.000000,-3.000000,-3.000000,1.392317,-3.000000,-3.000000,-3.000000,-3.000000,-3.000000,-3.000000,-3.000000,-3.000000,3.658211,1.392317,-3.000000,-3.000000
-3.000000,-3.000000,-3.000000,-3.000000,-3.000000,-3.000000,-3.000000,1.392317,-3.000000,3.918863,-3.000000,-3.000000,-3.000000,-3.000000,-3.000000,-3.000000,-3.000000,-3.000000,-3.000000,-3.000000
-3.000000,-3.000000,-3.000000,-3.000000,-3.000000,-3.000000,-3.000000,2.357552,-3.000000,-3.000000,-3.000000,-3.000000,-3.000000,-3.000000,-3.000000,1.392317,3.339850,-3.000000,-3.000000,-3.000000
-3.000000,-3.000000,-3.000000,-3.000000,-3.000000,4.139551,-3.000000,-3.000000,-3.000000,-3.000000,-3.000000,-3.000000,-3.000000,-3.000000,-3.000000,-3.000000,-3.000000,-3.000000,-3.000000,-3.000000
-3.000000,-3.000000,-3.000000,-3.000000,-3.000000,-3.000000,-3.000000,-3.000000,-3.000000,-3.000000,-3.000000,-3.000000,-3.000000,-3.000000,-3.000000,-3.000000,-3.000000,-3.000000,4.139551,-3.000000
-3.000000,-3.000000,-3.000000,-3.000000,-3.000000,4.139551,-3.000000,-3.000000,-3.000000,-3.000000,-3.000000,-3.000000,-3.000000,-3.000000,-3.000000,-3.000000,-3.000000,-3.000000,-3.000000,-3.000000
1.392317,-3.000000,-3.000000,-3.000000,-3.000000,-3.000000,-3.000000,-3.000000,-3.000000,-3.000000,-3.000000,-3.000000,-3.000000,-3.000000,1.392317,2.357552,2.930737,-3.000000,-3.000000,-3.000000
-3.000000,-3.000000,-3.000000,-3.000000,-3.000000,-3.000000,-3.000000,-3.000000,-3.000000,-3.000000,-3.000000,-3.000000,-3.000000,-3.000000,-3.000000,-3.000000,4.139551,-3.000000,-3.000000,-3.000000
-3.000000,-3.000000,-3.000000,-3.000000,-3.000000,-3.000000,-3.000000,-3.000000,-3.000000,-3.000000,-3.000000,-3.000000,-3.000000,1.392317,2.930737,2.930737,-3.000000,-3.000000,-3.000000,-3.000000
1.392317,-3.000000,-3.000000,-3.000000,-3.000000,-3.000000,-3.000000,-3.000000,-3.000000,3.339850,-3.000000,-3.000000,-3.000000,-3.000000,-3.000000,-3.000000,-3.000000,2.357552,-3.000000,-3.000000
-3.000000,-3.000000,-3.000000,2.357552,-3.000000,3.339850,-3.000000,-3.000000,-3.000000,-3.000000,-3.000000,1.392317,-3.000000,-3.000000,-3.000000,-3.000000,-3.000000,-3.000000,-3.000000,-3.000000
-3.000000,-3.000000,-3.000000,-3.000000,-3.000000,4.139551,-3.000000,-3.000000,-3.000000,-3.000000,-3.000000,-3.000000,-3.000000,-3.000000,-3.000000,-3.000000,-3.000000,-3.000000,-3.000000,-3.000000
-3.000000,-3.000000,-3.000000,-3.000000,-3.000000,-3.000000,-3.000000,-3.000000,1.392317,-3.000000,-3.000000,2.930737,-3.000000,-3.000000,-3.000000,2.930737,-3.000000,-3.000000,-3.000000,-3.000000
-3.000000,-3.000000,-3.000000,-3.000000,-3.000000,-3.000000,-3.000000,1.392317,-3.000000,-3.000000,-3.000000,-3.000000,2.357552,-3.000000,-3.000000,-3.000000,3.339850,-3.000000,-3.000000,-3.000000
-3.000000,-3.000000,-3.000000,-3.000000,-3.000000,-3.000000,-3.000000,-3.000000,-3.000000,-3.000000,-3.000000,-3.000000,3.339850,-3.000000,-3.000000,2.357552,1.392317,-3.000000,-3.000000,-3.000000
-3.000000,-3.000000,-3.000000,-3.000000,-3.000000,-3.000000,-3.000000,-3.000000,-3.000000,-3.000000,-3.000000,4.139551,-3.000000,-3.000000,-3.000000,-3.000000,-3.000000,-3.000000,-3.000000,-3.000000
3.339850,-3.000000,-3.000000,-3.000000,-3.000000,-3.000000,-3.000000,-3.000000,-3.000000,-3.000000,-3.000000,-3.000000,-3.000000,-3.000000,-3.000000,2.357552,1.392317,-3.000000,-3.000000,-3.000000
-3.000000,-3.000000,-3.000000,-3.000000,-3.000000,-3.000000,-3.000000,-3.000000,-3.000000,4.139551,-3.000000,-3.000000,-3.000000,-3.000000,-3.000000,-3.000000,-3.000000,-3.000000,-3.000000,-3.000000
-3.000000,-3.000000,-3.000000,-3.000000,-3.000000,-3.000000,-3.000000,-3.000000,-3.000000,-3.000000,-3.000000,-3.000000,-3.000000,4.139551,-3.000000,-3.000000,-3.000000,-3.000000,-3.000000,-3.000000
-3.000000,-3.000000,-3.000000,3.658211,-3.000000,-3.000000,-3.000000,-3.000000,2.357552,-3.000000,-3.000000,-3.000000,-3.000000,-3.000000,-3.000000,-3.000000,-3.000000,-3.000000,-3.000000,-3.000000
-3.000000,-3.000000,-3.000000,-3.000000,-3.000000,-3.000000,-3.000000,4.139551,-3.000000,-3.000000,-3.000000,-3.000000,-3.000000,-3.000000,-3.000000,-3.000000,-3.000000,-3.000000,-3.000000,-3.000000
-3.000000,-3.000000,-3.000000,3.339850,-3.000000,-3.000000,-3.000000,-3.000000,2.357552,-3.000000,-3.000000,1.392317,-3.000000,-3.000000,-3.000000,-3.000000,-3.000000,-3.000000,-3.000000,-3.000000
-3.000000,-3.000000,-3.000000,-3.000000,-3.000000,-3.000000,-3.000000,-3.000000,-3.000000,4.139551,-3.000000,-3.000000,-3.000000,-3.000000,-3.000000,-3.000000,-3.000000,-3.000000,-3.000000,-3.000000
-3.000000,-3.000000,-3.000000,-3.000000,-3.000000,-3.000000,-3.000000,3.339850,1.392317,-3.000000,-3.000000,-3.000000,-3.000000,-3.000000,1.392317,-3.000000,-3.000000,1.392317,-3.000000,-3.000000
-3.000000,-3.000000,-3.000000,-3.000000,-3.000000,-3.000000,-3.000000,-3.000000,-3.000000,-3.000000,-3.000000,-3.000000,-3.000000,-3.000000,-3.000000,-3.000000,-3.000000,4.139551,-3.000000,-3.000000
-3.000000,-3.000000,-3.000000,-3.000000,-3.000000,-3.000000,2.357552,-3.000000,-3.000000,-3.000000,-3.000000,-3.000000,-3.000000,-3.000000,-3.000000,-3.000000,-3.000000,-3.000000,-3.000000,3.658211
-3.000000,-3.000000,-3.000000,-3.000000,-3.000000,-3.000000,-3.000000,-3.000000,-3.000000,-3.000000,-3.000000,-3.000000,3.918863,-3.000000,-3.000000,1.392317,-3.000000,-3.000000,-3.000000,-3.000000
-3.000000,-3.000000,-3.000000,-3.000000,-3.000000,-3.000000,-3.000000,-3.000000,-3.000000,-3.000000,-3.000000,-3.000000,-3.000000,3.918863,-3.000000,1.392317,-3.000000,-3.000000,-3.000000,-3.000000
-3.000000,-3.000000,-3.000000,3.339850,-3.000000,-3.000000,-3.000000,-3.000000,2.930737,-3.000000,-3.000000,-3.000000,-3.000000,-3.000000,-3.000000,-3.000000,-3.000000,-3.000000,-3.000000,-3.000000
-3.000000,-3.000000,2.357552,-3.000000,-3.000000,-3.000000,-3.000000,-3.000000,2.930737,-3.000000,-3.000000,-3.000000,-3.000000,2.357552,-3.000000,-3.000000,-3.000000,-3.000000,-3.000000,-3.000000
-3.000000,4.139551,-3.000000,-3.000000,-3.000000,-3.000000,-3.000000,-3.000000,-3.000000,-3.000000,-3.000000,-3.000000,-3.000000,-3.000000,-3.000000,-3.000000,-3.000000,-3.000000,-3.000000,-3.000000
-3.000000,-3.000000,-3.000000,2.357552,-3.000000,-3.000000,-3.000000,-3.000000,2.357552,-3.000000,-3.000000,-3.000000,-3.000000,2.930737,-3.000000,-3.000000,-3.000000,-3.000000,-3.000000,-3.000000
2.357552,-3.000000,-3.000000,-3.000000,-3.000000,-3.000000,-3.000000,-3.000000,1.392317,-3.000000,-3.000000,-3.000000,-3.000000,-3.000000,3.339850,-3.000000,-3.000000,-3.000000,-3.000000,-3.000000
2.357552,-3.000000,2.357552,1.392317,-3.000000,-3.000000,-3.000000,-3.000000,-3.000000,1.392317,-3.000000,-3.000000,-3.000000,1.392317,-3.000000,-3.000000,-3.000000,-3.000000,-3.000000,-3.000000
1.392317,-3.000000,-3.000000,-3.000000,-3.000000,-3.000000,1.392317,-3.000000,-3.000000,-3.000000,-3.000000,-3.000000,-3.000000,3.658211,-3.000000,-3.000000,-3.000000,-3.000000,-3.000000,-3.000000
-3.000000,-3.000000,-3.000000,-3.000000,-3.000000,-3.000000,-3.000000,-3.000000,-3.000000,-3.000000,-3.000000,-3.000000,2.357552,-3.000000,-3.000000,-3.000000,-3.000000,-3.000000,3.658211,-3.000000
-3.000000,-3.000000,-3.000000,-3.000000,-3.000000,-3.000000,-3.000000,-3.000000,2.357552,-3.000000,-3.000000,-3.000000,-3.000000,1.392317,3.339850,-3.000000,-3.000000,-3.000000,-3.000000,-3.000000
-3.000000,-3.000000,-3.000000,-3.000000,-3.000000,-3.000000,-3.000000,1.392317,-3.000000,-3.000000,1.392317,-3.000000,-3.000000,-3.000000,-3.000000,-3.000000,-3.000000,3.658211,-3.000000,-3.000000
1.392317,-3.000000,-3.000000,-3.000000,-3.000000,-3.000000,-3.000000,2.930737,-3.000000,-3.000000,-3.000000,-3.000000,-3.000000,-3.000000,2.357552,-3.000000,1.392317,-3.000000,-3.000000,-3.000000
-3.000000,-3.000000,3.918863,-3.000000,-3.000000,-3.000000,-3.000000,-3.000000,-3.000000,-3.000000,-3.000000,1.392317,-3.000000,-3.000000,-3.000000,-3.000000,-3.000000,-3.000000,-3.000000,-3.000000
-3.000000,-3.000000,-3.000000,-3.000000,-3.000000,-3.000000,-3.000000,-3.000000,-3.000000,-3.000000,-3.000000,1.392317,-3.000000,-3.000000,-3.000000,3.918863,-3.000000,-3.000000,-3.000000,-3.000000
-3.000000,-3.000000,-3.000000,-3.000000,-3.000000,-3.000000,3.918863,-3.000000,-3.000000,-3.000000,-3.000000,1.392317,-3.000000,-3.000000,-3.000000,-3.000000,-3.000000,-3.000000,-3.000000,-3.000000
-3.000000,-3.000000,-3.000000,-3.000000,-3.000000,-3.000000,-3.000000,4.139551,-3.000000,-3.000000,-3.000000,-3.000000,-3.000000,-3.000000,-3.000000,-3.000000,-3.000000,-3.000000,-3.000000,-3.000000
-3.000000,4.139551,-3.000000,-3.000000,-3.000000,-3.000000,-3.000000,-3.000000,-3.000000,-3.000000,-3.000000,-3.000000,-3.000000,-3.000000,-3.000000,-3.000000,-3.000000,-3.000000,-3.000000,-3.000000
-3.000000,-3.000000,-3.000000,-3.000000,-3.000000,-3.000000,-3.000000,-3.000000,-3.000000,-3.000000,-3.000000,-3.000000,-3.000000,-3.000000,-3.000000,-3.000000,4.139551,-3.000000,-3.000000,-3.000000
-3.000000,-3.000000,-3.000000,-3.000000,-3.000000,-3.000000,-3.000000,-3.000000,-3.000000,4.139551,-3.000000,-3.000000,-3.000000,-3.000000,-3.000000,-3.000000,-3.000000,-3.000000,-3.000000,-3.000000
-3.000000,-3.000000,-3.000000,-3.000000,-3.000000,-3.000000,-3.000000,-3.000000,-3.000000,-3.000000,-3.000000,-3.000000,-3.000000,-3.000000,-3.000000,-3.000000,4.139551,-3.000000,-3.000000,-3.000000
-3.000000,-3.000000,-3.000000,-3.000000,-3.000000,-3.000000,-3.000000,1.392317,2.930737,-3.000000,-3.000000,-3.000000,-3.000000,-3.000000,1.392317,-3.000000,2.357552,-3.000000,-3.000000,-3.000000
-3.000000,-3.000000,-3.000000,2.930737,-3.000000,-3.000000,-3.000000,-3.000000,-3.000000,-3.000000,-3.000000,-3.000000,-3.000000,-3.000000,3.339850,-3.000000,-3.000000,-3.000000,-3.000000,-3.000000
-3.000000,-3.000000,-3.000000,-3.000000,-3.000000,4.139551,-3.000000,-3.000000,-3.000000,-3.000000,-3.000000,-3.000000,-3.000000,-3.000000,-3.000000,-3.000000,-3.000000,-3.000000,-3.000000,-3.000000
-3.000000,-3.000000,-3.000000,4.139551,-3.000000,-3.000000,-3.000000,-3.000000,-3.000000,-3.000000,-3.000000,-3.000000,-3.000000,-3.000000,-3.000000,-3.000000,-3.000000,-3.000000,-3.000000,-3.000000
-3.000000,-3.000000,-3.000000,-3.000000,-3.000000,4.139551,-3.000000,-3.000000,-3.000000,-3.000000,-3.000000,-3.000000,-3.000000,-3.000000,-3.000000,-3.000000,-3.000000,-3.000000,-3.000000,-3.000000
3.918863,-3.000000,-3.000000,-3.000000,-3.000000,-3.000000,-3.000000,-3.000000,-3.000000,-3.000000,-3.000000,-3.000000,-3.000000,-3.000000,-3.000000,-3.000000,-3.000000,1.392317,-3.000000,-3.000000
-3.000000,4.139551,-3.000000,-3.000000,-3.000000,-3.000000,-3.000000,-3.000000,-3.000000,-3.000000,-3.000000,-3.000000,-3.000000,-3.000000,-3.000000,-3.000000,-3.000000,-3.000000,-3.000000,-3.000000
-3.000000,-3.000000,-3.000000,-3.000000,-3.000000,-3.000000,3.339850,-3.000000,-3.000000,-3.000000,-3.000000,-3.000000,-3.000000,-3.000000,-3.000000,-3.000000,-3.000000,-3.000000,-3.000000,2.930737
-3.000000,-3.000000,-3.000000,-3.000000,-3.000000,4.139551,-3.000000,-3.000000,-3.000000,-3.000000,-3.000000,-3.000000,-3.000000,-3.000000,-3.000000,-3.000000,-3.000000,-3.000000,-3.000000,-3.000000
-3.000000,-3.000000,4.139551,-3.000000,-3.000000,-3.000000,-3.000000,-3.000000,-3.000000,-3.000000,-3.000000,-3.000000,-3.000000,-3.000000,-3.000000,-3.000000,-3.000000,-3.000000,-3.000000,-3.000000
-3.000000,-3.000000,-3.000000,-3.000000,-3.000000,-3.000000,-3.000000,1.392317,-3.000000,-3.000000,-3.000000,-3.000000,-3.000000,-3.000000,-3.000000,3.918863,-3.000000,-3.000000,-3.000000,-3.000000
-3.000000,-3.000000,-3.000000,-3.000000,-3.000000,4.139551,-3.000000,-3.000000,-3.000000,-3.000000,-3.000000,-3.000000,-3.000000,-3.000000,-3.000000,-3.000000,-3.000000,-3.000000,-3.000000,-3.000000
-3.000000,-3.000000,-3.000000,-3.000000,-3.000000,3.918863,-3.000000,-3.000000,-3.000000,-3.000000,-3.000000,-3.000000,-3.000000,-3.000000,-3.000000,1.392317,-3.000000,-3.000000,-3.000000,-3.000000
1.392317,-3.000000,-3.000000,-3.000000,-3.000000,-3.000000,-3.000000,-3.000000,-3.000000,-3.000000,-3.000000,-3.000000,3.918863,-3.000000,-3.000000,-3.000000,-3.000000,-3.000000,-3.000000,-3.000000
-3.000000,-3.000000,-3.000000,-3.000000,-3.000000,-3.000000,-3.000000,-3.000000,-3.000000,4.139551,-3.000000,-3.000000,-3.000000,-3.000000,-3.000000,-3.000000,-3.000000,-3.000000,-3.000000,-3.000000
-3.000000,-3.000000,-3.000000,-3.000000,-3.000000,-3.000000,-3.000000,-3.000000,-3.000000,1.392317,-3.000000,-3.000000,-3.000000,-3.000000,-3.000000,-3.000000,-3.000000,3.918863,-3.000000,-3.000000
4.139551,-3.000000,-3.000000,-3.000000,-3.000000,-3.000000,-3.000000,-3.000000,-3.000000,-3.000000,-3.000000,-3.000000,-3.000000,-3.000000,-3.000000,-3.000000,-3.000000,-3.000000,-3.000000,-3.000000
-3.000000,-3.000000,-3.000000,-3.000000,-3.000000,-3.000000,-3.000000,-3.000000,-3.000000,-3.000000,-3.000000,4.139551,-3.000000,-3.000000,-3.000000,-3.000000,-3.000000,-3.000000,-3.000000,-3.000000
-3.000000,-3.000000,-3.000000,-3.000000,-3.000000,3.658211,-3.000000,-3.000000,2.357552,-3.000000,-3.000000,-3.000000,-3.000000,-3.000000,-3.000000,-3.000000,-3.000000,-3.000000,-3.000000,-3.000000
2.930737,-3.000000,-3.000000,-3.000000,-3.000000,-3.000000,-3.000000,-3.000000,-3.000000,-3.000000,-3.000000,-3.000000,-3.000000,-3.000000,-3.000000,2.357552,1.392317,1.392317,-3.000000,-3.000000
-3.000000,-3.000000,-3.000000,-3.000000,-3.000000,-3.000000,-3.000000,-3.000000,-3.000000,-3.000000,-3.000000,-3.000000,-3.000000,4.139551,-3.000000,-3.000000,-3.000000,-3.000000,-3.000000,-3.000000
-3.000000,-3.000000,-3.000000,-3.000000,-3.000000,-3.000000,-3.000000,4.139551,-3.000000,-3.000000,-3.000000,-3.000000,-3.000000,-3.000000,-3.000000,-3.000000,-3.000000,-3.000000,-3.000000,-3.000000
-3.000000,-3.000000,-3.000000,-3.000000,-3.000000,4.139551,-3.000000,-3.000000,-3.000000,-3.000000,-3.000000,-3.000000,-3.000000,-3.000000,-3.000000,-3.000000,-3.000000,-3.000000,-3.000000,-3.000000
-3.000000,-3.000000,-3.000000,-3.000000,-3.000000,-3.000000,-3.000000,4.139551,-3.000000,-3.000000,-3.000000,-3.000000,-3.000000,-3.000000,-3.000000,-3.000000,-3.000000,-3.000000,-3.000000,-3.000000
1.392317,-3.000000,-3.000000,-3.000000,-3.000000,-3.000000,-3.000000,-3.000000,-3.000000,-3.000000,-3.000000,-3.000000,-3.000000,-3.000000,-3.000000,-3.000000,-3.000000,3.918863,-3.000000,-3.000000
-3.000000,-3.000000,-3.000000,-3.000000,-3.000000,-3.000000,-3.000000,-3.000000,-3.000000,-3.000000,-3.000000,-3.000000,-3.000000,-3.000000,-3.000000,4.139551,-3.000000,-3.000000,-3.000000,-3.000000
-3.000000,-3.000000,-3.000000,-3.000000,4.139551,-3.000000,-3.000000,-3.000000,-3.000000,-3.000000,-3.000000,-3.000000,-3.000000,-3.000000,-3.000000,-3.000000,-3.000000,-3.000000,-3.000000,-3.000000
-3.000000,-3.000000,-3.000000,-3.000000,-3.000000,3.658211,-3.000000,-3.000000,-3.000000,-3.000000,1.392317,-3.000000,-3.000000,-3.000000,-3.000000,-3.000000,-3.000000,1.392317,-3.000000,-3.000000
-3.000000,-3.000000,-3.000000,-3.000000,1.392317,-3.000000,-3.000000,-3.000000,-3.000000,-3.000000,-3.000000,2.357552,-3.000000,-3.000000,-3.000000,2.357552,2.357552,-3.000000,-3.000000,-3.000000
-3.000000,-3.000000,-3.000000,-3.000000,-3.000000,-3.000000,-3.000000,-3.000000,-3.000000,-3.000000,-3.000000,-3.000000,4.139551,-3.000000,-3.000000,-3.000000,-3.000000,-3.000000,-3.000000,-3.000000
-3.000000,4.139551,-3.000000,-3.000000,-3.000000,-3.000000,-3.000000,-3.000000,-3.000000,-3.000000,-3.000000,-3.000000,-3.000000,-3.000000,-3.000000,-3.000000,-3.000000,-3.000000,-3.000000,-3.000000
3.918863,-3.000000,-3.000000,-3.000000,-3.000000,1.392317,-3.000000,-3.000000,-3.000000,-3.000000,-3.000000,-3.000000,-3.000000,-3.000000,-3.000000,-3.000000,-3.000000,-3.000000,-3.000000,-3.000000
-3.000000,-3.000000,-3.000000,-3.000000,2.357552,-3.000000,-3.000000,-3.000000,-3.000000,3.339850,-3.000000,-3.000000,-3.000000,-3.000000,-3.000000,-3.000000,-3.000000,1.392317,-3.000000,-3.000000
-3.000000,-3.000000,-3.000000,-3.000000,-3.000000,4.139551,-3.000000,-3.000000,-3.000000,-3.000000,-3.000000,-3.000000,-3.000000,-3.000000,-3.000000,-3.000000,-3.000000,-3.000000,-3.000000,-3.000000
-3.000000,-3.000000,-3.000000,2.357552,-3.000000,-3.000000,-3.000000,-3.000000,1.392317,-3.000000,-3.000000,-3.000000,-3.000000,-3.000000,-3.000000,1.392317,-3.000000,-3.000000,-3.000000,2.930737
-3.000000,-3.000000,-3.000000,-3.000000,-3.000000,-3.000000,-3.000000,-3.000000,-3.000000,-3.000000,-3.000000,-3.000000,4.139551,-3.000000,-3.000000,-3.000000,-3.000000,-3.000000,-3.000000,-3.000000
-3.000000,-3.000000,4.139551,-3.000000,-3.000000,-3.000000,-3.000000,-3.000000,-3.000000,-3.000000,-3.000000,-3.000000,-3.000000,-3.000000,-3.000000,-3.000000,-3.000000,-3.000000,-3.000000,-3.000000
-3.000000,-3.000000,-3.000000,-3.000000,-3.000000,-3.000000,-3.000000,2.357552,-3.000000,-3.000000,1.392317,-3.000000,-3.000000,-3.000000,-3.000000,-3.000000,-3.000000,3.339850,-3.000000,-3.000000
-3.000000,-3.000000,-3.000000,-3.000000,-3.000000,-3.000000,-3.000000,-3.000000,-3.000000,-3.000000,-3.000000,-3.000000,-3.000000,-3.000000,-3.000000,-3.000000,-3.000000,-3.000000,-3.000000,4.139551
-3.000000,-3.000000,-3.000000,-3.000000,-3.000000,-3.000000,-3.000000,-3.000000,-3.000000,-3.000000,-3.000000,-3.000000,-3.000000,-3.000000,-3.000000,-3.000000,4.139551,-3.000000,-3.000000,-3.000000
-3.000000,-3.000000,-3.000000,-3.000000,-3.000000,-3.000000,-3.000000,-3.000000,1.392317,-3.000000,-3.000000,-3.000000,-3.000000,-3.000000,3.918863,-3.000000,-3.000000,-3.000000,-3.000000,-3.000000
-3.000000,-3.000000,-3.000000,-3.000000,-3.000000,-3.000000,-3.000000,-3.000000,-3.000000,-3.000000,-3.000000,-3.000000,-3.000000,-3.000000,-3.000000,-3.000000,-3.000000,4.139551,-3.000000,-3.000000
-3.000000,-3.000000,-3.000000,-3.000000,-3.000000,-3.000000,-3.000000,-3.000000,-3.000000,-3.000000,-3.000000,-3.000000,-3.000000,-3.000000,-3.000000,3.918863,1.392317,-3.000000,-3.000000,-3.000000
-3.000000,-3.000000,-3.000000,-3.000000,-3.000000,-3.000000,-3.000000,-3.000000,-3.000000,-3.000000,-3.000000,-3.000000,-3.000000,-3.000000,-3.000000,4.139551,-3.000000,-3.000000,-3.000000,-3.000000
-3.000000,-3.000000,-3.000000,-3.000000,3.918863,-3.000000,-3.000000,-3.000000,-3.000000,-3.000000,-3.000000,-3.000000,-3.000000,-3.000000,-3.000000,-3.000000,-3.000000,-3.000000,-3.000000,1.392317
-3.000000,-3.000000,-3.000000,-3.000000,-3.000000,-3.000000,-3.000000,1.392317,-3.000000,-3.000000,-3.000000,-3.000000,-3.000000,-3.000000,1.392317,-3.000000,-3.000000,3.658211,-3.000000,-3.000000
-3.000000,-3.000000,-3.000000,-3.000000,-3.000000,-3.000000,-3.000000,-3.000000,-3.000000,-3.000000,-3.000000,1.392317,2.357552,-3.000000,-3.000000,3.339850,-3.000000,-3.000000,-3.000000,-3.000000
-3.000000,-3.000000,-3.000000,-3.000000,-3.000000,-3.000000,-3.000000,-3.000000,-3.000000,-3.000000,-3.000000,-3.000000,-3.000000,-3.000000,-3.000000,-3.000000,-3.000000,-3.000000,4.139551,-3.000000
-3.000000,-3.000000,-3.000000,-3.000000,-3.000000,-3.000000,-3.000000,4.139551,-3.000000,-3.000000,-3.000000,-3.000000,-3.000000,-3.000000,-3.000000,-3.000000,-3.000000,-3.000000,-3.000000,-3.000000
-3.000000,-3.000000,-3.000000,-3.000000,-3.000000,-3.000000,-3.000000,-3.000000,-3.000000,-3.000000,-3.000000,4.139551,-3.000000,-3.000000,-3.000000,-3.000000,-3.000000,-3.000000,-3.000000,-3.000000
3.918863,-3.000000,-3.000000,1.392317,-3.000000,-3.000000,-3.000000,-3.000000,-3.000000,-3.000000,-3.000000,-3.000000,-3.000000,-3.000000,-3.000000,-3.000000,-3.000000,-3.000000,-3.000000,-3.000000
-3.000000,-3.000000,-3.000000,-3.000000,-3.000000,-3.000000,2.930737,-3.000000,-3.000000,-3.000000,-3.000000,3.339850,-3.000000,-3.000000,-3.000000,-3.000000,-3.000000,-3.000000,-3.000000,-3.000000
-3.000000,-3.000000,-3.000000,-3.000000,-3.000000,-3.000000,-3.000000,-3.000000,-3.000000,3.918863,1.392317,-3.000000,-3.000000,-3.000000,-3.000000,-3.000000,-3.000000,-3.000000,-3.000000,-3.000000
-3.000000,-3.000000,-3.000000,-3.000000,-3.000000,-3.000000,-3.000000,-3.000000,3.918863,-3.000000,-3.000000,-3.000000,-3.000000,-3.000000,-3.000000,-3.000000,-3.000000,-3.000000,-3.000000,1.392317
-3.000000,-3.000000,-3.000000,-3.000000,-3.000000,-3.000000,-3.000000,-3.000000,3.918863,-3.000000,-3.000000,-3.000000,-3.000000,1.392317,-3.000000,-3.000000,-3.000000,-3.000000,-3.000000,-3.000000
