-5.672425,-5.672425,-5.672425,-5.672425,-5.672425,-5.672425,-5.672425,-5.672425,-5.672425,4.294801,-5.672425,-5.672425,-5.672425,-5.672425,-5.672425,-5.672425,-5.672425,-5.672425,-5.672425,-5.672425
-5.672425,-5.672425,-5.672425,-5.672425,-5.672425,-5.672425,-5.672425,-5.672425,-5.672425,-5.672425,-5.672425,-5.672425,-5.672425,-5.672425,-5.672425,4.294801,-5.672425,-5.672425,-5.672425,-5.672425
4.294801,-5.672425,-5.672425,-5.672425,-5.672425,-5.672425,-5.672425,-5.672425,-5.672425,-5.672425,-5.672425,-5.672425,-5.672425,-5.672425,-5.672425,-5.672425,-5.672425,-5.672425,-5.672425,-5.672425
-5.672425,-5.672425,-5.672425,4.294801,-5.672425,-5.672425,-5.672425,-5.672425,-5.672425,-5.672425,-5.672425,-5.672425,-5.672425,-5.672425,-5.672425,-5.672425,-5.672425,-5.672425,-5.672425,-5.672425
-5.672425,-5.672425,4.294801,-5.672425,-5.672425,-5.672425,-5.672425,-5.672425,-5.672425,-5.672425,-5.672425,-5.672425,-5.672425,-5.672425,-5.672425,-5.672425,-5.672425,-5.672425,-5.672425,-5.672425
-5.672425,-5.672425,-5.672425,-5.672425,-5.672425,-5.672425,-5.672425,-5.672425,4.294801,-5.672425,-5.672425,-5.672425,-5.672425,-5.672425,-5.672425,-5.672425,-5.672425,-5.672425,-5.672425,-5.672425
-5.672425,-5.672425,-5.672425,-5.672425,-5.672425,-5.672425,-5.672425,-5.672425,4.294801,-5.672425,-5.672425,-5.672425,-5.672425,-5.672425,-5.672425,-5.672425,-5.672425,-5.672425,-5.672425,-5.672425
-5.672425,-5.672425,-5.672425,-5.672425,4.294801,-5.672425,-5.672425,-5.672425,-5.672425,-5.672425,-5.672425,-5.672425,-5.672425,-5.672425,-5.672425,-5.672425,-5.672425,-5.672425,-5.672425,-5.672425
-5.672425,-5.672425,-5.672425,-5.672425,-5.672425,-5.672425,-5.672425,-5.672425,-5.672425,4.294801,-5.672425,-5.672425,-5.672425,-5.672425,-5.672425,-5.672425,-5.672425,-5.672425,-5.672425,-5.672425
-5.672425,-5.672425,-5.672425,4.294801,-5.672425,-5.672425,-5.672425,-5.672425,-5.672425,-5.672425,-5.672425,-5.672425,-5.672425,-5.672425,-5.672425,-5.672425,-5.672425,-5.672425,-5.672425,-5.672425
-5.672425,-5.672425,-5.672425,-5.672425,-5.672425,-5.672425,-5.672425,-5.672425,-5.672425,-5.672425,-5.672425,-5.672425,-5.672425,-5.672425,-5.672425,-5.672425,-5.672425,4.294801,-5.672425,-5.672425
-5.672425,-5.672425,-5.672425,4.294801,-5.672425,-5.672425,-5.672425,-5.672425,-5.672425,-5.672425,-5.672425,-5.672425,-5.672425,-5.672425,-5.672425,-5.672425,-5.672425,-5.672425,-5.672425,-5.672425
-5.672425,-5.672425,-5.672425,-5.672425,-5.672425,-5.672425,-5.672425,-5.672425,-5.672425,-5.672425,-5.672425,-5.672425,-5.672425,-5.672425,4.294801,-5.672425,-5.672425,-5.672425,-5.672425,-5.672425
4.294801,-5.672425,-5.672425,-5.672425,-5.672425,-5.672425,-5.672425,-5.672425,-5.672425,-5.672425,-5.672425,-5.672425,-5.672425,-5.672425,-5.672425,-5.672425,-5.672425,-5.672425,-5.672425,-5.672425
-5.672425,-5.672425,-5.672425,-5.672425,-5.672425,-5.672425,-5.672425,-5.672425,-5.672425,4.294801,-5.672425,-5.672425,-5.672425,-5.672425,-5.672425,-5.672425,-5.672425,-5.672425,-5.672425,-5.672425
-5.672425,-5.672425,-5.672425,-5.672425,-5.672425,-5.672425,-5.672425,-5.672425,4.294801,-5.672425,-5.672425,-5.672425,-5.672425,-5.672425,-5.672425,-5.672425,-5.672425,-5.672425,-5.672425,-5.672425
-5.672425,-5.672425,-5.672425,4.294801,-5.672425,-5.672425,-5.672425,-5.672425,-5.672425,-5.672425,-5.672425,-5.672425,-5.672425,-5.672425,-5.672425,-5.672425,-5.672425,-5.672425,-5.672425,-5.672425
4.294801,-5.672425,-5.672425,-5.672425,-5.672425,-5.672425,-5.672425,-5.672425,-5.672425,-5.672425,-5.672425,-5.672425,-5.672425,-5.672425,-5.672425,-5.672425,-5.672425,-5.672425,-5.672425,-5.672425
4.294801,-5.672425,-5.672425,-5.672425,-5.672425,-5.672425,-5.672425,-5.672425,-5.672425,-5.672425,-5.672425,-5.672425,-5.672425,-5.672425,-5.672425,-5.672425,-5.672425,-5.672425,-5.672425,-5.672425
-5.672425,-5.672425,-5.672425,-5.672425,-5.672425,-5.672425,-5.672425,-5.672425,-5.672425,4.294801,-5.672425,-5.672425,-5.672425,-5.672425,-5.672425,-5.672425,-5.672425,-5.672425,-5.672425,-5.672425
-5.672425,-5.672425,-5.672425,-5.672425,-5.672425,-5.672425,-5.672425,-5.672425,-5.672425,-5.672425,-5.672425,4.294801,-5.672425,-5.672425,-5.672425,-5.672425,-5.672425,-5.672425,-5.672425,-5.672425
-5.672425,-5.672425,-5.672425,-5.672425,-5.672425,-5.672425,-5.672425,-5.672425,-5.672425,-5.672425,-5.672425,-5.672425,4.294801,-5.672425,-5.672425,-5.672425,-5.672425,-5.672425,-5.672425,-5.672425
-5.672425,-5.672425,-5.672425,-5.672425,-5.672425,-5.672425,-5.672425,-5.672425,-5.672425,4.294801,-5.672425,-5.672425,-5.672425,-5.672425,-5.672425,-5.672425,-5.672425,-5.672425,-5.672425,-5.672425
-5.672425,-5.672425,-5.672425,-5.672425,-5.672425,-5.672425,-5.672425,-5.672425,-5.672425,-5.672425,-1.280108,-5.672425,-5.672425,-5.672425,4.265684,-5.672425,-5.672425,-5.672425,-5.672425,-5.672425
-5.672425,-5.672425,-5.672425,-5.672425,-5.672425,-5.672425,4.294801,-5.672425,-5.672425,-5.672425,-5.672425,-5.672425,-5.672425,-5.672425,-5.672425,-5.672425,-5.672425,-5.672425,-5.672425,-5.672425
4.294801,-5.672425,-5.672425,-5.672425,-5.672425,-5.672425,-5.672425,-5.672425,-5.672425,-5.672425,-5.672425,-5.672425,-5.672425,-5.672425,-5.672425,-5.672425,-5.672425,-5.672425,-5.672425,-5.672425
-5.672425,-5.672425,-5.672425,-5.672425,-5.672425,-5.672425,-5.672425,-5.672425,-5.672425,-5.672425,-5.672425,-5.672425,-5.672425,-5.672425,-5.672425,-5.672425,4.294801,-5.672425,-5.672425,-5.672425
-5.672425,-5.672425,-5.672425,4.294801,-5.672425,-5.672425,-5.672425,-5.672425,-5.672425,-5.672425,-5.672425,-5.672425,-5.672425,-5.672425,-5.672425,-5.672425,-5.672425,-5.672425,-5.672425,-5.672425
-5.672425,-5.672425,-5.672425,4.294801,-5.672425,-5.672425,-5.672425,-5.672425,-5.672425,-5.672425,-5.672425,-5.672425,-5.672425,-5.672425,-5.672425,-5.672425,-5.672425,-5.672425,-5.672425,-5.672425
-5.672425,-5.672425,-5.672425,-5.672425,-5.672425,-5.672425,-5.672425,-5.672425,-5.672425,4.294801,-5.672425,-5.672425,-5.672425,-5.672425,-5.672425,-5.672425,-5.672425,-5.672425,-5.672425,-5.672425
-5.672425,-5.672425,-5.672425,-5.672425,4.294801,-5.672425,-5.672425,-5.672425,-5.672425,-5.672425,-5.672425,-5.672425,-5.672425,-5.672425,-5.672425,-5.672425,-5.672425,-5.672425,-5.672425,-5.672425
-5.672425,-5.672425,-5.672425,-5.672425,-5.672425,4.294801,-5.672425,-5.672425,-5.672425,-5.672425,-5.672425,-5.672425,-5.672425,-5.672425,-5.672425,-5.672425,-5.672425,-5.672425,-5.672425,-5.672425
-5.672425,-5.672425,4.294801,-5.672425,-5.672425,-5.672425,-5.672425,-5.672425,-5.672425,-5.672425,-5.672425,-5.672425,-5.672425,-5.672425,-5.672425,-5.672425,-5.672425,-5.672425,-5.672425,-5.672425
-5.672425,-5.672425,-5.672425,-5.672425,4.294801,-5.672425,-5.672425,-5.672425,-5.672425,-5.672425,-5.672425,-5.672425,-5.672425,-5.672425,-5.672425,-5.672425,-5.672425,-5.672425,-5.672425,-5.672425
-5.672425,-5.672425,-5.672425,-5.672425,-5.672425,-5.672425,-5.672425,-5.672425,-5.672425,4.294801,-5.672425,-5.672425,-5.672425,-5.672425,-5.672425,-5.672425,-5.672425,-5.672425,-5.672425,-5.672425
-5.672425,-5.672425,-5.672425,-5.672425,-5.672425,-5.672425,-5.672425,-5.672425,4.265684,-5.672425,-5.672425,-5.672425,-5.672425,-5.672425,-1.280108,-5.672425,-5.672425,-5.672425,-5.672425,-5.672425
-5.672425,-5.672425,-5.672425,-5.672425,-5.672425,-5.672425,-5.672425,-5.672425,-5.672425,-5.672425,4.294801,-5.672425,-5.672425,-5.672425,-5.672425,-5.672425,-5.672425,-5.672425,-5.672425,-5.672425
-5.672425,-5.672425,-5.672425,4.294801,-5.672425,-5.672425,-5.672425,-5.672425,-5.672425,-5.672425,-5.672425,-5.672425,-5.672425,-5.672425,-5.672425,-5.672425,-5.672425,-5.672425,-5.672425,-5.672425
-5.672425,-5.672425,-5.672425,-5.672425,-5.672425,-5.672425,-5.672425,-5.672425,-5.672425,-5.672425,-5.672425,4.294801,-5.672425,-5.672425,-5.672425,-5.672425,-5.672425,-5.672425,-5.672425,-5.672425
-5.672425,-5.672425,-5.672425,-5.672425,-5.672425,-5.672425,-5.672425,4.294801,-5.672425,-5.672425,-5.672425,-5.672425,-5.672425,-5.672425,-5.672425,-5.672425,-5.672425,-5.672425,-5.672425,-5.672425
-5.672425,-5.672425,-5.672425,-5.672425,-5.672425,-5.672425,-5.672425,-5.672425,-5.672425,-5.672425,-5.672425,-5.672425,-5.672425,-5.672425,-5.672425,-5.672425,4.294801,-5.672425,-5.672425,-5.672425
-5.672425,-5.672425,-5.672425,4.294801,-5.672425,-5.672425,-5.672425,-5.672425,-5.672425,-5.672425,-5.672425,-5.672425,-5.672425,-5.672425,-5.672425,-5.672425,-5.672425,-5.672425,-5.672425,-5.672425
-5.672425,-5.672425,-5.672425,-5.672425,-5.672425,-5.672425,-5.672425,4.294801,-5.672425,-5.672425,-5.672425,-5.672425,-5.672425,-5.672425,-5.672425,-5.672425,-5.672425,-5.672425,-5.672425,-5.672425
-5.672425,4.294801,-5.672425,-5.672425,-5.672425,-5.672425,-5.672425,-5.672425,-5.672425,-5.672425,-5.672425,-5.672425,-5.672425,-5.672425,-5.672425,-5.672425,-5.672425,-5.672425,-5.672425,-5.672425
-5.672425,-5.672425,-5.672425,-5.672425,-5.672425,-5.672425,-5.672425,-5.672425,-5.672425,-5.672425,-5.672425,-5.672425,-5.672425,-5.672425,-5.672425,-5.672425,-5.672425,-5.672425,-5.672425,4.294801
-5.672425,-5.672425,-5.672425,-5.672425,-5.672425,-5.672425,-5.672425,-5.672425,-5.672425,-5.672425,-5.672425,4.294801,-5.672425,-5.672425,-5.672425,-5.672425,-5.672425,-5.672425,-5.672425,-5.672425
-5.672425,-5.672425,-5.672425,-5.672425,-5.672425,4.294801,-5.672425,-5.672425,-5.672425,-5.672425,-5.672425,-5.672425,-5.672425,-5.672425,-5.672425,-5.672425,-5.672425,-5.672425,-5.672425,-5.672425
-5.672425,-5.672425,-0.314873,-5.672425,-5.672425,-5.672425,-5.672425,-5.672425,-5.672425,-5.672425,-5.672425,4.235967,-5.672425,-5.672425,-5.672425,-5.672425,-5.672425,-5.672425,-5.672425,-5.672425
-5.672425,-5.672425,-5.672425,-5.672425,-5.672425,-5.672425,-5.672425,-5.672425,4.294801,-5.672425,-5.672425,-5.672425,-5.672425,-5.672425,-5.672425,-5.672425,-5.672425,-5.672425,-5.672425,-5.672425
-5.672425,-5.672425,-5.672425,-5.672425,-5.672425,-5.672425,-5.672425,-5.672425,-5.672425,-5.672425,-5.672425,-5.672425,-5.672425,-5.672425,-5.672425,-5.672425,-5.672425,4.294801,-5.672425,-5.672425
-5.672425,-5.672425,-5.672425,-5.672425,-5.672425,-5.672425,-5.672425,-1.280108,-5.672425,-5.672425,-5.672425,-5.672425,-5.672425,-5.672425,-5.672425,-5.672425,-5.672425,4.265684,-5.672425,-5.672425
-5.672425,-5.672425,-5.672425,-5.672425,-5.672425,-5.672425,-5.672425,-5.672425,-5.672425,-5.672425,-5.672425,-5.672425,-5.672425,-5.672425,-5.672425,-5.672425,-5.672425,-5.672425,4.294801,-5.672425
-5.672425,-5.672425,-5.672425,-5.672425,-5.672425,-5.672425,-5.672425,-1.280108,-5.672425,-5.672425,-5.672425,-5.672425,-5.672425,-5.672425,-5.672425,-5.672425,-5.672425,4.265684,-5.672425,-5.672425
-5.672425,-5.672425,-5.672425,-5.672425,-5.672425,-5.672425,-5.672425,-5.672425,-5.672425,4.294801,-5.672425,-5.672425,-5.672425,-5.672425,-5.672425,-5.672425,-5.672425,-5.672425,-5.672425,-5.672425
-5.672425,-5.672425,-5.672425,-5.672425,-5.672425,-5.672425,-5.672425,-5.672425,4.294801,-5.672425,-5.672425,-5.672425,-5.672425,-5.672425,-5.672425,-5.672425,-5.672425,-5.672425,-5.672425,-5.672425
-5.672425,-5.672425,-5.672425,-5.672425,-5.672425,-5.672425,-5.672425,-5.672425,-5.672425,-5.672425,-5.672425,4.294801,-5.672425,-5.672425,-5.672425,-5.672425,-5.672425,-5.672425,-5.672425,-5.672425
-5.672425,-5.672425,-5.672425,-5.672425,-5.672425,-5.672425,-5.672425,-5.672425,-5.672425,-5.672425,-5.672425,4.294801,-5.672425,-5.672425,-5.672425,-5.672425,-5.672425,-5.672425,-5.672425,-5.672425
-5.672425,-5.672425,-5.672425,-5.672425,-5.672425,4.294801,-5.672425,-5.672425,-5.672425,-5.672425,-5.672425,-5.672425,-5.672425,-5.672425,-5.672425,-5.672425,-5.672425,-5.672425,-5.672425,-5.672425
-5.672425,-5.672425,-5.672425,4.265684,-5.672425,-5.672425,-5.672425,-5.672425,-1.280108,-5.672425,-5.672425,-5.672425,-5.672425,-5.672425,-5.672425,-5.672425,-5.672425,-5.672425,-5.672425,-5.672425
-5.672425,-5.672425,-5.672425,-5.672425,-5.672425,-5.672425,-5.672425,-5.672425,-5.672425,-5.672425,-5.672425,-5.672425,-5.672425,-5.672425,-5.672425,-5.672425,-5.672425,-5.672425,4.294801,-5.672425
-5.672425,-5.672425,-5.672425,-5.672425,-5.672425,-5.672425,-5.672425,-5.672425,-5.672425,-5.672425,-5.672425,-5.672425,-5.672425,4.294801,-5.672425,-5.672425,-5.672425,-5.672425,-5.672425,-5.672425
-5.672425,-5.672425,-5.672425,-5.672425,-5.672425,-5.672425,-5.672425,-5.672425,-5.672425,-5.672425,-5.672425,-5.672425,4.294801,-5.672425,-5.672425,-5.672425,-5.672425,-5.672425,-5.672425,-5.672425
-5.672425,-5.672425,-5.672425,-5.672425,4.294801,-5.672425,-5.672425,-5.672425,-5.672425,-5.672425,-5.672425,-5.672425,-5.672425,-5.672425,-5.672425,-5.672425,-5.672425,-5.672425,-5.672425,-5.672425
-5.672425,-5.672425,4.265684,-5.672425,-5.672425,-5.672425,-5.672425,-5.672425,-5.672425,-5.672425,-5.672425,-1.280108,-5.672425,-5.672425,-5.672425,-5.672425,-5.672425,-5.672425,-5.672425,-5.672425
-5.672425,-5.672425,-5.672425,-5.672425,-5.672425,-5.672425,-5.672425,-5.672425,-5.672425,-5.672425,-5.672425,-5.672425,-5.672425,-5.672425,-5.672425,-5.672425,-5.672425,4.294801,-5.672425,-5.672425
-5.672425,-5.672425,-5.672425,-5.672425,-5.672425,-5.672425,-5.672425,-5.672425,-1.280108,-5.672425,-5.672425,-5.672425,-5.672425,-5.672425,4.265684,-5.672425,-5.672425,-5.672425,-5.672425,-5.672425
-5.672425,-5.672425,4.294801,-5.672425,-5.672425,-5.672425,-5.672425,-5.672425,-5.672425,-5.672425,-5.672425,-5.672425,-5.672425,-5.672425,-5.672425,-5.672425,-5.672425,-5.672425,-5.672425,-5.672425
-5.672425,-5.672425,-5.672425,-5.672425,-5.672425,-5.672425,-5.672425,-5.672425,2.654004,-5.672425,-5.672425,-5.672425,-5.672425,-5.672425,3.739086,-5.672425,-5.672425,-5.672425,-5.672425,-5.672425
-5.672425,-5.672425,-5.672425,-5.672425,-5.672425,-5.672425,-5.672425,-5.672425,4.294801,-5.672425,-5.672425,-5.672425,-5.672425,-5.672425,-5.672425,-5.672425,-5.672425,-5.672425,-5.672425,-5.672425
4.294801,-5.672425,-5.672425,-5.672425,-5.672425,-5.672425,-5.672425,-5.672425,-5.672425,-5.672425,-5.672425,-5.672425,-5.672425,-5.672425,-5.672425,-5.672425,-5.672425,-5.672425,-5.672425,-5.672425
-5.672425,-5.672425,-5.672425,-5.672425,4.294801,-5.672425,-5.672425,-5.672425,-5.672425,-5.672425,-5.672425,-5.672425,-5.672425,-5.672425,-5.672425,-5.672425,-5.672425,-5.672425,-5.672425,-5.672425
-5.672425,-5.672425,-5.672425,-5.672425,-5.672425,-5.672425,-5.672425,-5.672425,-5.672425,-5.672425,-5.672425,-5.672425,-5.672425,-5.672425,-5.672425,4.294801,-5.672425,-5.672425,-5.672425,-5.672425
-5.672425,-5.672425,-5.672425,-5.672425,-5.672425,-5.672425,-5.672425,-5.672425,-5.672425,4.294801,-5.672425,-5.672425,-5.672425,-5.672425,-5.672425,-5.672425,-5.672425,-5.672425,-5.672425,-5.672425
-5.672425,-5.672425,-5.672425,-5.672425,-5.672425,-5.672425,-5.672425,-5.672425,-5.672425,-5.672425,-5.672425,-5.672425,-5.672425,-5.672425,-5.672425,4.294801,-5.672425,-5.672425,-5.672425,-5.672425
-5.672425,-5.672425,-5.672425,-5.672425,-5.672425,-5.672425,-5.672425,-5.672425,-5.672425,-5.672425,-5.672425,-5.672425,-5.672425,-5.672425,4.294801,-5.672425,-5.672425,-5.672425,-5.672425,-5.672425
-5.672425,-5.672425,-5.672425,-5.672425,-5.672425,-5.672425,-5.672425,-5.672425,-5.672425,4.294801,-5.672425,-5.672425,-5.672425,-5.672425,-5.672425,-5.672425,-5.672425,-5.672425,-5.672425,-5.672425
-5.672425,-5.672425,-5.672425,-5.672425,-5.672425,-5.672425,-5.672425,-5.672425,-5.672425,-5.672425,4.294801,-5.672425,-5.672425,-5.672425,-5.672425,-5.672425,-5.672425,-5.672425,-5.672425,-5.672425
-5.672425,-5.672425,-5.672425,-5.672425,-5.672425,-5.672425,4.265684,-5.672425,-5.672425,-5.672425,-5.672425,-1.280108,-5.672425,-5.672425,-5.672425,-5.672425,-5.672425,-5.672425,-5.672425,-5.672425
-5.672425,-5.672425,-5.672425,-5.672425,4.294801,-5.672425,-5.672425,-5.672425,-5.672425,-5.672425,-5.672425,-5.672425,-5.672425,-5.672425,-5.672425,-5.672425,-5.672425,-5.672425,-5.672425,-5.672425
4.294801,-5.672425,-5.672425,-5.672425,-5.672425,-5.672425,-5.672425,-5.672425,-5.672425,-5.672425,-5.672425,-5.672425,-5.672425,-5.672425,-5.672425,-5.672425,-5.672425,-5.672425,-5.672425,-5.672425
-5.672425,-5.672425,-5.672425,-5.672425,-5.672425,-5.672425,-5.672425,-5.672425,-5.672425,-5.672425,-5.672425,-5.672425,-5.672425,-5.672425,4.294801,-5.672425,-5.672425,-5.672425,-5.672425,-5.672425
-5.672425,4.294801,-5.672425,-5.672425,-5.672425,-5.672425,-5.672425,-5.672425,-5.672425,-5.672425,-5.672425,-5.672425,-5.672425,-5.672425,-5.672425,-5.672425,-5.672425,-5.672425,-5.672425,-5.672425
-5.672425,4.294801,-5.672425,-5.672425,-5.672425,-5.672425,-5.672425,-5.672425,-5.672425,-5.672425,-5.672425,-5.672425,-5.672425,-5.672425,-5.672425,-5.672425,-5.672425,-5.672425,-5.672425,-5.672425
4.294801,-5.672425,-5.672425,-5.672425,-5.672425,-5.672425,-5.672425,-5.672425,-5.672425,-5.672425,-5.672425,-5.672425,-5.672425,-5.672425,-5.672425,-5.672425,-5.672425,-5.672425,-5.672425,-5.672425
-5.672425,-5.672425,-5.672425,-5.672425,-5.672425,-5.672425,-5.672425,-5.672425,-5.672425,-5.672425,-5.672425,-5.672425,-5.672425,-5.672425,-5.672425,4.294801,-5.672425,-5.672425,-5.672425,-5.672425
-5.672425,-5.672425,-5.672425,-5.672425,4.294801,-5.672425,-5.672425,-5.672425,-5.672425,-5.672425,-5.672425,-5.672425,-5.672425,-5.672425,-5.672425,-5.672425,-5.672425,-5.672425,-5.672425,-5.672425
-5.672425,-5.672425,-5.672425,-5.672425,-5.672425,-5.672425,-5.672425,-5.672425,4.294801,-5.672425,-5.672425,-5.672425,-5.672425,-5.672425,-5.672425,-5.672425,-5.672425,-5.672425,-5.672425,-5.672425
-5.672425,-5.672425,-5.672425,-5.672425,-5.672425,-5.672425,-5.672425,-5.672425,4.294801,-5.672425,-5.672425,-5.672425,-5.672425,-5.672425,-5.672425,-5.672425,-5.672425,-5.672425,-5.672425,-5.672425
-5.672425,-5.672425,-5.672425,-5.672425,-5.672425,-5.672425,-5.672425,-5.672425,4.294801,-5.672425,-5.672425,-5.672425,-5.672425,-5.672425,-5.672425,-5.672425,-5.672425,-5.672425,-5.672425,-5.672425
-5.672425,-5.672425,-5.672425,-5.672425,-5.672425,-5.672425,-5.672425,-5.672425,-5.672425,-5.672425,-5.672425,-5.672425,-5.672425,-5.672425,-5.672425,-5.672425,4.294801,-5.672425,-5.672425,-5.672425
-5.672425,-5.672425,-5.672425,-5.672425,-5.672425,-5.672425,-5.672425,4.265684,-5.672425,-5.672425,-5.672425,-5.672425,-5.672425,-5.672425,-5.672425,-5.672425,-5.672425,-1.280108,-5.672425,-5.672425
-5.672425,-5.672425,4.294801,-5.672425,-5.672425,-5.672425,-5.672425,-5.672425,-5.672425,-5.672425,-5.672425,-5.672425,-5.672425,-5.672425,-5.672425,-5.672425,-5.672425,-5.672425,-5.672425,-5.672425
-5.672425,-5.672425,-5.672425,-5.672425,-5.672425,-5.672425,-5.672425,-5.672425,-5.672425,-5.672425,-5.672425,4.265684,-5.672425,-5.672425,-5.672425,-1.280108,-5.672425,-5.672425,-5.672425,-5.672425
-5.672425,-5.672425,-5.672425,-5.672425,-5.672425,-5.672425,-5.672425,-5.672425,-5.672425,-5.672425,-5.672425,-5.672425,-5.672425,-5.672425,-5.672425,-5.672425,-5.672425,-5.672425,-5.672425,4.294801
-5.672425,-5.672425,-1.280108,4.265684,-5.672425,-5.672425,-5.672425,-5.672425,-5.672425,-5.672425,-5.672425,-5.672425,-5.672425,-5.672425,-5.672425,-5.672425,-5.672425,-5.672425,-5.672425,-5.672425
-5.672425,-5.672425,-5.672425,-5.672425,-5.672425,-5.672425,-5.672425,-5.672425,-5.672425,-5.672425,-5.672425,4.294801,-5.672425,-5.672425,-5.672425,-5.672425,-5.672425,-5.672425,-5.672425,-5.672425
-5.672425,-5.672425,-5.672425,-5.672425,-5.672425,-5.672425,-5.672425,-5.672425,-5.672425,-5.672425,-5.672425,-5.672425,4.294801,-5.672425,-5.672425,-5.672425,-5.672425,-5.672425,-5.672425,-5.672425
-5.672425,-5.672425,-5.672425,-5.672425,-5.672425,-5.672425,-5.672425,4.294801,-5.672425,-5.672425,-5.672425,-5.672425,-5.672425,-5.672425,-5.672425,-5.672425,-5.672425,-5.672425,-5.672425,-5.672425
-5.672425,-5.672425,-5.672425,-5.672425,-5.672425,-5.672425,-5.672425,-5.672425,-5.672425,4.294801,-5.672425,-5.672425,-5.672425,-5.672425,-5.672425,-5.672425,-5.672425,-5.672425,-5.672425,-5.672425
-5.672425,-5.672425,-5.672425,-5.672425,-5.672425,-5.672425,-5.672425,-5.672425,-5.672425,-5.672425,-5.672425,-1.280108,-5.672425,-5.672425,-5.672425,4.265684,-5.672425,-5.672425,-5.672425,-5.672425
-5.672425,-5.672425,-5.672425,-5.672425,-5.672425,-5.672425,-5.672425,-5.672425,-5.672425,-5.672425,-5.672425,-5.672425,-5.672425,-5.672425,-5.672425,4.294801,-5.672425,-5.672425,-5.672425,-5.672425
-5.672425,-5.672425,-5.672425,-5.672425,-5.672425,-5.672425,-5.672425,-5.672425,-5.672425,-5.672425,-5.672425,4.294801,-5.672425,-5.672425,-5.672425,-5.672425,-5.672425,-5.672425,-5.672425,-5.672425
-5.672425,-5.672425,-5.672425,-5.672425,-5.672425,-5.672425,-5.672425,-5.672425,-5.672425,4.294801,-5.672425,-5.672425,-5.672425,-5.672425,-5.672425,-5.672425,-5.672425,-5.672425,-5.672425,-5.672425
4.294801,-5.672425,-5.672425,-5.672425,-5.672425,-5.672425,-5.672425,-5.672425,-5.672425,-5.672425,-5.672425,-5.672425,-5.672425,-5.672425,-5.672425,-5.672425,-5.672425,-5.672425,-5.672425,-5.672425
-5.672425,-5.672425,-5.672425,-5.672425,-5.672425,-5.672425,-5.672425,-5.672425,-5.672425,-5.672425,-5.672425,4.294801,-5.672425,-5.672425,-5.672425,-5.672425,-5.672425,-5.672425,-5.672425,-5.672425
-5.672425,-5.672425,-5.672425,-5.672425,-5.672425,4.294801,-5.672425,-5.672425,-5.672425,-5.672425,-5.672425,-5.672425,-5.672425,-5.672425,-5.672425,-5.672425,-5.672425,-5.672425,-5.672425,-5.672425
-5.672425,-5.672425,-5.672425,4.294801,-5.672425,-5.672425,-5.672425,-5.672425,-5.672425,-5.672425,-5.672425,-5.672425,-5.672425,-5.672425,-5.672425,-5.672425,-5.672425,-5.672425,-5.672425,-5.672425
-5.672425,-5.672425,-5.672425,-5.672425,-5.672425,-5.672425,-5.672425,-5.672425,-5.672425,-5.672425,-5.672425,-5.672425,-5.672425,-5.672425,4.294801,-5.672425,-5.672425,-5.672425,-5.672425,-5.672425
-5.672425,-5.672425,-5.672425,-5.672425,-5.672425,-5.672425,-5.672425,-5.672425,-5.672425,-5.672425,-5.672425,-5.672425,-5.672425,-5.672425,-5.672425,-5.672425,-5.672425,4.294801,-5.672425,-5.672425
-5.672425,-5.672425,-5.672425,-5.672425,-5.672425,-5.672425,-5.672425,-5.672425,-5.672425,-5.672425,-5.672425,-5.672425,-5.672425,4.294801,-5.672425,-5.672425,-5.672425,-5.672425,-5.672425,-5.672425
-5.672425,-5.672425,-5.672425,-5.672425,-5.672425,-5.672425,-5.672425,4.294801,-5.672425,-5.672425,-5.672425,-5.672425,-5.672425,-5.672425,-5.672425,-5.672425,-5.672425,-5.672425,-5.672425,-5.672425
-5.672425,-5.672425,-5.672425,-5.672425,-5.672425,-5.672425,-5.672425,-5.672425,-5.672425,-5.672425,-5.672425,-5.672425,-5.672425,-5.672425,-5.672425,-5.672425,-5.672425,4.294801,-5.672425,-5.672425
-5.672425,-5.672425,-5.672425,-5.672425,-5.672425,-5.672425,-5.672425,-5.672425,-5.672425,4.294801,-5.672425,-5.672425,-5.672425,-5.672425,-5.672425,-5.672425,-5.672425,-5.672425,-5.672425,-5.672425
-5.672425,-5.672425,-5.672425,-5.672425,-5.672425,-5.672425,-5.672425,-5.672425,-5.672425,-5.672425,-5.672425,-5.672425,-5.672425,-5.672425,-5.672425,4.294801,-5.672425,-5.672425,-5.672425,-5.672425
-5.672425,-5.672425,-5.672425,-5.672425,-5.672425,-5.672425,-5.672425,-5.672425,-5.672425,-5.672425,-5.672425,-5.672425,4.294801,-5.672425,-5.672425,-5.672425,-5.672425,-5.672425,-5.672425,-5.672425
-5.672425,-5.672425,-5.672425,-5.672425,-5.672425,-5.672425,-5.672425,-5.672425,-5.672425,-5.672425,-5.672425,-5.672425,-5.672425,-5.672425,-5.672425,-5.672425,-5.672425,4.294801,-5.672425,-5.672425
-5.672425,-5.672425,-5.672425,-5.672425,-5.672425,-5.672425,-5.672425,-5.672425,-5.672425,-5.672425,-5.672425,-5.672425,-5.672425,-5.672425,-5.672425,-5.672425,4.294801,-5.672425,-5.672425,-5.672425
-5.672425,-5.672425,-5.672425,-5.672425,-5.672425,-5.672425,-5.672425,-5.672425,-5.672425,-5.672425,-5.672425,-5.672425,-5.672425,-5.672425,-5.672425,-5.672425,-5.672425,4.294801,-5.672425,-5.672425
-5.672425,-5.672425,-5.672425,-5.672425,-5.672425,-5.672425,-5.672425,-5.672425,-5.672425,-5.672425,-5.672425,4.294801,-5.672425,-5.672425,-5.672425,-5.672425,-5.672425,-5.672425,-5.672425,-5.672425
-5.672425,-5.672425,4.294801,-5.672425,-5.672425,-5.672425,-5.672425,-5.672425,-5.672425,-5.672425,-5.672425,-5.672425,-5.672425,-5.672425,-5.672425,-5.672425,-5.672425,-5.672425,-5.672425,-5.672425
-5.672425,-5.672425,-5.672425,4.294801,-5.672425,-5.672425,-5.672425,-5.672425,-5.672425,-5.672425,-5.672425,-5.672425,-5.672425,-5.672425,-5.672425,-5.672425,-5.672425,-5.672425,-5.672425,-5.672425
-5.672425,-5.672425,-5.672425,-5.672425,-5.672425,-5.672425,-5.672425,-5.672425,-5.672425,-5.672425,-5.672425,-5.672425,-5.672425,-5.672425,-5.672425,-5.672425,4.294801,-5.672425,-5.672425,-5.672425
-5.672425,-5.672425,-5.672425,-5.672425,-5.672425,-5.672425,-5.672425,4.294801,-5.672425,-5.672425,-5.672425,-5.672425,-5.672425,-5.672425,-5.672425,-5.672425,-5.672425,-5.672425,-5.672425,-5.672425
-5.672425,-5.672425,-5.672425,-5.672425,-5.672425,-5.672425,-5.672425,-5.672425,-5.672425,-5.672425,-5.672425,-5.672425,-5.672425,-5.672425,-5.672425,4.294801,-5.672425,-5.672425,-5.672425,-5.672425
-5.672425,-5.672425,-5.672425,-5.672425,-5.672425,-5.672425,-5.672425,4.294801,-5.672425,-5.672425,-5.672425,-5.672425,-5.672425,-5.672425,-5.672425,-5.672425,-5.672425,-5.672425,-5.672425,-5.672425
-5.672425,-5.672425,-5.672425,-5.672425,-5.672425,-5.672425,-5.672425,-5.672425,-5.672425,-5.672425,-5.672425,-5.672425,-5.672425,-5.672425,-5.672425,4.294801,-5.672425,-5.672425,-5.672425,-5.672425
-5.672425,-5.672425,-5.672425,-5.672425,-5.672425,-5.672425,-5.672425,4.294801,-5.672425,-5.672425,-5.672425,-5.672425,-5.672425,-5.672425,-5.672425,-5.672425,-5.672425,-5.672425,-5.672425,-5.672425
-5.672425,-5.672425,-5.672425,-5.672425,-5.672425,-5.672425,-5.672425,-5.672425,-5.672425,-5.672425,-5.672425,-5.672425,-5.672425,-5.672425,4.294801,-5.672425,-5.672425,-5.672425,-5.672425,-5.672425
-5.672425,-5.672425,-5.672425,-5.672425,-5.672425,-5.672425,-5.672425,4.294801,-5.672425,-5.672425,-5.672425,-5.672425,-5.672425,-5.672425,-5.672425,-5.672425,-5.672425,-5.672425,-5.672425,-5.672425
-5.672425,-5.672425,-5.672425,-5.672425,-5.672425,-5.672425,-5.672425,-5.672425,-5.672425,-5.672425,-5.672425,-5.672425,4.294801,-5.672425,-5.672425,-5.672425,-5.672425,-5.672425,-5.672425,-5.672425
-5.672425,-5.672425,-5.672425,-5.672425,-5.672425,-5.672425,-5.672425,-5.672425,-5.672425,-5.672425,-5.672425,-5.672425,-5.672425,-5.672425,-5.672425,4.294801,-5.672425,-5.672425,-5.672425,-5.672425
-5.672425,-5.672425,-5.672425,-5.672425,-5.672425,-5.672425,-5.672425,-5.672425,4.294801,-5.672425,-5.672425,-5.672425,-5.672425,-5.672425,-5.672425,-5.672425,-5.672425,-5.672425,-5.672425,-5.672425
-5.672425,-5.672425,-5.672425,-5.672425,-5.672425,-5.672425,-5.672425,-5.672425,-5.672425,-5.672425,-5.672425,-5.672425,-5.672425,-5.672425,-5.672425,-5.672425,4.294801,-5.672425,-5.672425,-5.672425
-5.672425,-5.672425,-5.672425,-5.672425,-5.672425,-5.672425,-5.672425,-5.672425,-5.672425,-5.672425,-5.672425,-5.672425,-5.672425,-5.672425,-5.672425,-5.672425,4.294801,-5.672425,-5.672425,-5.672425
-5.672425,-5.672425,-5.672425,-5.672425,-5.672425,-5.672425,-5.672425,-5.672425,-5.672425,-5.672425,-5.672425,-5.672425,-5.672425,-5.672425,-5.672425,-5.672425,-5.672425,-5.672425,-5.672425,4.294801
-5.672425,-5.672425,-5.672425,-5.672425,-5.672425,-5.672425,-5.672425,-5.672425,-5.672425,-5.672425,-5.672425,-5.672425,4.265684,-5.672425,-5.672425,-1.280108,-5.672425,-5.672425,-5.672425,-5.672425
-5.672425,-5.672425,-5.672425,-5.672425,-5.672425,-5.672425,4.294801,-5.672425,-5.672425,-5.672425,-5.672425,-5.672425,-5.672425,-5.672425,-5.672425,-5.672425,-5.672425,-5.672425,-5.672425,-5.672425
-5.672425,-5.672425,-5.672425,-5.672425,-5.672425,-5.672425,-5.672425,-5.672425,-5.672425,-5.672425,-5.672425,-5.672425,-5.672425,-5.672425,-5.672425,4.294801,-5.672425,-5.672425,-5.672425,-5.672425
-5.672425,-5.672425,-5.672425,-5.672425,4.294801,-5.672425,-5.672425,-5.672425,-5.672425,-5.672425,-5.672425,-5.672425,-5.672425,-5.672425,-5.672425,-5.672425,-5.672425,-5.672425,-5.672425,-5.672425
-5.672425,-5.672425,-5.672425,-5.672425,4.294801,-5.672425,-5.672425,-5.672425,-5.672425,-5.672425,-5.672425,-5.672425,-5.672425,-5.672425,-5.672425,-5.672425,-5.672425,-5.672425,-5.672425,-5.672425
-5.672425,-5.672425,-5.672425,4.294801,-5.672425,-5.672425,-5.672425,-5.672425,-5.672425,-5.672425,-5.672425,-5.672425,-5.672425,-5.672425,-5.672425,-5.672425,-5.672425,-5.672425,-5.672425,-5.672425
-5.672425,-5.672425,-5.672425,4.294801,-5.672425,-5.672425,-5.672425,-5.672425,-5.672425,-5.672425,-5.672425,-5.672425,-5.672425,-5.672425,-5.672425,-5.672425,-5.672425,-5.672425,-5.672425,-5.672425
-5.672425,-5.672425,-5.672425,-5.672425,-5.672425,-5.672425,-5.672425,-5.672425,-5.672425,-5.672425,-5.672425,-5.672425,-5.672425,4.294801,-5.672425,-5.672425,-5.672425,-5.672425,-5.672425,-5.672425
-5.672425,-5.672425,-5.672425,-5.672425,-5.672425,4.294801,-5.672425,-5.672425,-5.672425,-5.672425,-5.672425,-5.672425,-5.672425,-5.672425,-5.672425,-5.672425,-5.672425,-5.672425,-5.672425,-5.672425
-5.672425,-5.672425,-5.672425,-5.672425,4.294801,-5.672425,-5.672425,-5.672425,-5.672425,-5.672425,-5.672425,-5.672425,-5.672425,-5.672425,-5.672425,-5.672425,-5.672425,-5.672425,-5.672425,-5.672425
-5.672425,-5.672425,-5.672425,-5.672425,-5.672425,-5.672425,-5.672425,-5.672425,-5.672425,-5.672425,-5.672425,-5.672425,-5.672425,-5.672425,-5.672425,-5.672425,-5.672425,-5.672425,-5.672425,4.294801
-5.672425,-5.672425,0.258312,-5.672425,-5.672425,-5.672425,-5.672425,-5.672425,-5.672425,-5.672425,-5.672425,4.205626,-5.672425,-5.672425,-5.672425,-5.672425,-5.672425,-5.672425,-5.672425,-5.672425
-5.672425,-5.672425,-5.672425,-5.672425,-5.672425,-5.672425,-5.672425,-5.672425,-5.672425,4.294801,-5.672425,-5.672425,-5.672425,-5.672425,-5.672425,-5.672425,-5.672425,-5.672425,-5.672425,-5.672425
-5.672425,-5.672425,-5.672425,-5.672425,-5.672425,-5.672425,-5.672425,-5.672425,-5.672425,4.294801,-5.672425,-5.672425,-5.672425,-5.672425,-5.672425,-5.672425,-5.672425,-5.672425,-5.672425,-5.672425
-5.672425,-5.672425,4.265684,-5.672425,-5.672425,-5.672425,-5.672425,-5.672425,-5.672425,-5.672425,-5.672425,-1.280108,-5.672425,-5.672425,-5.672425,-5.672425,-5.672425,-5.672425,-5.672425,-5.672425
-5.672425,-5.672425,-5.672425,-5.672425,-5.672425,-5.672425,-5.672425,-5.672425,-5.672425,-5.672425,-5.672425,4.294801,-5.672425,-5.672425,-5.672425,-5.672425,-5.672425,-5.672425,-5.672425,-5.672425
-5.672425,-5.672425,-5.672425,-5.672425,-5.672425,-5.672425,-5.672425,-5.672425,4.294801,-5.672425,-5.672425,-5.672425,-5.672425,-5.672425,-5.672425,-5.672425,-5.672425,-5.672425,-5.672425,-5.672425
-5.672425,-5.672425,-5.672425,4.294801,-5.672425,-5.672425,-5.672425,-5.672425,-5.672425,-5.672425,-5.672425,-5.672425,-5.672425,-5.672425,-5.672425,-5.672425,-5.672425,-5.672425,-5.672425,-5.672425
-5.672425,-5.672425,-5.672425,-5.672425,-5.672425,-5.672425,-5.672425,-5.672425,-1.280108,-5.672425,-5.672425,-5.672425,-5.672425,4.265684,-5.672425,-5.672425,-5.672425,-5.672425,-5.672425,-5.672425
4.294801,-5.672425,-5.672425,-5.672425,-5.672425,-5.672425,-5.672425,-5.672425,-5.672425,-5.672425,-5.672425,-5.672425,-5.672425,-5.672425,-5.672425,-5.672425,-5.672425,-5.672425,-5.672425,-5.672425
-5.672425,-5.672425,-5.672425,-5.672425,-5.672425,-5.672425,-5.672425,4.294801,-5.672425,-5.672425,-5.672425,-5.672425,-5.672425,-5.672425,-5.672425,-5.672425,-5.672425,-5.672425,-5.672425,-5.672425
-5.672425,-5.672425,-5.672425,-5.672425,-5.672425,-5.672425,-5.672425,-5.672425,-5.672425,-5.672425,-5.672425,-5.672425,-5.672425,-5.672425,-5.672425,4.294801,-5.672425,-5.672425,-5.672425,-5.672425
4.265684,-5.672425,-5.672425,-5.672425,-5.672425,-5.672425,-5.672425,-5.672425,-5.672425,-5.672425,-5.672425,-5.672425,-5.672425,-5.672425,-5.672425,-5.672425,-1.280108,-5.672425,-5.672425,-5.672425
-5.672425,-5.672425,-5.672425,-5.672425,-5.672425,-5.672425,-5.672425,4.294801,-5.672425,-5.672425,-5.672425,-5.672425,-5.672425,-5.672425,-5.672425,-5.672425,-5.672425,-5.672425,-5.672425,-5.672425
-5.672425,-5.672425,-5.672425,-5.672425,-5.672425,-5.672425,-5.672425,-5.672425,4.294801,-5.672425,-5.672425,-5.672425,-5.672425,-5.672425,-5.672425,-5.672425,-5.672425,-5.672425,-5.672425,-5.672425
-5.672425,-5.672425,4.294801,-5.672425,-5.672425,-5.672425,-5.672425,-5.672425,-5.672425,-5.672425,-5.672425,-5.672425,-5.672425,-5.672425,-5.672425,-5.672425,-5.672425,-5.672425,-5.672425,-5.672425
-5.672425,-5.672425,-5.672425,-5.672425,-5.672425,4.294801,-5.672425,-5.672425,-5.672425,-5.672425,-5.672425,-5.672425,-5.672425,-5.672425,-5.672425,-5.672425,-5.672425,-5.672425,-5.672425,-5.672425
-5.672425,-5.672425,-5.672425,-5.672425,-5.672425,-5.672425,-5.672425,4.294801,-5.672425,-5.672425,-5.672425,-5.672425,-5.672425,-5.672425,-5.672425,-5.672425,-5.672425,-5.672425,-5.672425,-5.672425
4.235967,-5.672425,-5.672425,-5.672425,-5.672425,-5.672425,-5.672425,-5.672425,-5.672425,-5.672425,-5.672425,-5.672425,-5.672425,-5.672425,-5.672425,-5.672425,-0.314873,-5.672425,-5.672425,-5.672425
-5.672425,-5.672425,-5.672425,-5.672425,-5.672425,-5.672425,-5.672425,4.294801,-5.672425,-5.672425,-5.672425,-5.672425,-5.672425,-5.672425,-5.672425,-5.672425,-5.672425,-5.672425,-5.672425,-5.672425
-5.672425,-5.672425,-5.672425,-5.672425,-5.672425,4.294801,-5.672425,-5.672425,-5.672425,-5.672425,-5.672425,-5.672425,-5.672425,-5.672425,-5.672425,-5.672425,-5.672425,-5.672425,-5.672425,-5.672425
-5.672425,-5.672425,-5.672425,-5.672425,-5.672425,-5.672425,-5.672425,-5.672425,4.294801,-5.672425,-5.672425,-5.672425,-5.672425,-5.672425,-5.672425,-5.672425,-5.672425,-5.672425,-5.672425,-5.672425
-5.672425,-5.672425,-5.672425,-5.672425,-5.672425,-5.672425,-5.672425,-5.672425,-5.672425,-5.672425,-5.672425,4.294801,-5.672425,-5.672425,-5.672425,-5.672425,-5.672425,-5.672425,-5.672425,-5.672425
-1.280108,-5.672425,-5.672425,-5.672425,-5.672425,-5.672425,-5.672425,-5.672425,-5.672425,-5.672425,-5.672425,-5.672425,-5.672425,-5.672425,-5.672425,-5.672425,-5.672425,4.265684,-5.672425,-5.672425
-5.672425,-5.672425,-5.672425,-5.672425,-5.672425,-5.672425,-5.672425,4.294801,-5.672425,-5.672425,-5.672425,-5.672425,-5.672425,-5.672425,-5.672425,-5.672425,-5.672425,-5.672425,-5.672425,-5.672425
-5.672425,-5.672425,-5.672425,-5.672425,-5.672425,-5.672425,-5.672425,-5.672425,-5.672425,-5.672425,-5.672425,-5.672425,-5.672425,-5.672425,-5.672425,-5.672425,-5.672425,4.294801,-5.672425,-5.672425
-5.672425,4.294801,-5.672425,-5.672425,-5.672425,-5.672425,-5.672425,-5.672425,-5.672425,-5.672425,-5.672425,-5.672425,-5.672425,-5.672425,-5.672425,-5.672425,-5.672425,-5.672425,-5.672425,-5.672425
-5.672425,-5.672425,-5.672425,-5.672425,-5.672425,4.294801,-5.672425,-5.672425,-5.672425,-5.672425,-5.672425,-5.672425,-5.672425,-5.672425,-5.672425,-5.672425,-5.672425,-5.672425,-5.672425,-5.672425
-5.672425,-5.672425,-5.672425,-5.672425,-5.672425,4.294801,-5.672425,-5.672425,-5.672425,-5.672425,-5.672425,-5.672425,-5.672425,-5.672425,-5.672425,-5.672425,-5.672425,-5.672425,-5.672425,-5.672425
-5.672425,-5.672425,-5.672425,-5.672425,-5.672425,-5.672425,-5.672425,-5.672425,-5.672425,-5.672425,-5.672425,-5.672425,-5.672425,-5.672425,-5.672425,-5.672425,4.294801,-5.672425,-5.672425,-5.672425
-5.672425,-5.672425,-5.672425,-5.672425,-5.672425,4.294801,-5.672425,-5.672425,-5.672425,-5.672425,-5.672425,-5.672425,-5.672425,-5.672425,-5.672425,-5.672425,-5.672425,-5.672425,-5.672425,-5.672425
-5.672425,-5.672425,-5.672425,-5.672425,-5.672425,-5.672425,-5.672425,-5.672425,-5.672425,-5.672425,-5.672425,-5.672425,-5.672425,-5.672425,-5.672425,4.294801,-5.672425,-5.672425,-5.672425,-5.672425
-5.672425,-5.672425,-5.672425,-5.672425,-5.672425,4.294801,-5.672425,-5.672425,-5.672425,-5.672425,-5.672425,-5.672425,-5.672425,-5.672425,-5.672425,-5.672425,-5.672425,-5.672425,-5.672425,-5.672425
-5.672425,-5.672425,-5.672425,-5.672425,-5.672425,-5.672425,-5.672425,-5.672425,4.294801,-5.672425,-5.672425,-5.672425,-5.672425,-5.672425,-5.672425,-5.672425,-5.672425,-5.672425,-5.672425,-5.672425
-5.672425,-5.672425,-5.672425,-5.672425,-5.672425,-5.672425,-5.672425,-5.672425,-5.672425,-5.672425,-5.672425,-5.672425,-5.672425,-5.672425,-5.672425,-5.672425,4.294801,-5.672425,-5.672425,-5.672425
-5.672425,-5.672425,-5.672425,-5.672425,-5.672425,-5.672425,-5.672425,-5.672425,-5.672425,-5.672425,-5.672425,-5.672425,-5.672425,-5.672425,-5.672425,-5.672425,4.294801,-5.672425,-5.672425,-5.672425
-5.672425,-5.672425,-5.672425,-5.672425,-5.672425,-5.672425,-5.672425,-5.672425,-5.672425,-5.672425,-5.672425,-5.672425,-5.672425,-5.672425,-5.672425,-5.672425,-5.672425,-5.672425,-5.672425,4.294801
-5.672425,-5.672425,-5.672425,-5.672425,-5.672425,-5.672425,-5.672425,4.235967,-5.672425,-5.672425,-5.672425,-5.672425,-5.672425,-5.672425,-5.672425,-5.672425,-5.672425,-0.314873,-5.672425,-5.672425
-5.672425,-5.672425,-5.672425,-5.672425,-5.672425,-5.672425,-5.672425,-5.672425,4.294801,-5.672425,-5.672425,-5.672425,-5.672425,-5.672425,-5.672425,-5.672425,-5.672425,-5.672425,-5.672425,-5.672425
-5.672425,-5.672425,-5.672425,-5.672425,-5.672425,-5.672425,-5.672425,-5.672425,-5.672425,-5.672425,-5.672425,-5.672425,-5.672425,-5.672425,-5.672425,4.294801,-5.672425,-5.672425,-5.672425,-5.672425
-5.672425,-5.672425,-5.672425,-5.672425,-5.672425,-5.672425,-5.672425,4.235967,-5.672425,-5.672425,-5.672425,-5.672425,-5.672425,-5.672425,-5.672425,-5.672425,-5.672425,-0.314873,-5.672425,-5.672425
-5.672425,-5.672425,-5.672425,-5.672425,-5.672425,-5.672425,-5.672425,-5.672425,-5.672425,-5.672425,4.294801,-5.672425,-5.672425,-5.672425,-5.672425,-5.672425,-5.672425,-5.672425,-5.672425,-5.672425
-5.672425,-5.672425,-5.672425,4.294801,-5.672425,-5.672425,-5.672425,-5.672425,-5.672425,-5.672425,-5.672425,-5.672425,-5.672425,-5.672425,-5.672425,-5.672425,-5.672425,-5.672425,-5.672425,-5.672425
-5.672425,-5.672425,-5.672425,-5.672425,4.294801,-5.672425,-5.672425,-5.672425,-5.672425,-5.672425,-5.672425,-5.672425,-5.672425,-5.672425,-5.672425,-5.672425,-5.672425,-5.672425,-5.672425,-5.672425
-5.672425,-5.672425,-5.672425,-5.672425,-5.672425,-5.672425,-5.672425,4.294801,-5.672425,-5.672425,-5.672425,-5.672425,-5.672425,-5.672425,-5.672425,-5.672425,-5.672425,-5.672425,-5.672425,-5.672425
-5.672425,-5.672425,-5.672425,-5.672425,-5.672425,-5.672425,-5.672425,-5.672425,-5.672425,-5.672425,-5.672425,-5.672425,4.294801,-5.672425,-5.672425,-5.672425,-5.672425,-5.672425,-5.672425,-5.672425
-5.672425,-5.672425,-5.672425,-5.672425,-5.672425,-5.672425,-5.672425,-5.672425,4.294801,-5.672425,-5.672425,-5.672425,-5.672425,-5.672425,-5.672425,-5.672425,-5.672425,-5.672425,-5.672425,-5.672425
-5.672425,-5.672425,-5.672425,4.265684,-5.672425,-5.672425,-5.672425,-5.672425,-1.280108,-5.672425,-5.672425,-5.672425,-5.672425,-5.672425,-5.672425,-5.672425,-5.672425,-5.672425,-5.672425,-5.672425
-5.672425,-5.672425,-5.672425,4.294801,-5.672425,-5.672425,-5.672425,-5.672425,-5.672425,-5.672425,-5.672425,-5.672425,-5.672425,-5.672425,-5.672425,-5.672425,-5.672425,-5.672425,-5.672425,-5.672425
-5.672425,-5.672425,-5.672425,-5.672425,-5.672425,-5.672425,-5.672425,-5.672425,-5.672425,-5.672425,-5.672425,-5.672425,-5.672425,-5.672425,4.294801,-5.672425,-5.672425,-5.672425,-5.672425,-5.672425
-5.672425,-5.672425,-5.672425,-5.672425,-5.672425,-5.672425,-5.672425,4.294801,-5.672425,-5.672425,-5.672425,-5.672425,-5.672425,-5.672425,-5.672425,-5.672425,-5.672425,-5.672425,-5.672425,-5.672425
-5.672425,-5.672425,-5.672425,-5.672425,-5.672425,-5.672425,-5.672425,4.265684,-5.672425,-5.672425,-5.672425,-5.672425,-5.672425,-5.672425,-5.672425,-5.672425,-5.672425,-1.280108,-5.672425,-5.672425
-5.672425,-5.672425,-5.672425,-5.672425,-5.672425,-5.672425,-5.672425,-5.672425,-5.672425,-5.672425,-5.672425,-5.672425,-5.672425,-5.672425,-5.672425,4.294801,-5.672425,-5.672425,-5.672425,-5.672425
-5.672425,-5.672425,-5.672425,-5.672425,-5.672425,-5.672425,-5.672425,4.294801,-5.672425,-5.672425,-5.672425,-5.672425,-5.672425,-5.672425,-5.672425,-5.672425,-5.672425,-5.672425,-5.672425,-5.672425
-5.672425,-5.672425,-5.672425,4.294801,-5.672425,-5.672425,-5.672425,-5.672425,-5.672425,-5.672425,-5.672425,-5.672425,-5.672425,-5.672425,-5.672425,-5.672425,-5.672425,-5.672425,-5.672425,-5.672425
-5.672425,-5.672425,4.294801,-5.672425,-5.672425,-5.672425,-5.672425,-5.672425,-5.672425,-5.672425,-5.672425,-5.672425,-5.672425,-5.672425,-5.672425,-5.672425,-5.672425,-5.672425,-5.672425,-5.672425
-5.672425,-5.672425,-5.672425,-5.672425,-5.672425,-5.672425,-5.672425,-5.672425,-5.672425,-5.672425,-5.672425,-5.672425,-5.672425,-5.672425,-5.672425,-5.672425,4.294801,-5.672425,-5.672425,-5.672425
-5.672425,-5.672425,-5.672425,4.294801,-5.672425,-5.672425,-5.672425,-5.672425,-5.672425,-5.672425,-5.672425,-5.672425,-5.672425,-5.672425,-5.672425,-5.672425,-5.672425,-5.672425,-5.672425,-5.672425
-5.672425,-5.672425,-5.672425,4.294801,-5.672425,-5.672425,-5.672425,-5.672425,-5.672425,-5.672425,-5.672425,-5.672425,-5.672425,-5.672425,-5.672425,-5.672425,-5.672425,-5.672425,-5.672425,-5.672425
-5.672425,-5.672425,-5.672425,-5.672425,-5.672425,-5.672425,-5.672425,4.294801,-5.672425,-5.672425,-5.672425,-5.672425,-5.672425,-5.672425,-5.672425,-5.672425,-5.672425,-5.672425,-5.672425,-5.672425
-5.672425,-5.672425,-5.672425,-5.672425,-5.672425,-5.672425,-5.672425,-5.672425,-5.672425,-5.672425,-5.672425,-5.672425,-5.672425,-5.672425,-5.672425,-5.672425,-5.672425,4.294801,-5.672425,-5.672425
-5.672425,-5.672425,-5.672425,-5.672425,4.294801,-5.672425,-5.672425,-5.672425,-5.672425,-5.672425,-5.672425,-5.672425,-5.672425,-5.672425,-5.672425,-5.672425,-5.672425,-5.672425,-5.672425,-5.672425
-5.672425,-5.672425,-5.672425,-5.672425,-5.672425,-5.672425,-5.672425,-5.672425,4.294801,-5.672425,-5.672425,-5.672425,-5.672425,-5.672425,-5.672425,-5.672425,-5.672425,-5.672425,-5.672425,-5.672425
-5.672425,-5.672425,-5.672425,-5.672425,-5.672425,-5.672425,4.294801,-5.672425,-5.672425,-5.672425,-5.672425,-5.672425,-5.672425,-5.672425,-5.672425,-5.672425,-5.672425,-5.672425,-5.672425,-5.672425
-5.672425,-5.672425,-5.672425,-5.672425,-5.672425,-5.672425,4.294801,-5.672425,-5.672425,-5.672425,-5.672425,-5.672425,-5.672425,-5.672425,-5.672425,-5.672425,-5.672425,-5.672425,-5.672425,-5.672425
-5.672425,-5.672425,-5.672425,-5.672425,-5.672425,-5.672425,-5.672425,-5.672425,4.294801,-5.672425,-5.672425,-5.672425,-5.672425,-5.672425,-5.672425,-5.672425,-5.672425,-5.672425,-5.672425,-5.672425
-5.672425,-5.672425,-5.672425,-5.672425,-5.672425,-5.672425,-5.672425,-5.672425,-5.672425,-5.672425,-5.672425,4.294801,-5.672425,-5.672425,-5.672425,-5.672425,-5.672425,-5.672425,-5.672425,-5.672425
-5.672425,-5.672425,-5.672425,-5.672425,-5.672425,-5.672425,-5.672425,-5.672425,-5.672425,-5.672425,-5.672425,-5.672425,-5.672425,-5.672425,-5.672425,-5.672425,-5.672425,-5.672425,-5.672425,4.294801
-5.672425,-5.672425,-5.672425,-5.672425,-5.672425,-5.672425,-5.672425,-5.672425,-5.672425,-5.672425,-5.672425,-5.672425,-5.672425,-5.672425,-5.672425,-5.672425,4.294801,-5.672425,-5.672425,-5.672425
-5.672425,-5.672425,-5.672425,-5.672425,-5.672425,-5.672425,-5.672425,-5.672425,-5.672425,-5.672425,-5.672425,-5.672425,-5.672425,4.294801,-5.672425,-5.672425,-5.672425,-5.672425,-5.672425,-5.672425
-5.672425,-5.672425,-5.672425,-5.672425,-5.672425,-5.672425,-5.672425,-5.672425,-5.672425,4.294801,-5.672425,-5.672425,-5.672425,-5.672425,-5.672425,-5.672425,-5.672425,-5.672425,-5.672425,-5.672425
-5.672425,-5.672425,-5.672425,-5.672425,4.294801,-5.672425,-5.672425,-5.672425,-5.672425,-5.672425,-5.672425,-5.672425,-5.672425,-5.672425,-5.672425,-5.672425,-5.672425,-5.672425,-5.672425,-5.672425
-5.672425,-5.672425,-5.672425,-5.672425,4.294801,-5.672425,-5.672425,-5.672425,-5.672425,-5.672425,-5.672425,-5.672425,-5.672425,-5.672425,-5.672425,-5.672425,-5.672425,-5.672425,-5.672425,-5.672425
-5.672425,-5.672425,-5.672425,-5.672425,-5.672425,4.294801,-5.672425,-5.672425,-5.672425,-5.672425,-5.672425,-5.672425,-5.672425,-5.672425,-5.672425,-5.672425,-5.672425,-5.672425,-5.672425,-5.672425
-5.672425,-5.672425,-5.672425,-5.672425,-5.672425,4.294801,-5.672425,-5.672425,-5.672425,-5.672425,-5.672425,-5.672425,-5.672425,-5.672425,-5.672425,-5.672425,-5.672425,-5.672425,-5.672425,-5.672425
-5.672425,-5.672425,-5.672425,-5.672425,-5.672425,-5.672425,-5.672425,-5.672425,-5.672425,-5.672425,-5.672425,4.294801,-5.672425,-5.672425,-5.672425,-5.672425,-5.672425,-5.672425,-5.672425,-5.672425
-5.672425,-5.672425,-5.672425,-5.672425,-5.672425,-5.672425,-5.672425,4.294801,-5.672425,-5.672425,-5.672425,-5.672425,-5.672425,-5.672425,-5.672425,-5.672425,-5.672425,-5.672425,-5.672425,-5.672425
-5.672425,-5.672425,-5.672425,-5.672425,-5.672425,-5.672425,-5.672425,-5.672425,-5.672425,-5.672425,-5.672425,-5.672425,-5.672425,-5.672425,-5.672425,-5.672425,4.294801,-5.672425,-5.672425,-5.672425
-5.672425,-5.672425,-5.672425,-5.672425,-5.672425,-5.672425,-5.672425,-5.672425,-5.672425,-5.672425,-5.672425,-5.672425,-5.672425,-5.672425,-5.672425,4.294801,-5.672425,-5.672425,-5.672425,-5.672425
4.294801,-5.672425,-5.672425,-5.672425,-5.672425,-5.672425,-5.672425,-5.672425,-5.672425,-5.672425,-5.672425,-5.672425,-5.672425,-5.672425,-5.672425,-5.672425,-5.672425,-5.672425,-5.672425,-5.672425
-5.672425,-5.672425,4.294801,-5.672425,-5.672425,-5.672425,-5.672425,-5.672425,-5.672425,-5.672425,-5.672425,-5.672425,-5.672425,-5.672425,-5.672425,-5.672425,-5.672425,-5.672425,-5.672425,-5.672425
-5.672425,4.294801,-5.672425,-5.672425,-5.672425,-5.672425,-5.672425,-5.672425,-5.672425,-5.672425,-5.672425,-5.672425,-5.672425,-5.672425,-5.672425,-5.672425,-5.672425,-5.672425,-5.672425,-5.672425
-5.672425,-5.672425,-5.672425,-5.672425,-5.672425,-5.672425,-5.672425,-5.672425,-5.672425,4.294801,-5.672425,-5.672425,-5.672425,-5.672425,-5.672425,-5.672425,-5.672425,-5.672425,-5.672425,-5.672425
-5.672425,-5.672425,-5.672425,-5.672425,-5.672425,-5.672425,-5.672425,-5.672425,4.294801,-5.672425,-5.672425,-5.672425,-5.672425,-5.672425,-5.672425,-5.672425,-5.672425,-5.672425,-5.672425,-5.672425
-5.672425,-5.672425,-5.672425,-5.672425,-5.672425,-5.672425,-5.672425,-5.672425,-5.672425,-5.672425,-5.672425,-5.672425,-5.672425,-5.672425,-5.672425,4.294801,-5.672425,-5.672425,-5.672425,-5.672425
-5.672425,4.294801,-5.672425,-5.672425,-5.672425,-5.672425,-5.672425,-5.672425,-5.672425,-5.672425,-5.672425,-5.672425,-5.672425,-5.672425,-5.672425,-5.672425,-5.672425,-5.672425,-5.672425,-5.672425
-5.672425,-5.672425,-5.672425,-5.672425,-5.672425,-5.672425,-5.672425,-5.672425,-5.672425,4.294801,-5.672425,-5.672425,-5.672425,-5.672425,-5.672425,-5.672425,-5.672425,-5.672425,-5.672425,-5.672425
-5.672425,-5.672425,-5.672425,-5.672425,-5.672425,-5.672425,-5.672425,-5.672425,-5.672425,-5.672425,-5.672425,-5.672425,-5.672425,-5.672425,4.294801,-5.672425,-5.672425,-5.672425,-5.672425,-5.672425
-5.672425,-5.672425,-5.672425,-5.672425,-5.672425,-5.672425,-5.672425,-5.672425,-5.672425,-5.672425,4.294801,-5.672425,-5.672425,-5.672425,-5.672425,-5.672425,-5.672425,-5.672425,-5.672425,-5.672425
-5.672425,-5.672425,-5.672425,-5.672425,-5.672425,-5.672425,-5.672425,-5.672425,-5.672425,-5.672425,-5.672425,-5.672425,-5.672425,-5.672425,4.294801,-5.672425,-5.672425,-5.672425,-5.672425,-5.672425
-5.672425,-5.672425,-5.672425,-5.672425,-5.672425,-5.672425,-5.672425,-5.672425,-5.672425,-5.672425,-5.672425,-5.672425,4.294801,-5.672425,-5.672425,-5.672425,-5.672425,-5.672425,-5.672425,-5.672425
-5.672425,-5.672425,4.294801,-5.672425,-5.672425,-5.672425,-5.672425,-5.672425,-5.672425,-5.672425,-5.672425,-5.672425,-5.672425,-5.672425,-5.672425,-5.672425,-5.672425,-5.672425,-5.672425,-5.672425
-5.672425,-5.672425,-5.672425,-5.672425,-5.672425,-5.672425,-5.672425,-5.672425,-5.672425,-5.672425,-5.672425,-5.672425,-5.672425,-5.672425,4.294801,-5.672425,-5.672425,-5.672425,-5.672425,-5.672425
-5.672425,-5.672425,-5.672425,-5.672425,-5.672425,-5.672425,-5.672425,4.294801,-5.672425,-5.672425,-5.672425,-5.672425,-5.672425,-5.672425,-5.672425,-5.672425,-5.672425,-5.672425,-5.672425,-5.672425
-5.672425,-5.672425,-5.672425,-5.672425,-5.672425,-5.672425,-5.672425,4.294801,-5.672425,-5.672425,-5.672425,-5.672425,-5.672425,-5.672425,-5.672425,-5.672425,-5.672425,-5.672425,-5.672425,-5.672425
-5.672425,-5.672425,-5.672425,-5.672425,-5.672425,-5.672425,-5.672425,-5.672425,-5.672425,4.294801,-5.672425,-5.672425,-5.672425,-5.672425,-5.672425,-5.672425,-5.672425,-5.672425,-5.672425,-5.672425
-5.672425,-5.672425,-5.672425,-5.672425,-5.672425,4.294801,-5.672425,-5.672425,-5.672425,-5.672425,-5.672425,-5.672425,-5.672425,-5.672425,-5.672425,-5.672425,-5.672425,-5.672425,-5.672425,-5.672425
-5.672425,-5.672425,-5.672425,4.294801,-5.672425,-5.672425,-5.672425,-5.672425,-5.672425,-5.672425,-5.672425,-5.672425,-5.672425,-5.672425,-5.672425,-5.672425,-5.672425,-5.672425,-5.672425,-5.672425
-5.672425,-5.672425,-5.672425,-5.672425,-5.672425,-5.672425,-5.672425,-5.672425,-5.672425,4.294801,-5.672425,-5.672425,-5.672425,-5.672425,-5.672425,-5.672425,-5.672425,-5.672425,-5.672425,-5.672425
-5.672425,-5.672425,-5.672425,-5.672425,-5.672425,-5.672425,-5.672425,-5.672425,-5.672425,-5.672425,-5.672425,-5.672425,-5.672425,-5.672425,4.294801,-5.672425,-5.672425,-5.672425,-5.672425,-5.672425
-5.672425,-5.672425,-5.672425,-5.672425,-5.672425,-1.280108,-5.672425,-5.672425,-5.672425,-5.672425,-5.672425,-5.672425,-5.672425,-5.672425,-5.672425,4.265684,-5.672425,-5.672425,-5.672425,-5.672425
-5.672425,-5.672425,-5.672425,-5.672425,-5.672425,-5.672425,-5.672425,-5.672425,-5.672425,-5.672425,-5.672425,-5.672425,-5.672425,-5.672425,-5.672425,4.294801,-5.672425,-5.672425,-5.672425,-5.672425
-5.672425,-5.672425,-5.672425,4.294801,-5.672425,-5.672425,-5.672425,-5.672425,-5.672425,-5.672425,-5.672425,-5.672425,-5.672425,-5.672425,-5.672425,-5.672425,-5.672425,-5.672425,-5.672425,-5.672425
4.294801,-5.672425,-5.672425,-5.672425,-5.672425,-5.672425,-5.672425,-5.672425,-5.672425,-5.672425,-5.672425,-5.672425,-5.672425,-5.672425,-5.672425,-5.672425,-5.672425,-5.672425,-5.672425,-5.672425
-5.672425,-5.672425,-5.672425,-5.672425,-5.672425,-5.672425,-5.672425,-5.672425,-5.672425,-5.672425,-5.672425,-5.672425,-5.672425,-5.672425,-5.672425,-5.672425,-5.672425,-5.672425,-5.672425,4.294801
-5.672425,-5.672425,4.294801,-5.672425,-5.672425,-5.672425,-5.672425,-5.672425,-5.672425,-5.672425,-5.672425,-5.672425,-5.672425,-5.672425,-5.672425,-5.672425,-5.672425,-5.672425,-5.672425,-5.672425
-5.672425,-5.672425,-5.672425,-5.672425,4.294801,-5.672425,-5.672425,-5.672425,-5.672425,-5.672425,-5.672425,-5.672425,-5.672425,-5.672425,-5.672425,-5.672425,-5.672425,-5.672425,-5.672425,-5.672425
-5.672425,-5.672425,-5.672425,-5.672425,-5.672425,-5.672425,-5.672425,-5.672425,-5.672425,-5.672425,-5.672425,-5.672425,-5.672425,-5.672425,-5.672425,-5.672425,-5.672425,-5.672425,-5.672425,4.294801
-5.672425,-5.672425,-5.672425,-5.672425,-5.672425,-5.672425,-5.672425,-5.672425,-5.672425,-5.672425,-5.672425,4.294801,-5.672425,-5.672425,-5.672425,-5.672425,-5.672425,-5.672425,-5.672425,-5.672425
-5.672425,-5.672425,-5.672425,-5.672425,-5.672425,-5.672425,-5.672425,-5.672425,-5.672425,-5.672425,-5.672425,-5.672425,-5.672425,-5.672425,-5.672425,-5.672425,-5.672425,4.294801,-5.672425,-5.672425
-5.672425,-5.672425,-5.672425,-5.672425,-5.672425,-5.672425,-5.672425,-5.672425,-5.672425,4.294801,-5.672425,-5.672425,-5.672425,-5.672425,-5.672425,-5.672425,-5.672425,-5.672425,-5.672425,-5.672425
-5.672425,4.294801,-5.672425,-5.672425,-5.672425,-5.672425,-5.672425,-5.672425,-5.672425,-5.672425,-5.672425,-5.672425,-5.672425,-5.672425,-5.672425,-5.672425,-5.672425,-5.672425,-5.672425,-5.672425
-5.672425,-5.672425,-5.672425,-5.672425,-5.672425,-5.672425,-5.672425,-5.672425,-5.672425,-5.672425,-5.672425,-5.672425,-5.672425,-5.672425,-5.672425,4.294801,-5.672425,-5.672425,-5.672425,-5.672425
-5.672425,-5.672425,-5.672425,-5.672425,-5.672425,4.294801,-5.672425,-5.672425,-5.672425,-5.672425,-5.672425,-5.672425,-5.672425,-5.672425,-5.672425,-5.672425,-5.672425,-5.672425,-5.672425,-5.672425
-5.672425,-5.672425,-5.672425,-5.672425,-5.672425,-5.672425,4.294801,-5.672425,-5.672425,-5.672425,-5.672425,-5.672425,-5.672425,-5.672425,-5.672425,-5.672425,-5.672425,-5.672425,-5.672425,-5.672425
-5.672425,-5.672425,-5.672425,-5.672425,-5.672425,-5.672425,-5.672425,-5.672425,4.294801,-5.672425,-5.672425,-5.672425,-5.672425,-5.672425,-5.672425,-5.672425,-5.672425,-5.672425,-5.672425,-5.672425
-5.672425,-5.672425,-5.672425,-5.672425,-5.672425,4.294801,-5.672425,-5.672425,-5.672425,-5.672425,-5.672425,-5.672425,-5.672425,-5.672425,-5.672425,-5.672425,-5.672425,-5.672425,-5.672425,-5.672425
-5.672425,-5.672425,-5.672425,-5.672425,-5.672425,-5.672425,-5.672425,-5.672425,-5.672425,-5.672425,-5.672425,-5.672425,-5.672425,-5.672425,-5.672425,-5.672425,4.294801,-5.672425,-5.672425,-5.672425
-5.672425,-5.672425,-5.672425,-5.672425,-5.672425,-5.672425,-5.672425,-5.672425,-5.672425,4.294801,-5.672425,-5.672425,-5.672425,-5.672425,-5.672425,-5.672425,-5.672425,-5.672425,-5.672425,-5.672425
-5.672425,-5.672425,-5.672425,-5.672425,-5.672425,-5.672425,-5.672425,-5.672425,-5.672425,-5.672425,-5.672425,-5.672425,-5.672425,-5.672425,-5.672425,-5.672425,4.294801,-5.672425,-5.672425,-5.672425
-5.672425,-5.672425,-5.672425,-5.672425,-5.672425,-5.672425,-5.672425,-5.672425,-5.672425,-5.672425,-5.672425,-5.672425,-5.672425,-5.672425,-5.672425,-5.672425,4.294801,-5.672425,-5.672425,-5.672425
-5.672425,-5.672425,-5.672425,-5.672425,-5.672425,-5.672425,-5.672425,-5.672425,-5.672425,4.294801,-5.672425,-5.672425,-5.672425,-5.672425,-5.672425,-5.672425,-5.672425,-5.672425,-5.672425,-5.672425
-5.672425,-5.672425,-5.672425,-5.672425,-5.672425,-5.672425,4.294801,-5.672425,-5.672425,-5.672425,-5.672425,-5.672425,-5.672425,-5.672425,-5.672425,-5.672425,-5.672425,-5.672425,-5.672425,-5.672425
4.294801,-5.672425,-5.672425,-5.672425,-5.672425,-5.672425,-5.672425,-5.672425,-5.672425,-5.672425,-5.672425,-5.672425,-5.672425,-5.672425,-5.672425,-5.672425,-5.672425,-5.672425,-5.672425,-5.672425
-5.672425,-5.672425,-5.672425,-5.672425,-5.672425,4.294801,-5.672425,-5.672425,-5.672425,-5.672425,-5.672425,-5.672425,-5.672425,-5.672425,-5.672425,-5.672425,-5.672425,-5.672425,-5.672425,-5.672425
-5.672425,-5.672425,-5.672425,-5.672425,-5.672425,-5.672425,-5.672425,-5.672425,-5.672425,-5.672425,-5.672425,-5.672425,-5.672425,-5.672425,-5.672425,4.294801,-5.672425,-5.672425,-5.672425,-5.672425
-5.672425,-5.672425,-5.672425,-5.672425,-5.672425,-5.672425,-5.672425,-5.672425,-5.672425,-5.672425,-5.672425,-5.672425,-5.672425,-5.672425,-5.672425,4.294801,-5.672425,-5.672425,-5.672425,-5.672425
-5.672425,-5.672425,-5.672425,4.294801,-5.672425,-5.672425,-5.672425,-5.672425,-5.672425,-5.672425,-5.672425,-5.672425,-5.672425,-5.672425,-5.672425,-5.672425,-5.672425,-5.672425,-5.672425,-5.672425
-5.672425,-5.672425,-5.672425,4.294801,-5.672425,-5.672425,-5.672425,-5.672425,-5.672425,-5.672425,-5.672425,-5.672425,-5.672425,-5.672425,-5.672425,-5.672425,-5.672425,-5.672425,-5.672425,-5.672425
4.265684,-5.672425,-5.672425,-5.672425,-5.672425,-5.672425,-5.672425,-5.672425,-5.672425,-5.672425,-5.672425,-5.672425,-5.672425,-5.672425,-5.672425,-5.672425,-1.280108,-5.672425,-5.672425,-5.672425
-5.672425,-5.672425,-5.672425,-5.672425,4.294801,-5.672425,-5.672425,-5.672425,-5.672425,-5.672425,-5.672425,-5.672425,-5.672425,-5.672425,-5.672425,-5.672425,-5.672425,-5.672425,-5.672425,-5.672425
-5.672425,-5.672425,-5.672425,-5.672425,-5.672425,-5.672425,-5.672425,4.294801,-5.672425,-5.672425,-5.672425,-5.672425,-5.672425,-5.672425,-5.672425,-5.672425,-5.672425,-5.672425,-5.672425,-5.672425
-5.672425,-5.672425,-5.672425,-5.672425,-5.672425,-5.672425,-5.672425,-5.672425,-5.672425,-5.672425,-5.672425,-5.672425,-5.672425,-5.672425,4.294801,-5.672425,-5.672425,-5.672425,-5.672425,-5.672425
-5.672425,-5.672425,-5.672425,-5.672425,-5.672425,-5.672425,-5.672425,-5.672425,-5.672425,4.294801,-5.672425,-5.672425,-5.672425,-5.672425,-5.672425,-5.672425,-5.672425,-5.672425,-5.672425,-5.672425
4.294801,-5.672425,-5.672425,-5.672425,-5.672425,-5.672425,-5.672425,-5.672425,-5.672425,-5.672425,-5.672425,-5.672425,-5.672425,-5.672425,-5.672425,-5.672425,-5.672425,-5.672425,-5.672425,-5.672425
-5.672425,-5.672425,-5.672425,-5.672425,-5.672425,-5.672425,-5.672425,-5.672425,-5.672425,-5.672425,-5.672425,4.294801,-5.672425,-5.672425,-5.672425,-5.672425,-5.672425,-5.672425,-5.672425,-5.672425
-5.672425,-5.672425,-5.672425,-5.672425,-5.672425,-5.672425,-5.672425,-5.672425,-5.672425,-5.672425,4.294801,-5.672425,-5.672425,-5.672425,-5.672425,-5.672425,-5.672425,-5.672425,-5.672425,-5.672425
-5.672425,-5.672425,-5.672425,-5.672425,-5.672425,-5.672425,-5.672425,-5.672425,-5.672425,-5.672425,-5.672425,-5.672425,-5.672425,-5.672425,-5.672425,4.294801,-5.672425,-5.672425,-5.672425,-5.672425
-5.672425,-5.672425,-5.672425,-5.672425,-5.672425,-5.672425,-5.672425,-5.672425,-5.672425,-5.672425,-5.672425,-5.672425,-5.672425,-5.672425,-5.672425,4.294801,-5.672425,-5.672425,-5.672425,-5.672425
-5.672425,-5.672425,-5.672425,-5.672425,-5.672425,-5.672425,-5.672425,-5.672425,-5.672425,-5.672425,-5.672425,-5.672425,-5.672425,-5.672425,-5.672425,4.294801,-5.672425,-5.672425,-5.672425,-5.672425
-5.672425,-5.672425,-5.672425,-5.672425,-5.672425,-5.672425,-5.672425,-5.672425,-5.672425,-5.672425,-5.672425,4.294801,-5.672425,-5.672425,-5.672425,-5.672425,-5.672425,-5.672425,-5.672425,-5.672425
-5.672425,-5.672425,-5.672425,-5.672425,-5.672425,-5.672425,-5.672425,-5.672425,-5.672425,-5.672425,-5.672425,0.667425,-5.672425,-5.672425,-5.672425,4.174632,-5.672425,-5.672425,-5.672425,-5.672425
4.265684,-5.672425,-5.672425,-5.672425,-5.672425,-5.672425,-5.672425,-5.672425,-5.672425,-5.672425,-5.672425,-5.672425,-5.672425,-5.672425,-5.672425,-1.280108,-5.672425,-5.672425,-5.672425,-5.672425
4.294801,-5.672425,-5.672425,-5.672425,-5.672425,-5.672425,-5.672425,-5.672425,-5.672425,-5.672425,-5.672425,-5.672425,-5.672425,-5.672425,-5.672425,-5.672425,-5.672425,-5.672425,-5.672425,-5.672425
-5.672425,-5.672425,-5.672425,-5.672425,-5.672425,-5.672425,-5.672425,-5.672425,-5.672425,-5.672425,-5.672425,-5.672425,-5.672425,-5.672425,4.294801,-5.672425,-5.672425,-5.672425,-5.672425,-5.672425
-5.672425,-5.672425,-5.672425,-5.672425,-5.672425,-5.672425,-5.672425,-5.672425,-5.672425,-5.672425,-5.672425,4.294801,-5.672425,-5.672425,-5.672425,-5.672425,-5.672425,-5.672425,-5.672425,-5.672425
-5.672425,-5.672425,-5.672425,-5.672425,-5.672425,-5.672425,-5.672425,4.294801,-5.672425,-5.672425,-5.672425,-5.672425,-5.672425,-5.672425,-5.672425,-5.672425,-5.672425,-5.672425,-5.672425,-5.672425
-5.672425,-5.672425,-5.672425,-5.672425,-5.672425,-5.672425,-5.672425,-5.672425,4.265684,-5.672425,-5.672425,-5.672425,-5.672425,-5.672425,-1.280108,-5.672425,-5.672425,-5.672425,-5.672425,-5.672425
-5.672425,-5.672425,-5.672425,-5.672425,4.294801,-5.672425,-5.672425,-5.672425,-5.672425,-5.672425,-5.672425,-5.672425,-5.672425,-5.672425,-5.672425,-5.672425,-5.672425,-5.672425,-5.672425,-5.672425
-5.672425,-5.672425,-5.672425,4.294801,-5.672425,-5.672425,-5.672425,-5.672425,-5.672425,-5.672425,-5.672425,-5.672425,-5.672425,-5.672425,-5.672425,-5.672425,-5.672425,-5.672425,-5.672425,-5.672425
-5.672425,-5.672425,-5.672425,-5.672425,-5.672425,-5.672425,-5.672425,-5.672425,-5.672425,-5.672425,-5.672425,-5.672425,-5.672425,-5.672425,-5.672425,4.294801,-5.672425,-5.672425,-5.672425,-5.672425
-5.672425,-5.672425,-5.672425,-5.672425,-5.672425,-5.672425,-5.672425,-5.672425,-5.672425,4.294801,-5.672425,-5.672425,-5.672425,-5.672425,-5.672425,-5.672425,-5.672425,-5.672425,-5.672425,-5.672425
-5.672425,-5.672425,-5.672425,-5.672425,-5.672425,-5.672425,-5.672425,4.235967,-5.672425,-5.672425,-5.672425,-5.672425,-5.672425,-5.672425,-5.672425,-5.672425,-5.672425,-0.314873,-5.672425,-5.672425
-5.672425,-5.672425,-1.280108,4.265684,-5.672425,-5.672425,-5.672425,-5.672425,-5.672425,-5.672425,-5.672425,-5.672425,-5.672425,-5.672425,-5.672425,-5.672425,-5.672425,-5.672425,-5.672425,-5.672425
-5.672425,-5.672425,-5.672425,-5.672425,-5.672425,4.294801,-5.672425,-5.672425,-5.672425,-5.672425,-5.672425,-5.672425,-5.672425,-5.672425,-5.672425,-5.672425,-5.672425,-5.672425,-5.672425,-5.672425
-5.672425,-5.672425,-5.672425,-5.672425,4.294801,-5.672425,-5.672425,-5.672425,-5.672425,-5.672425,-5.672425,-5.672425,-5.672425,-5.672425,-5.672425,-5.672425,-5.672425,-5.672425,-5.672425,-5.672425
-5.672425,-5.672425,-5.672425,-5.672425,-5.672425,-5.672425,-5.672425,-5.672425,4.265684,-5.672425,-5.672425,-5.672425,-5.672425,-5.672425,-1.280108,-5.672425,-5.672425,-5.672425,-5.672425,-5.672425
-5.672425,-5.672425,4.294801,-5.672425,-5.672425,-5.672425,-5.672425,-5.672425,-5.672425,-5.672425,-5.672425,-5.672425,-5.672425,-5.672425,-5.672425,-5.672425,-5.672425,-5.672425,-5.672425,-5.672425
-5.672425,-5.672425,-5.672425,-5.672425,-5.672425,-5.672425,-5.672425,-5.672425,-5.672425,4.294801,-5.672425,-5.672425,-5.672425,-5.672425,-5.672425,-5.672425,-5.672425,-5.672425,-5.672425,-5.672425
-5.672425,-5.672425,-5.672425,-5.672425,-5.672425,-5.672425,-5.672425,4.294801,-5.672425,-5.672425,-5.672425,-5.672425,-5.672425,-5.672425,-5.672425,-5.672425,-5.672425,-5.672425,-5.672425,-5.672425
-5.672425,-5.672425,4.294801,-5.672425,-5.672425,-5.672425,-5.672425,-5.672425,-5.672425,-5.672425,-5.672425,-5.672425,-5.672425,-5.672425,-5.672425,-5.672425,-5.672425,-5.672425,-5.672425,-5.672425
-5.672425,-5.672425,-5.672425,-5.672425,-5.672425,-5.672425,-5.672425,0.258312,-5.672425,-5.672425,4.205626,-5.672425,-5.672425,-5.672425,-5.672425,-5.672425,-5.672425,-5.672425,-5.672425,-5.672425
-5.672425,-5.672425,-5.672425,-5.672425,-5.672425,-5.672425,-5.672425,4.265684,-5.672425,-5.672425,-5.672425,-5.672425,-5.672425,-5.672425,-5.672425,-5.672425,-5.672425,-1.280108,-5.672425,-5.672425
-5.672425,-5.672425,-5.672425,-5.672425,-5.672425,-5.672425,-5.672425,-1.280108,-5.672425,-5.672425,-5.672425,-5.672425,-5.672425,-5.672425,-5.672425,-5.672425,-5.672425,4.265684,-5.672425,-5.672425
-5.672425,-5.672425,-5.672425,-5.672425,-5.672425,-5.672425,4.294801,-5.672425,-5.672425,-5.672425,-5.672425,-5.672425,-5.672425,-5.672425,-5.672425,-5.672425,-5.672425,-5.672425,-5.672425,-5.672425
-5.672425,-5.672425,-5.672425,-5.672425,-5.672425,-5.672425,-5.672425,4.294801,-5.672425,-5.672425,-5.672425,-5.672425,-5.672425,-5.672425,-5.672425,-5.672425,-5.672425,-5.672425,-5.672425,-5.672425
-5.672425,-5.672425,-5.672425,-5.672425,-5.672425,-5.672425,-5.672425,-5.672425,-5.672425,-5.672425,-5.672425,4.294801,-5.672425,-5.672425,-5.672425,-5.672425,-5.672425,-5.672425,-5.672425,-5.672425
-5.672425,-5.672425,-5.672425,-5.672425,-5.672425,-5.672425,4.294801,-5.672425,-5.672425,-5.672425,-5.672425,-5.672425,-5.672425,-5.672425,-5.672425,-5.672425,-5.672425,-5.672425,-5.672425,-5.672425
-5.672425,-5.672425,-5.672425,-5.672425,-5.672425,-5.672425,4.294801,-5.672425,-5.672425,-5.672425,-5.672425,-5.672425,-5.672425,-5.672425,-5.672425,-5.672425,-5.672425,-5.672425,-5.672425,-5.672425
-5.672425,-5.672425,-5.672425,-5.672425,-5.672425,-5.672425,-5.672425,-5.672425,4.294801,-5.672425,-5.672425,-5.672425,-5.672425,-5.672425,-5.672425,-5.672425,-5.672425,-5.672425,-5.672425,-5.672425
-5.672425,-5.672425,-5.672425,-5.672425,-5.672425,-5.672425,-5.672425,-5.672425,-5.672425,-5.672425,-5.672425,-5.672425,-5.672425,4.294801,-5.672425,-5.672425,-5.672425,-5.672425,-5.672425,-5.672425
-5.672425,4.294801,-5.672425,-5.672425,-5.672425,-5.672425,-5.672425,-5.672425,-5.672425,-5.672425,-5.672425,-5.672425,-5.672425,-5.672425,-5.672425,-5.672425,-5.672425,-5.672425,-5.672425,-5.672425
-5.672425,-5.672425,4.294801,-5.672425,-5.672425,-5.672425,-5.672425,-5.672425,-5.672425,-5.672425,-5.672425,-5.672425,-5.672425,-5.672425,-5.672425,-5.672425,-5.672425,-5.672425,-5.672425,-5.672425
-5.672425,-5.672425,-5.672425,4.294801,-5.672425,-5.672425,-5.672425,-5.672425,-5.672425,-5.672425,-5.672425,-5.672425,-5.672425,-5.672425,-5.672425,-5.672425,-5.672425,-5.672425,-5.672425,-5.672425
-5.672425,-5.672425,-5.672425,-5.672425,4.294801,-5.672425,-5.672425,-5.672425,-5.672425,-5.672425,-5.672425,-5.672425,-5.672425,-5.672425,-5.672425,-5.672425,-5.672425,-5.672425,-5.672425,-5.672425
-5.672425,-5.672425,-5.672425,-5.672425,-5.672425,-5.672425,-5.672425,-5.672425,-5.672425,-5.672425,-5.672425,-5.672425,-5.672425,-5.672425,-5.672425,-5.672425,-5.672425,-5.672425,-5.672425,4.294801
-5.672425,-5.672425,-5.672425,-5.672425,-5.672425,-5.672425,-5.672425,4.294801,-5.672425,-5.672425,-5.672425,-5.672425,-5.672425,-5.672425,-5.672425,-5.672425,-5.672425,-5.672425,-5.672425,-5.672425
-5.672425,-5.672425,-5.672425,-5.672425,-5.672425,-5.672425,-5.672425,-5.672425,4.294801,-5.672425,-5.672425,-5.672425,-5.672425,-5.672425,-5.672425,-5.672425,-5.672425,-5.672425,-5.672425,-5.672425
