-5.672425,-5.672425,4.294801,-5.672425,-5.672425,-5.672425,-5.672425,-5.672425,-5.672425,-5.672425,-5.672425,-5.672425,-5.672425,-5.672425,-5.672425,-5.672425,-5.672425,-5.672425,-5.672425,-5.672425
-5.672425,-5.672425,-5.672425,-5.672425,-5.672425,-5.672425,-5.672425,-5.672425,-5.672425,4.294801,-5.672425,-5.672425,-5.672425,-5.672425,-5.672425,-5.672425,-5.672425,-5.672425,-5.672425,-5.672425
-5.672425,-5.672425,-5.672425,-5.672425,-5.672425,-5.672425,-5.672425,-5.672425,-5.672425,-5.672425,-5.672425,-5.672425,-5.672425,-5.672425,4.294801,-5.672425,-5.672425,-5.672425,-5.672425,-5.672425
-5.672425,-5.672425,-5.672425,-5.672425,-5.672425,-5.672425,-5.672425,-5.672425,-5.672425,-5.672425,-5.672425,-5.672425,-5.672425,-5.672425,4.294801,-5.672425,-5.672425,-5.672425,-5.672425,-5.672425
-5.672425,-5.672425,-5.672425,-5.672425,-5.672425,-5.672425,-5.672425,-5.672425,-5.672425,-5.672425,-5.672425,-5.672425,-5.672425,4.294801,-5.672425,-5.672425,-5.672425,-5.672425,-5.672425,-5.672425
-5.672425,-5.672425,-5.672425,-5.672425,-5.672425,-5.672425,-5.672425,-5.672425,-5.672425,4.294801,-5.672425,-5.672425,-5.672425,-5.672425,-5.672425,-5.672425,-5.672425,-5.672425,-5.672425,-5.672425
-5.672425,-5.672425,-5.672425,-5.672425,-5.672425,-5.672425,-5.672425,-5.672425,-5.672425,-5.672425,-5.672425,-5.672425,-5.672425,-5.672425,4.294801,-5.672425,-5.672425,-5.672425,-5.672425,-5.672425
-5.672425,-5.672425,-5.672425,-5.672425,-5.672425,-5.672425,-5.672425,-5.672425,4.294801,-5.672425,-5.672425,-5.672425,-5.672425,-5.672425,-5.672425,-5.672425,-5.672425,-5.672425,-5.672425,-5.672425
4.294801,-5.672425,-5.672425,-5.672425,-5.672425,-5.672425,-5.672425,-5.672425,-5.672425,-5.672425,-5.672425,-5.672425,-5.672425,-5.672425,-5.672425,-5.672425,-5.672425,-5.672425,-5.672425,-5.672425
-5.672425,-5.672425,-5.672425,-5.672425,-5.672425,-5.672425,-5.672425,-5.672425,-5.672425,-5.672425,-5.672425,-5.672425,-5.672425,-5.672425,-5.672425,-5.672425,-5.672425,4.294801,-5.672425,-5.672425
-5.672425,-5.672425,-5.672425,-5.672425,-5.672425,-5.672425,-5.672425,-5.672425,-5.672425,-5.672425,4.265684,-5.672425,-5.672425,-5.672425,-5.672425,-5.672425,-5.672425,-5.672425,-5.672425,-5.672425
-5.672425,-5.672425,4.294801,-5.672425,-5.672425,-5.672425,-5.672425,-5.672425,-5.672425,-5.672425,-5.672425,-5.672425,-5.672425,-5.672425,-5.672425,-5.672425,-5.672425,-5.672425,-5.672425,-5.672425
-5.672425,-5.672425,-5.672425,-5.672425,-5.672425,-5.672425,4.294801,-5.672425,-5.672425,-5.672425,-5.672425,-5.672425,-5.672425,-5.672425,-5.672425,-5.672425,-5.672425,-5.672425,-5.672425,-5.672425
-5.672425,-5.672425,-5.672425,-5.672425,-5.672425,-5.672425,-5.672425,-5.672425,-5.672425,-5.672425,-5.672425,-5.672425,-5.672425,-5.672425,-5.672425,-5.672425,-5.672425,4.294801,-5.672425,-5.672425
-5.672425,-5.672425,-5.672425,-5.672425,-5.672425,-5.672425,-5.672425,-5.672425,-5.672425,-5.672425,-5.672425,-5.672425,-5.672425,-5.672425,-5.672425,4.294801,-5.672425,-5.672425,-5.672425,-5.672425
-5.672425,-5.672425,4.294801,-5.672425,-5.672425,-5.672425,-5.672425,-5.672425,-5.672425,-5.672425,-5.672425,-5.672425,-5.672425,-5.672425,-5.672425,-5.672425,-5.672425,-5.672425,-5.672425,-5.672425
-5.672425,-5.672425,-5.672425,-5.672425,-5.672425,-5.672425,-5.672425,-5.672425,-5.672425,-5.672425,-5.672425,-5.672425,-5.672425,-5.672425,-5.672425,4.294801,-5.672425,-5.672425,-5.672425,-5.672425
-5.672425,-5.672425,-5.672425,-5.672425,4.294801,-5.672425,-5.672425,-5.672425,-5.672425,-5.672425,-5.672425,-5.672425,-5.672425,-5.672425,-5.672425,-5.672425,-5.672425,-5.672425,-5.672425,-5.672425
-5.672425,-5.672425,-5.672425,-5.672425,-5.672425,-5.672425,-5.672425,-5.672425,-5.672425,4.294801,-5.672425,-5.672425,-5.672425,-5.672425,-5.672425,-5.672425,-5.672425,-5.672425,-5.672425,-5.672425
-5.672425,-5.672425,-5.672425,4.294801,-5.672425,-5.672425,-5.672425,-5.672425,-5.672425,-5.672425,-5.672425,-5.672425,-5.672425,-5.672425,-5.672425,-5.672425,-5.672425,-5.672425,-5.672425,-5.672425
-5.672425,-5.672425,-5.672425,-5.672425,-5.672425,-5.672425,-5.672425,-5.672425,-5.672425,-5.672425,-5.672425,-5.672425,-5.672425,-5.672425,-5.672425,-5.672425,4.294801,-5.672425,-5.672425,-5.672425
-5.672425,-5.672425,-5.672425,-5.672425,-5.672425,-5.672425,-5.672425,-5.672425,-5.672425,-5.672425,-5.672425,4.294801,-5.672425,-5.672425,-5.672425,-5.672425,-5.672425,-5.672425,-5.672425,-5.672425
-5.672425,-5.672425,-5.672425,-5.672425,-5.672425,-5.672425,-5.672425,-5.672425,-5.672425,-5.672425,-5.672425,-5.672425,-5.672425,-5.672425,-5.672425,-5.672425,-5.672425,4.294801,-5.672425,-5.672425
-5.672425,-5.672425,-5.672425,-5.672425,-5.672425,-5.672425,-5.672425,-5.672425,-5.672425,-5.672425,-5.672425,-5.672425,4.294801,-5.672425,-5.672425,-5.672425,-5.672425,-5.672425,-5.672425,-5.672425
-5.672425,-5.672425,-5.672425,-5.672425,-5.672425,-5.672425,-5.672425,-5.672425,-5.672425,4.294801,-5.672425,-5.672425,-5.672425,-5.672425,-5.672425,-5.672425,-5.672425,-5.672425,-5.672425,-5.672425
-5.672425,-5.672425,-5.672425,-5.672425,-5.672425,-5.672425,-5.672425,-5.672425,-5.672425,4.294801,-5.672425,-5.672425,-5.672425,-5.672425,-5.672425,-5.672425,-5.672425,-5.672425,-5.672425,-5.672425
-5.672425,-5.672425,-5.672425,-5.672425,-5.672425,-5.672425,-5.672425,-5.672425,-5.672425,-5.672425,-5.672425,-5.672425,-5.672425,-5.672425,-5.672425,-5.672425,-5.672425,4.294801,-5.672425,-5.672425
-5.672425,-5.672425,-5.672425,-5.672425,-5.672425,-5.672425,-5.672425,-5.672425,-5.672425,4.294801,-5.672425,-5.672425,-5.672425,-5.672425,-5.672425,-5.672425,-5.672425,-5.672425,-5.672425,-5.672425
-5.672425,-5.672425,-5.672425,-5.672425,-5.672425,-5.672425,-5.672425,4.294801,-5.672425,-5.672425,-5.672425,-5.672425,-5.672425,-5.672425,-5.672425,-5.672425,-5.672425,-5.672425,-5.672425,-5.672425
-5.672425,-5.672425,-5.672425,4.294801,-5.672425,-5.672425,-5.672425,-5.672425,-5.672425,-5.672425,-5.672425,-5.672425,-5.672425,-5.672425,-5.672425,-5.672425,-5.672425,-5.672425,-5.672425,-5.672425
4.294801,-5.672425,-5.672425,-5.672425,-5.672425,-5.672425,-5.672425,-5.672425,-5.672425,-5.672425,-5.672425,-5.672425,-5.672425,-5.672425,-5.672425,-5.672425,-5.672425,-5.672425,-5.672425,-5.672425
4.294801,-5.672425,-5.672425,-5.672425,-5.672425,-5.672425,-5.672425,-5.672425,-5.672425,-5.672425,-5.672425,-5.672425,-5.672425,-5.672425,-5.672425,-5.672425,-5.672425,-5.672425,-5.672425,-5.672425
-5.672425,-5.672425,-5.672425,-5.672425,-5.672425,-5.672425,-5.672425,-5.672425,4.294801,-5.672425,-5.672425,-5.672425,-5.672425,-5.672425,-5.672425,-5.672425,-5.672425,-5.672425,-5.672425,-5.672425
-5.672425,-5.672425,-5.672425,-5.672425,-5.672425,-5.672425,-5.672425,-5.672425,-5.672425,-5.672425,-5.672425,4.294801,-5.672425,-5.672425,-5.672425,-5.672425,-5.672425,-5.672425,-5.672425,-5.672425
-5.672425,-5.672425,-5.672425,-5.672425,-5.672425,4.294801,-5.672425,-5.672425,-5.672425,-5.672425,-5.672425,-5.672425,-5.672425,-5.672425,-5.672425,-5.672425,-5.672425,-5.672425,-5.672425,-5.672425
-5.672425,-5.672425,-5.672425,-5.672425,-5.672425,-5.672425,-5.672425,-5.672425,-5.672425,-5.672425,-5.672425,4.294801,-5.672425,-5.672425,-5.672425,-5.672425,-5.672425,-5.672425,-5.672425,-5.672425
-5.672425,-5.672425,-5.672425,4.294801,-5.672425,-5.672425,-5.672425,-5.672425,-5.672425,-5.672425,-5.672425,-5.672425,-5.672425,-5.672425,-5.672425,-5.672425,-5.672425,-5.672425,-5.672425,-5.672425
-5.672425,-5.672425,-5.672425,-5.672425,-5.672425,-5.672425,-5.672425,-5.672425,4.294801,-5.672425,-5.672425,-5.672425,-5.672425,-5.672425,-5.672425,-5.672425,-5.672425,-5.672425,-5.672425,-5.672425
-5.672425,-5.672425,-5.672425,4.294801,-5.672425,-5.672425,-5.672425,-5.672425,-5.672425,-5.672425,-5.672425,-5.672425,-5.672425,-5.672425,-5.672425,-5.672425,-5.672425,-5.672425,-5.672425,-5.672425
-5.672425,-5.672425,-5.672425,-5.672425,-5.672425,-5.672425,-5.672425,-5.672425,-5.672425,-5.672425,-5.672425,-5.672425,-5.672425,-5.672425,-5.672425,-5.672425,-5.672425,4.294801,-5.672425,-5.672425
-5.672425,-5.672425,-5.672425,-5.672425,-5.672425,-5.672425,-5.672425,-5.672425,4.235967,-5.672425,-5.672425,-5.672425,-5.672425,-5.672425,-0.314873,-5.672425,-5.672425,-5.672425,-5.672425,-5.672425
-5.672425,-5.672425,-5.672425,4.294801,-5.672425,-5.672425,-5.672425,-5.672425,-5.672425,-5.672425,-5.672425,-5.672425,-5.672425,-5.672425,-5.672425,-5.672425,-5.672425,-5.672425,-5.672425,-5.672425
-5.672425,-5.672425,-5.672425,-5.672425,-5.672425,-5.672425,-5.672425,-5.672425,-5.672425,-5.672425,-5.672425,-5.672425,-5.672425,-5.672425,-5.672425,-5.672425,-5.672425,-5.672425,-5.672425,4.294801
4.294801,-5.672425,-5.672425,-5.672425,-5.672425,-5.672425,-5.672425,-5.672425,-5.672425,-5.672425,-5.672425,-5.672425,-5.672425,-5.672425,-5.672425,-5.672425,-5.672425,-5.672425,-5.672425,-5.672425
-5.672425,-5.672425,-5.672425,-5.672425,-5.672425,-5.672425,-5.672425,-5.672425,-5.672425,-5.672425,-5.672425,-5.672425,-5.672425,4.294801,-5.672425,-5.672425,-5.672425,-5.672425,-5.672425,-5.672425
-5.672425,-5.672425,-5.672425,-5.672425,-5.672425,-5.672425,-5.672425,-5.672425,-5.672425,-5.672425,-5.672425,-5.672425,-5.672425,-5.672425,-5.672425,-5.672425,-5.672425,4.294801,-5.672425,-5.672425
-5.672425,-5.672425,-5.672425,-5.672425,4.294801,-5.672425,-5.672425,-5.672425,-5.672425,-5.672425,-5.672425,-5.672425,-5.672425,-5.672425,-5.672425,-5.672425,-5.672425,-5.672425,-5.672425,-5.672425
-5.672425,-5.672425,-5.672425,-5.672425,-5.672425,-5.672425,-5.672425,-5.672425,-5.672425,-5.672425,-5.672425,-5.672425,-5.672425,-5.672425,4.294801,-5.672425,-5.672425,-5.672425,-5.672425,-5.672425
-5.672425,-5.672425,-5.672425,4.294801,-5.672425,-5.672425,-5.672425,-5.672425,-5.672425,-5.672425,-5.672425,-5.672425,-5.672425,-5.672425,-5.672425,-5.672425,-5.672425,-5.672425,-5.672425,-5.672425
-5.672425,-5.672425,-5.672425,-5.672425,-5.672425,-5.672425,4.294801,-5.672425,-5.672425,-5.672425,-5.672425,-5.672425,-5.672425,-5.672425,-5.672425,-5.672425,-5.672425,-5.672425,-5.672425,-5.672425
4.294801,-5.672425,-5.672425,-5.672425,-5.672425,-5.672425,-5.672425,-5.672425,-5.672425,-5.672425,-5.672425,-5.672425,-5.672425,-5.672425,-5.672425,-5.672425,-5.672425,-5.672425,-5.672425,-5.672425
-5.672425,-5.672425,-5.672425,-5.672425,-5.672425,-5.672425,-5.672425,-5.672425,-5.672425,-5.672425,-5.672425,4.294801,-5.672425,-5.672425,-5.672425,-5.672425,-5.672425,-5.672425,-5.672425,-5.672425
-5.672425,-5.672425,-5.672425,-5.672425,-5.672425,-5.672425,-5.672425,-5.672425,4.294801,-5.672425,-5.672425,-5.672425,-5.672425,-5.672425,-5.672425,-5.672425,-5.672425,-5.672425,-5.672425,-5.672425
-5.672425,-5.672425,-5.672425,-5.672425,-5.672425,-5.672425,-5.672425,-5.672425,-5.672425,4.294801,-5.672425,-5.672425,-5.672425,-5.672425,-5.672425,-5.672425,-5.672425,-5.672425,-5.672425,-5.672425
-5.672425,-5.672425,-5.672425,-5.672425,-5.672425,-5.672425,-5.672425,4.294801,-5.672425,-5.672425,-5.672425,-5.672425,-5.672425,-5.672425,-5.672425,-5.672425,-5.672425,-5.672425,-5.672425,-5.672425
-5.672425,-5.672425,-5.672425,4.294801,-5.672425,-5.672425,-5.672425,-5.672425,-5.672425,-5.672425,-5.672425,-5.672425,-5.672425,-5.672425,-5.672425,-5.672425,-5.672425,-5.672425,-5.672425,-5.672425
-5.672425,-5.672425,-5.672425,-5.672425,-5.672425,-5.672425,-5.672425,-5.672425,-5.672425,-5.672425,-5.672425,-5.672425,-5.672425,-5.672425,-5.672425,-5.672425,-5.672425,4.294801,-5.672425,-5.672425
4.294801,-5.672425,-5.672425,-5.672425,-5.672425,-5.672425,-5.672425,-5.672425,-5.672425,-5.672425,-5.672425,-5.672425,-5.672425,-5.672425,-5.672425,-5.672425,-5.672425,-5.672425,-5.672425,-5.672425
-5.672425,-5.672425,-5.672425,-5.672425,-5.672425,-5.672425,-5.672425,-5.672425,-5.672425,-5.672425,-5.672425,4.294801,-5.672425,-5.672425,-5.672425,-5.672425,-5.672425,-5.672425,-5.672425,-5.672425
-5.672425,-5.672425,-5.672425,-5.672425,-5.672425,-5.672425,-5.672425,-5.672425,-5.672425,4.294801,-5.672425,-5.672425,-5.672425,-5.672425,-5.672425,-5.672425,-5.672425,-5.672425,-5.672425,-5.672425
4.294801,-5.672425,-5.672425,-5.672425,-5.672425,-5.672425,-5.672425,-5.672425,-5.672425,-5.672425,-5.672425,-5.672425,-5.672425,-5.672425,-5.672425,-5.672425,-5.672425,-5.672425,-5.672425,-5.672425
-5.672425,4.294801,-5.672425,-5.672425,-5.672425,-5.672425,-5.672425,-5.672425,-5.672425,-5.672425,-5.672425,-5.672425,-5.672425,-5.672425,-5.672425,-5.672425,-5.672425,-5.672425,-5.672425,-5.672425
-5.672425,-5.672425,-5.672425,-5.672425,-5.672425,-5.672425,-5.672425,-5.672425,-5.672425,-5.672425,-5.672425,-5.672425,-5.672425,-5.672425,-5.672425,4.294801,-5.672425,-5.672425,-5.672425,-5.672425
-5.672425,-5.672425,-5.672425,-5.672425,-5.672425,-5.672425,-5.672425,4.294801,-5.672425,-5.672425,-5.672425,-5.672425,-5.672425,-5.672425,-5.672425,-5.672425,-5.672425,-5.672425,-5.672425,-5.672425
-5.672425,-5.672425,-5.672425,-5.672425,-5.672425,-5.672425,-5.672425,-5.672425,-5.672425,-5.672425,-5.672425,-5.672425,-5.672425,-5.672425,-5.672425,4.294801,-5.672425,-5.672425,-5.672425,-5.672425
-5.672425,-5.672425,-5.672425,-5.672425,-5.672425,-5.672425,-5.672425,-5.672425,-5.672425,-5.672425,-5.672425,4.294801,-5.672425,-5.672425,-5.672425,-5.672425,-5.672425,-5.672425,-5.672425,-5.672425
-5.672425,-5.672425,-5.672425,-5.672425,-5.672425,-5.672425,-5.672425,-5.672425,-5.672425,-5.672425,-5.672425,4.294801,-5.672425,-5.672425,-5.672425,-5.672425,-5.672425,-5.672425,-5.672425,-5.672425
-5.672425,-5.672425,-5.672425,4.294801,-5.672425,-5.672425,-5.672425,-5.672425,-5.672425,-5.672425,-5.672425,-5.672425,-5.672425,-5.672425,-5.672425,-5.672425,-5.672425,-5.672425,-5.672425,-5.672425
-5.672425,-5.672425,-5.672425,4.294801,-5.672425,-5.672425,-5.672425,-5.672425,-5.672425,-5.672425,-5.672425,-5.672425,-5.672425,-5.672425,-5.672425,-5.672425,-5.672425,-5.672425,-5.672425,-5.672425
-5.672425,-5.672425,-5.672425,-5.672425,-5.672425,4.294801,-5.672425,-5.672425,-5.672425,-5.672425,-5.672425,-5.672425,-5.672425,-5.672425,-5.672425,-5.672425,-5.672425,-5.672425,-5.672425,-5.672425
-5.672425,-5.672425,-5.672425,-5.672425,-5.672425,-5.672425,-5.672425,-5.672425,-5.672425,-5.672425,-5.672425,-5.672425,-5.672425,-5.672425,-5.672425,-5.672425,-5.672425,4.294801,-5.672425,-5.672425
-5.672425,-5.672425,-5.672425,-5.672425,-5.672425,-5.672425,-5.672425,-5.672425,4.294801,-5.672425,-5.672425,-5.672425,-5.672425,-5.672425,-5.672425,-5.672425,-5.672425,-5.672425,-5.672425,-5.672425
-5.672425,-5.672425,-5.672425,-5.672425,-5.672425,-5.672425,-5.672425,-5.672425,-5.672425,4.294801,-5.672425,-5.672425,-5.672425,-5.672425,-5.672425,-5.672425,-5.672425,-5.672425,-5.672425,-5.672425
-5.672425,-5.672425,-5.672425,-5.672425,-5.672425,-5.672425,-5.672425,-5.672425,-5.672425,-5.672425,-5.672425,-5.672425,-5.672425,-5.672425,-5.672425,-5.672425,-5.672425,4.294801,-5.672425,-5.672425
-5.672425,-5.672425,-5.672425,-5.672425,-5.672425,-5.672425,-5.672425,-5.672425,-5.672425,-5.672425,-5.672425,-5.672425,-5.672425,-5.672425,4.294801,-5.672425,-5.672425,-5.672425,-5.672425,-5.672425
-5.672425,-5.672425,-5.672425,-5.672425,-5.672425,-5.672425,-5.672425,-5.672425,-5.672425,-5.672425,4.265684,-5.672425,-5.672425,-5.672425,-5.672425,-5.672425,-5.672425,-5.672425,-5.672425,-5.672425
-5.672425,-5.672425,-5.672425,-5.672425,-5.672425,-5.672425,-5.672425,-5.672425,-5.672425,-5.672425,-5.672425,-5.672425,-5.672425,-5.672425,-5.672425,4.294801,-5.672425,-5.672425,-5.672425,-5.672425
4.294801,-5.672425,-5.672425,-5.672425,-5.672425,-5.672425,-5.672425,-5.672425,-5.672425,-5.672425,-5.672425,-5.672425,-5.672425,-5.672425,-5.672425,-5.672425,-5.672425,-5.672425,-5.672425,-5.672425
-5.672425,-5.672425,-5.672425,-5.672425,-5.672425,-5.672425,-5.672425,-5.672425,-5.672425,-5.672425,-5.672425,-5.672425,-5.672425,-5.672425,-5.672425,4.294801,-5.672425,-5.672425,-5.672425,-5.672425
-5.672425,-5.672425,-5.672425,-5.672425,-5.672425,-5.672425,-5.672425,-5.672425,-5.672425,-5.672425,-5.672425,-5.672425,-5.672425,4.294801,-5.672425,-5.672425,-5.672425,-5.672425,-5.672425,-5.672425
-5.672425,-5.672425,-5.672425,-5.672425,-5.672425,-5.672425,-5.672425,-5.672425,-5.672425,4.294801,-5.672425,-5.672425,-5.672425,-5.672425,-5.672425,-5.672425,-5.672425,-5.672425,-5.672425,-5.672425
-5.672425,-5.672425,-5.672425,4.294801,-5.672425,-5.672425,-5.672425,-5.672425,-5.672425,-5.672425,-5.672425,-5.672425,-5.672425,-5.672425,-5.672425,-5.672425,-5.672425,-5.672425,-5.672425,-5.672425
4.294801,-5.672425,-5.672425,-5.672425,-5.672425,-5.672425,-5.672425,-5.672425,-5.672425,-5.672425,-5.672425,-5.672425,-5.672425,-5.672425,-5.672425,-5.672425,-5.672425,-5.672425,-5.672425,-5.672425
-5.672425,-5.672425,-5.672425,-5.672425,-5.672425,-5.672425,-5.672425,-5.672425,-5.672425,4.294801,-5.672425,-5.672425,-5.672425,-5.672425,-5.672425,-5.672425,-5.672425,-5.672425,-5.672425,-5.672425
-5.672425,4.294801,-5.672425,-5.672425,-5.672425,-5.672425,-5.672425,-5.672425,-5.672425,-5.672425,-5.672425,-5.672425,-5.672425,-5.672425,-5.672425,-5.672425,-5.672425,-5.672425,-5.672425,-5.672425
-5.672425,-5.672425,-5.672425,-5.672425,-5.672425,-5.672425,-5.672425,-5.672425,-5.672425,-5.672425,-5.672425,-5.672425,4.294801,-5.672425,-5.672425,-5.672425,-5.672425,-5.672425,-5.672425,-5.672425
-5.672425,-5.672425,-5.672425,-5.672425,-5.672425,-5.672425,-5.672425,-5.672425,-5.672425,-5.672425,-5.672425,-5.672425,-5.672425,4.294801,-5.672425,-5.672425,-5.672425,-5.672425,-5.672425,-5.672425
-5.672425,-5.672425,-5.672425,-5.672425,-5.672425,-5.672425,-5.672425,-5.672425,-5.672425,-5.672425,-5.672425,-5.672425,-5.672425,-5.672425,-5.672425,-5.672425,-5.672425,4.294801,-5.672425,-5.672425
-5.672425,-5.672425,-5.672425,-5.672425,-5.672425,-5.672425,-5.672425,4.294801,-5.672425,-5.672425,-5.672425,-5.672425,-5.672425,-5.672425,-5.672425,-5.672425,-5.672425,-5.672425,-5.672425,-5.672425
-5.672425,-5.672425,-5.672425,-5.672425,-5.672425,-5.672425,-5.672425,-5.672425,-5.672425,-5.672425,-5.672425,4.294801,-5.672425,-5.672425,-5.672425,-5.672425,-5.672425,-5.672425,-5.672425,-5.672425
4.294801,-5.672425,-5.672425,-5.672425,-5.672425,-5.672425,-5.672425,-5.672425,-5.672425,-5.672425,-5.672425,-5.672425,-5.672425,-5.672425,-5.672425,-5.672425,-5.672425,-5.672425,-5.672425,-5.672425
4.294801,-5.672425,-5.672425,-5.672425,-5.672425,-5.672425,-5.672425,-5.672425,-5.672425,-5.672425,-5.672425,-5.672425,-5.672425,-5.672425,-5.672425,-5.672425,-5.672425,-5.672425,-5.672425,-5.672425
-5.672425,-5.672425,-5.672425,-5.672425,-5.672425,-5.672425,-5.672425,-5.672425,-5.672425,4.294801,-5.672425,-5.672425,-5.672425,-5.672425,-5.672425,-5.672425,-5.672425,-5.672425,-5.672425,-5.672425
4.294801,-5.672425,-5.672425,-5.672425,-5.672425,-5.672425,-5.672425,-5.672425,-5.672425,-5.672425,-5.672425,-5.672425,-5.672425,-5.672425,-5.672425,-5.672425,-5.672425,-5.672425,-5.672425,-5.672425
-5.672425,-5.672425,-5.672425,-5.672425,-5.672425,-5.672425,-5.672425,-5.672425,-5.672425,4.294801,-5.672425,-5.672425,-5.672425,-5.672425,-5.672425,-5.672425,-5.672425,-5.672425,-5.672425,-5.672425
4.294801,-5.672425,-5.672425,-5.672425,-5.672425,-5.672425,-5.672425,-5.672425,-5.672425,-5.672425,-5.672425,-5.672425,-5.672425,-5.672425,-5.672425,-5.672425,-5.672425,-5.672425,-5.672425,-5.672425
4.294801,-5.672425,-5.672425,-5.672425,-5.672425,-5.672425,-5.672425,-5.672425,-5.672425,-5.672425,-5.672425,-5.672425,-5.672425,-5.672425,-5.672425,-5.672425,-5.672425,-5.672425,-5.672425,-5.672425
-5.672425,-5.672425,-5.672425,-5.672425,-5.672425,-5.672425,-5.672425,-5.672425,4.294801,-5.672425,-5.672425,-5.672425,-5.672425,-5.672425,-5.672425,-5.672425,-5.672425,-5.672425,-5.672425,-5.672425
-5.672425,-5.672425,-5.672425,-5.672425,-5.672425,-5.672425,-5.672425,-5.672425,-5.672425,-5.672425,-5.672425,-5.672425,4.294801,-5.672425,-5.672425,-5.672425,-5.672425,-5.672425,-5.672425,-5.672425
-5.672425,-5.672425,-5.672425,-5.672425,-5.672425,-5.672425,-5.672425,-5.672425,-5.672425,-5.672425,-5.672425,-5.672425,-5.672425,4.294801,-5.672425,-5.672425,-5.672425,-5.672425,-5.672425,-5.672425
-5.672425,-5.672425,-5.672425,-5.672425,-5.672425,-5.672425,-5.672425,-5.672425,-5.672425,-5.672425,-5.672425,-5.672425,-5.672425,-5.672425,-5.672425,4.294801,-5.672425,-5.672425,-5.672425,-5.672425
-5.672425,-5.672425,-5.672425,-5.672425,-5.672425,-5.672425,-5.672425,-5.672425,4.294801,-5.672425,-5.672425,-5.672425,-5.672425,-5.672425,-5.672425,-5.672425,-5.672425,-5.672425,-5.672425,-5.672425
-5.672425,-5.672425,-5.672425,-5.672425,-5.672425,-5.672425,-5.672425,-5.672425,-5.672425,4.294801,-5.672425,-5.672425,-5.672425,-5.672425,-5.672425,-5.672425,-5.672425,-5.672425,-5.672425,-5.672425
4.294801,-5.672425,-5.672425,-5.672425,-5.672425,-5.672425,-5.672425,-5.672425,-5.672425,-5.672425,-5.672425,-5.672425,-5.672425,-5.672425,-5.672425,-5.672425,-5.672425,-5.672425,-5.672425,-5.672425
-5.672425,-5.672425,-5.672425,-5.672425,-5.672425,-5.672425,-5.672425,-5.672425,-5.672425,-5.672425,-5.672425,-5.672425,-5.672425,4.294801,-5.672425,-5.672425,-5.672425,-5.672425,-5.672425,-5.672425
-5.672425,-5.672425,-5.672425,4.294801,-5.672425,-5.672425,-5.672425,-5.672425,-5.672425,-5.672425,-5.672425,-5.672425,-5.672425,-5.672425,-5.672425,-5.672425,-5.672425,-5.672425,-5.672425,-5.672425
-5.672425,-5.672425,-5.672425,-5.672425,-5.672425,-5.672425,-5.672425,-5.672425,-5.672425,-5.672425,-5.672425,4.294801,-5.672425,-5.672425,-5.672425,-5.672425,-5.672425,-5.672425,-5.672425,-5.672425
-5.672425,-5.672425,-5.672425,-5.672425,-5.672425,-5.672425,-5.672425,-5.672425,-5.672425,-5.672425,4.265684,-5.672425,-5.672425,-5.672425,-5.672425,-5.672425,-5.672425,-5.672425,-5.672425,-5.672425
-5.672425,-5.672425,4.235967,-0.314873,-5.672425,-5.672425,-5.672425,-5.672425,-5.672425,-5.672425,-5.672425,-5.672425,-5.672425,-5.672425,-5.672425,-5.672425,-5.672425,-5.672425,-5.672425,-5.672425
-5.672425,-5.672425,-5.672425,-5.672425,-5.672425,-5.672425,-5.672425,-5.672425,-5.672425,4.294801,-5.672425,-5.672425,-5.672425,-5.672425,-5.672425,-5.672425,-5.672425,-5.672425,-5.672425,-5.672425
-5.672425,-5.672425,-5.672425,-5.672425,4.294801,-5.672425,-5.672425,-5.672425,-5.672425,-5.672425,-5.672425,-5.672425,-5.672425,-5.672425,-5.672425,-5.672425,-5.672425,-5.672425,-5.672425,-5.672425
-5.672425,-5.672425,-5.672425,-5.672425,-5.672425,-5.672425,-5.672425,-5.672425,4.294801,-5.672425,-5.672425,-5.672425,-5.672425,-5.672425,-5.672425,-5.672425,-5.672425,-5.672425,-5.672425,-5.672425
-5.672425,-5.672425,-5.672425,4.294801,-5.672425,-5.672425,-5.672425,-5.672425,-5.672425,-5.672425,-5.672425,-5.672425,-5.672425,-5.672425,-5.672425,-5.672425,-5.672425,-5.672425,-5.672425,-5.672425
-5.672425,-5.672425,-5.672425,-5.672425,-5.672425,-5.672425,-0.314873,-5.672425,-5.672425,-5.672425,-5.672425,-5.672425,-5.672425,4.235967,-5.672425,-5.672425,-5.672425,-5.672425,-5.672425,-5.672425
-5.672425,-5.672425,-5.672425,-5.672425,-5.672425,-5.672425,-5.672425,-5.672425,-5.672425,-5.672425,-5.672425,-5.672425,-5.672425,-5.672425,-5.672425,-5.672425,-5.672425,-5.672425,4.294801,-5.672425
-5.672425,-5.672425,-5.672425,4.294801,-5.672425,-5.672425,-5.672425,-5.672425,-5.672425,-5.672425,-5.672425,-5.672425,-5.672425,-5.672425,-5.672425,-5.672425,-5.672425,-5.672425,-5.672425,-5.672425
-5.672425,-5.672425,-5.672425,-5.672425,-5.672425,-5.672425,-5.672425,-5.672425,4.077444,-5.672425,-5.672425,-5.672425,-5.672425,-5.672425,1.467126,-5.672425,-5.672425,-5.672425,-5.672425,-5.672425
-5.672425,-5.672425,-5.672425,-5.672425,-5.672425,-5.672425,-5.672425,-5.672425,-5.672425,-5.672425,-5.672425,-5.672425,-5.672425,4.294801,-5.672425,-5.672425,-5.672425,-5.672425,-5.672425,-5.672425
-5.672425,-5.672425,-5.672425,-5.672425,-5.672425,-5.672425,-5.672425,-5.672425,-5.672425,-5.672425,-5.672425,-5.672425,-5.672425,-5.672425,-5.672425,-5.672425,-5.672425,4.294801,-5.672425,-5.672425
-5.672425,-5.672425,-5.672425,-5.672425,-5.672425,-5.672425,-5.672425,-5.672425,-5.672425,-5.672425,-5.672425,-5.672425,-5.672425,-5.672425,4.294801,-5.672425,-5.672425,-5.672425,-5.672425,-5.672425
-5.672425,-5.672425,-5.672425,-5.672425,-5.672425,-5.672425,-5.672425,-5.672425,-5.672425,-5.672425,-5.672425,-5.672425,-5.672425,-5.672425,-5.672425,-5.672425,-5.672425,4.294801,-5.672425,-5.672425
-5.672425,-5.672425,-5.672425,-5.672425,-5.672425,-5.672425,-5.672425,-5.672425,-5.672425,4.294801,-5.672425,-5.672425,-5.672425,-5.672425,-5.672425,-5.672425,-5.672425,-5.672425,-5.672425,-5.672425
-5.672425,-5.672425,-5.672425,-5.672425,-5.672425,-5.672425,-5.672425,-5.672425,-5.672425,-5.672425,-5.672425,-5.672425,-5.672425,-5.672425,-5.672425,-5.672425,4.294801,-5.672425,-5.672425,-5.672425
-5.672425,-5.672425,4.294801,-5.672425,-5.672425,-5.672425,-5.672425,-5.672425,-5.672425,-5.672425,-5.672425,-5.672425,-5.672425,-5.672425,-5.672425,-5.672425,-5.672425,-5.672425,-5.672425,-5.672425
4.294801,-5.672425,-5.672425,-5.672425,-5.672425,-5.672425,-5.672425,-5.672425,-5.672425,-5.672425,-5.672425,-5.672425,-5.672425,-5.672425,-5.672425,-5.672425,-5.672425,-5.672425,-5.672425,-5.672425
-5.672425,-5.672425,-5.672425,-5.672425,-5.672425,-5.672425,-5.672425,-5.672425,-5.672425,-5.672425,-5.672425,-5.672425,-5.672425,-5.672425,-5.672425,-5.672425,-5.672425,4.294801,-5.672425,-5.672425
-5.672425,-5.672425,4.294801,-5.672425,-5.672425,-5.672425,-5.672425,-5.672425,-5.672425,-5.672425,-5.672425,-5.672425,-5.672425,-5.672425,-5.672425,-5.672425,-5.672425,-5.672425,-5.672425,-5.672425
-5.672425,-5.672425,4.294801,-5.672425,-5.672425,-5.672425,-5.672425,-5.672425,-5.672425,-5.672425,-5.672425,-5.672425,-5.672425,-5.672425,-5.672425,-5.672425,-5.672425,-5.672425,-5.672425,-5.672425
-5.672425,-5.672425,-5.672425,-5.672425,-5.672425,-5.672425,-5.672425,4.294801,-5.672425,-5.672425,-5.672425,-5.672425,-5.672425,-5.672425,-5.672425,-5.672425,-5.672425,-5.672425,-5.672425,-5.672425
-5.672425,-5.672425,-5.672425,-5.672425,-5.672425,-5.672425,-5.672425,-5.672425,-5.672425,-5.672425,-5.672425,-5.672425,-5.672425,-5.672425,-5.672425,-5.672425,4.294801,-5.672425,-5.672425,-5.672425
-5.672425,-5.672425,-5.672425,-5.672425,-5.672425,-5.672425,-5.672425,-5.672425,-5.672425,-5.672425,-5.672425,-5.672425,-5.672425,-5.672425,-5.672425,4.294801,-5.672425,-5.672425,-5.672425,-5.672425
