-5.727920,-5.727920,-5.727920,-5.727920,-5.727920,-5.727920,-5.727920,-5.727920,-0.370368,-5.727920,-5.727920,4.239306,-5.727920,-5.727920,-5.727920,-5.727920,-5.727920,-5.727920,-5.727920,-5.727920
-5.727920,-5.727920,-5.727920,-5.727920,-5.727920,-5.727920,-5.727920,4.180472,-5.727920,-0.370368,-5.727920,-5.727920,-5.727920,-5.727920,-5.727920,-5.727920,-5.727920,-0.370368,-5.727920,-5.727920
-5.727920,-5.727920,4.239306,-5.727920,-5.727920,-5.727920,-5.727920,-5.727920,-5.727920,-5.727920,-5.727920,-5.727920,-5.727920,-5.727920,-5.727920,-0.370368,-5.727920,-5.727920,-5.727920,-5.727920
-0.370368,-5.727920,-5.727920,-5.727920,-5.727920,-5.727920,-5.727920,-5.727920,-5.727920,-5.727920,-5.727920,-5.727920,-0.370368,-5.727920,4.180472,-5.727920,-5.727920,-5.727920,-5.727920,-5.727920
-5.727920,-5.727920,-5.727920,-5.727920,-5.727920,-5.727920,-5.727920,-5.727920,-5.727920,-5.727920,-5.727920,-5.727920,4.295834,-5.727920,-5.727920,-5.727920,-5.727920,-5.727920,-5.727920,-5.727920
-5.727920,-5.727920,-5.727920,-5.727920,-5.727920,-5.727920,-5.727920,-5.727920,4.180472,-5.727920,-5.727920,-5.727920,-5.727920,-5.727920,-0.370368,-5.727920,-0.370368,-5.727920,-5.727920,-5.727920
-5.727920,-5.727920,-5.727920,-5.727920,-5.727920,4.180472,-5.727920,-5.727920,-5.727920,-5.727920,-5.727920,-0.370368,-5.727920,-5.727920,-0.370368,-5.727920,-5.727920,-5.727920,-5.727920,-5.727920
-0.370368,-5.727920,-5.727920,-5.727920,-5.727920,-5.727920,-5.727920,-5.727920,-5.727920,4.239306,-5.727920,-5.727920,-5.727920,-5.727920,-5.727920,-5.727920,-5.727920,-5.727920,-5.727920,-5.727920
4.180472,-5.727920,-5.727920,-5.727920,-5.727920,-5.727920,-5.727920,-5.727920,-5.727920,-5.727920,-5.727920,-5.727920,-5.727920,-0.370368,-0.370368,-5.727920,-5.727920,-5.727920,-5.727920,-5.727920
-5.727920,-5.727920,-5.727920,-5.727920,4.239306,-5.727920,-5.727920,-5.727920,-5.727920,-5.727920,-5.727920,-5.727920,-5.727920,-5.727920,-5.727920,-5.727920,-5.727920,-0.370368,-5.727920,-5.727920
-5.727920,-5.727920,-5.727920,-5.727920,-5.727920,-5.727920,-5.727920,-5.727920,-5.727920,-5.727920,-5.727920,-5.727920,-5.727920,-5.727920,-5.727920,-5.727920,4.239306,-0.370368,-5.727920,-5.727920
-5.727920,-5.727920,4.239306,-5.727920,-5.727920,-5.727920,-5.727920,-5.727920,-5.727920,-5.727920,-5.727920,-0.370368,-5.727920,-5.727920,-5.727920,-5.727920,-5.727920,-5.727920,-5.727920,-5.727920
-0.370368,-5.727920,-5.727920,-0.370368,-5.727920,-5.727920,-5.727920,-5.727920,-5.727920,-5.727920,-5.727920,-5.727920,-5.727920,-5.727920,-5.727920,-5.727920,-5.727920,4.180472,-5.727920,-5.727920
-5.727920,-5.727920,4.180472,-5.727920,-5.727920,-5.727920,-5.727920,-5.727920,-5.727920,-5.727920,-5.727920,-5.727920,-5.727920,-5.727920,-5.727920,-5.727920,0.611930,-5.727920,-5.727920,-5.727920
-5.727920,-5.727920,-0.370368,-0.370368,-5.727920,-5.727920,-5.727920,-5.727920,-5.727920,-5.727920,-5.727920,-5.727920,-5.727920,-5.727920,-5.727920,-5.727920,-5.727920,4.180472,-5.727920,-5.727920
-5.727920,-5.727920,4.180472,-5.727920,-5.727920,-5.727920,-5.727920,-5.727920,-5.727920,-5.727920,-5.727920,-5.727920,-5.727920,-5.727920,-5.727920,-0.370368,-0.370368,-5.727920,-5.727920,-5.727920
-5.727920,-5.727920,-5.727920,-5.727920,-5.727920,-5.727920,-5.727920,-5.727920,-5.727920,-5.727920,-5.727920,-5.727920,-5.727920,-5.727920,-5.727920,4.180472,0.611930,-5.727920,-5.727920,-5.727920
-5.727920,-5.727920,-5.727920,-5.727920,-5.727920,-5.727920,-5.727920,4.239306,-5.727920,-5.727920,-5.727920,-5.727920,-5.727920,-5.727920,-5.727920,-5.727920,-5.727920,-0.370368,-5.727920,-5.727920
-5.727920,-5.727920,-5.727920,-5.727920,-5.727920,-5.727920,-5.727920,-5.727920,4.180472,-0.370368,-5.727920,-5.727920,-5.727920,-5.727920,-5.727920,-5.727920,-0.370368,-5.727920,-5.727920,-5.727920
-5.727920,-5.727920,-5.727920,-5.727920,-5.727920,-5.727920,-5.727920,4.239306,-5.727920,-5.727920,-5.727920,-5.727920,-5.727920,-5.727920,-5.727920,-5.727920,-5.727920,-0.370368,-5.727920,-5.727920
4.180472,-5.727920,-5.727920,-5.727920,-5.727920,-5.727920,-5.727920,-5.727920,-5.727920,-5.727920,-5.727920,-5.727920,-5.727920,-5.727920,-0.370368,-0.370368,-5.727920,-5.727920,-5.727920,-5.727920
-5.727920,-5.727920,-5.727920,-5.727920,-5.727920,-5.727920,-5.727920,-5.727920,-5.727920,-5.727920,-5.727920,-5.727920,-5.727920,-5.727920,-5.727920,-5.727920,-5.727920,-5.727920,4.295834,-5.727920
-5.727920,-5.727920,-5.727920,4.180472,-5.727920,-5.727920,-5.727920,-5.727920,-5.727920,-5.727920,-5.727920,-5.727920,-5.727920,-5.727920,-0.370368,-5.727920,-0.370368,-5.727920,-5.727920,-5.727920
-5.727920,-5.727920,-5.727920,-5.727920,-5.727920,-5.727920,-5.727920,-5.727920,-5.727920,-5.727920,-5.727920,-5.727920,-0.370368,-5.727920,-5.727920,4.180472,-0.370368,-5.727920,-5.727920,-5.727920
-5.727920,-5.727920,-5.727920,-5.727920,-5.727920,-5.727920,-5.727920,-5.727920,-0.370368,-5.727920,-5.727920,-5.727920,4.239306,-5.727920,-5.727920,-5.727920,-5.727920,-5.727920,-5.727920,-5.727920
-5.727920,-5.727920,-5.727920,-5.727920,-5.727920,-5.727920,-5.727920,-5.727920,-5.727920,-5.727920,-5.727920,-5.727920,-5.727920,4.180472,-0.370368,-5.727920,-0.370368,-5.727920,-5.727920,-5.727920
-0.370368,-5.727920,-5.727920,-0.370368,-5.727920,4.180472,-5.727920,-5.727920,-5.727920,-5.727920,-5.727920,-5.727920,-5.727920,-5.727920,-5.727920,-5.727920,-5.727920,-5.727920,-5.727920,-5.727920
-5.727920,-5.727920,-5.727920,-5.727920,-5.727920,-5.727920,-5.727920,-5.727920,-5.727920,-5.727920,-5.727920,-5.727920,-5.727920,4.239306,-5.727920,-5.727920,-0.370368,-5.727920,-5.727920,-5.727920
-5.727920,-5.727920,-5.727920,-5.727920,-5.727920,-5.727920,-5.727920,0.611930,-5.727920,-5.727920,-5.727920,-5.727920,-5.727920,-5.727920,-5.727920,-5.727920,-5.727920,4.180472,-5.727920,-5.727920
-5.727920,-5.727920,-5.727920,-5.727920,-5.727920,-5.727920,-5.727920,-5.727920,-5.727920,-5.727920,-5.727920,-5.727920,-5.727920,-5.727920,-5.727920,4.180472,0.611930,-5.727920,-5.727920,-5.727920
-5.727920,-5.727920,-5.727920,-5.727920,-5.727920,0.611930,-5.727920,-5.727920,-5.727920,-5.727920,-5.727920,-5.727920,-5.727920,-5.727920,4.180472,-5.727920,-5.727920,-5.727920,-5.727920,-5.727920
-5.727920,-5.727920,-5.727920,-5.727920,-0.370368,-5.727920,-5.727920,-5.727920,-5.727920,-5.727920,-5.727920,-5.727920,-5.727920,-5.727920,-5.727920,-5.727920,-5.727920,-5.727920,-5.727920,4.239306
-5.727920,-5.727920,-5.727920,-5.727920,-5.727920,-5.727920,-5.727920,-5.727920,-5.727920,-5.727920,-5.727920,-5.727920,-5.727920,-5.727920,4.295834,-5.727920,-5.727920,-5.727920,-5.727920,-5.727920
-5.727920,-5.727920,-5.727920,-5.727920,-5.727920,-5.727920,-5.727920,-5.727920,-5.727920,-0.370368,-5.727920,-5.727920,-5.727920,-5.727920,-5.727920,-5.727920,-5.727920,4.239306,-5.727920,-5.727920
-5.727920,-5.727920,-0.370368,-5.727920,-5.727920,-5.727920,-5.727920,-5.727920,-5.727920,-5.727920,-5.727920,-5.727920,-5.727920,-5.727920,-5.727920,-5.727920,4.239306,-5.727920,-5.727920,-5.727920
-5.727920,-5.727920,-5.727920,-5.727920,-5.727920,-5.727920,-5.727920,-5.727920,-5.727920,-5.727920,-5.727920,-5.727920,-5.727920,-5.727920,-5.727920,-5.727920,-5.727920,-0.370368,-5.727920,4.180472
-0.370368,-5.727920,-5.727920,-5.727920,-5.727920,-0.370368,-5.727920,-5.727920,-5.727920,-5.727920,-5.727920,-5.727920,-5.727920,-5.727920,-5.727920,4.180472,-5.727920,-5.727920,-5.727920,-5.727920
-5.727920,-5.727920,-5.727920,-5.727920,-5.727920,-5.727920,-5.727920,-0.370368,-5.727920,-0.370368,-5.727920,-5.727920,-5.727920,-5.727920,-5.727920,4.180472,-5.727920,-5.727920,-5.727920,-5.727920
-5.727920,-5.727920,-5.727920,-5.727920,-5.727920,-5.727920,-5.727920,-5.727920,-5.727920,-5.727920,-5.727920,-5.727920,4.239306,-5.727920,-5.727920,-5.727920,-0.370368,-5.727920,-5.727920,-5.727920
-0.370368,-5.727920,-5.727920,4.180472,-5.727920,-5.727920,-5.727920,-5.727920,-5.727920,-5.727920,-5.727920,-5.727920,-5.727920,-5.727920,-0.370368,-5.727920,-5.727920,-5.727920,-5.727920,-5.727920
-5.727920,-5.727920,4.180472,-5.727920,-5.727920,-5.727920,-5.727920,-5.727920,-5.727920,-5.727920,-5.727920,-0.370368,-5.727920,-5.727920,-0.370368,-5.727920,-5.727920,-5.727920,-5.727920,-5.727920
-5.727920,-5.727920,-5.727920,-5.727920,-5.727920,4.295834,-5.727920,-5.727920,-5.727920,-5.727920,-5.727920,-5.727920,-5.727920,-5.727920,-5.727920,-5.727920,-5.727920,-5.727920,-5.727920,-5.727920
-5.727920,-5.727920,-5.727920,-5.727920,-5.727920,-5.727920,-5.727920,4.180472,-5.727920,-5.727920,-5.727920,-5.727920,-5.727920,0.611930,-5.727920,-5.727920,-5.727920,-5.727920,-5.727920,-5.727920
-5.727920,-5.727920,-5.727920,-5.727920,-5.727920,-5.727920,4.150130,-5.727920,-5.727920,-5.727920,-5.727920,-0.370368,-0.370368,-5.727920,-1.335603,-5.727920,-5.727920,-5.727920,-5.727920,-5.727920
-5.727920,-5.727920,-5.727920,4.180472,-5.727920,-5.727920,-5.727920,-5.727920,-5.727920,-5.727920,-5.727920,-5.727920,-0.370368,-5.727920,-0.370368,-5.727920,-5.727920,-5.727920,-5.727920,-5.727920
-5.727920,-5.727920,-5.727920,-5.727920,-5.727920,-5.727920,-5.727920,-0.370368,-5.727920,4.180472,-5.727920,-5.727920,-5.727920,-0.370368,-5.727920,-5.727920,-5.727920,-5.727920,-5.727920,-5.727920
-5.727920,-5.727920,-5.727920,-5.727920,4.180472,-5.727920,-5.727920,-5.727920,-5.727920,-5.727920,-5.727920,-5.727920,-5.727920,-0.370368,-5.727920,-5.727920,-5.727920,-5.727920,-5.727920,-0.370368
-5.727920,-5.727920,-5.727920,-5.727920,-5.727920,-5.727920,-5.727920,-5.727920,-5.727920,-5.727920,-5.727920,-0.370368,4.180472,-5.727920,-0.370368,-5.727920,-5.727920,-5.727920,-5.727920,-5.727920
4.180472,-5.727920,-5.727920,-5.727920,-5.727920,-5.727920,-5.727920,-0.370368,-5.727920,-5.727920,-5.727920,-5.727920,-5.727920,-5.727920,-5.727920,-5.727920,-5.727920,-0.370368,-5.727920,-5.727920
-5.727920,-5.727920,-5.727920,-5.727920,-5.727920,-5.727920,-5.727920,-0.370368,-5.727920,-5.727920,-5.727920,-5.727920,4.180472,-5.727920,-5.727920,-5.727920,-5.727920,-5.727920,-5.727920,-5.727920
-5.727920,-5.727920,4.180472,-5.727920,-5.727920,-0.370368,-5.727920,-5.727920,-0.370368,-5.727920,-5.727920,-5.727920,-5.727920,-5.727920,-5.727920,-5.727920,-5.727920,-5.727920,-5.727920,-5.727920
-5.727920,-5.727920,-5.727920,-5.727920,-5.727920,4.180472,-5.727920,-5.727920,-5.727920,-5.727920,-5.727920,-5.727920,0.611930,-5.727920,-5.727920,-5.727920,-5.727920,-5.727920,-5.727920,-5.727920
-5.727920,-5.727920,0.202817,4.150130,-5.727920,-5.727920,-5.727920,-5.727920,-5.727920,-5.727920,-5.727920,-5.727920,-5.727920,-5.727920,-5.727920,-0.370368,-5.727920,-5.727920,-5.727920,-5.727920
-5.727920,-5.727920,-1.335603,4.150130,-5.727920,-5.727920,-5.727920,-5.727920,-5.727920,-5.727920,-5.727920,-5.727920,-5.727920,-5.727920,-5.727920,-5.727920,-5.727920,0.611930,-5.727920,-5.727920
-5.727920,-5.727920,4.150130,-1.335603,-5.727920,-5.727920,-5.727920,-5.727920,-5.727920,-5.727920,-5.727920,-5.727920,-5.727920,-5.727920,-0.370368,-0.370368,-5.727920,-5.727920,-5.727920,-5.727920
-5.727920,-5.727920,-5.727920,-5.727920,-5.727920,-5.727920,-5.727920,-5.727920,-0.370368,-5.727920,-5.727920,-5.727920,-5.727920,-5.727920,-5.727920,-0.370368,4.180472,-5.727920,-5.727920,-5.727920
4.180472,-5.727920,-5.727920,-5.727920,-5.727920,-5.727920,-5.727920,-5.727920,-5.727920,-5.727920,-5.727920,-5.727920,-5.727920,-5.727920,-5.727920,-5.727920,-5.727920,-5.727920,-5.727920,0.611930
-5.727920,-5.727920,-5.727920,4.180472,-5.727920,-5.727920,-5.727920,-5.727920,-5.727920,-5.727920,-5.727920,-5.727920,-0.370368,-5.727920,-5.727920,-5.727920,-0.370368,-5.727920,-5.727920,-5.727920
-5.727920,-5.727920,-5.727920,-5.727920,-5.727920,-5.727920,-5.727920,-0.370368,-5.727920,4.239306,-5.727920,-5.727920,-5.727920,-5.727920,-5.727920,-5.727920,-5.727920,-5.727920,-5.727920,-5.727920
-5.727920,-5.727920,-5.727920,-5.727920,-5.727920,-5.727920,-1.335603,-5.727920,-5.727920,-5.727920,-5.727920,-5.727920,-5.727920,4.150130,-0.370368,-5.727920,-0.370368,-5.727920,-5.727920,-5.727920
-5.727920,-5.727920,-5.727920,-5.727920,-5.727920,4.239306,-5.727920,-5.727920,-5.727920,-5.727920,-5.727920,-0.370368,-5.727920,-5.727920,-5.727920,-5.727920,-5.727920,-5.727920,-5.727920,-5.727920
-5.727920,-5.727920,-5.727920,-5.727920,-5.727920,-5.727920,-5.727920,-5.727920,-5.727920,4.295834,-5.727920,-5.727920,-5.727920,-5.727920,-5.727920,-5.727920,-5.727920,-5.727920,-5.727920,-5.727920
-5.727920,-5.727920,-5.727920,-5.727920,-5.727920,-5.727920,-5.727920,-5.727920,-5.727920,-5.727920,-5.727920,-5.727920,-5.727920,0.611930,4.180472,-5.727920,-5.727920,-5.727920,-5.727920,-5.727920
-5.727920,-5.727920,-5.727920,-5.727920,-5.727920,-5.727920,-5.727920,-5.727920,-5.727920,-5.727920,-5.727920,-5.727920,4.295834,-5.727920,-5.727920,-5.727920,-5.727920,-5.727920,-5.727920,-5.727920
-0.370368,-5.727920,-5.727920,-5.727920,-5.727920,4.239306,-5.727920,-5.727920,-5.727920,-5.727920,-5.727920,-5.727920,-5.727920,-5.727920,-5.727920,-5.727920,-5.727920,-5.727920,-5.727920,-5.727920
-5.727920,-5.727920,-5.727920,-5.727920,-5.727920,-5.727920,-5.727920,-5.727920,-5.727920,-5.727920,-5.727920,-5.727920,-5.727920,-5.727920,-5.727920,4.239306,-0.370368,-5.727920,-5.727920,-5.727920
-5.727920,-5.727920,-0.370368,4.239306,-5.727920,-5.727920,-5.727920,-5.727920,-5.727920,-5.727920,-5.727920,-5.727920,-5.727920,-5.727920,-5.727920,-5.727920,-5.727920,-5.727920,-5.727920,-5.727920
-5.727920,-5.727920,-5.727920,-5.727920,-5.727920,-5.727920,-5.727920,-5.727920,-5.727920,-5.727920,-5.727920,-5.727920,-5.727920,-5.727920,-5.727920,-5.727920,-5.727920,-5.727920,-5.727920,4.295834
-5.727920,-5.727920,-5.727920,-5.727920,-5.727920,-5.727920,-5.727920,-5.727920,-0.370368,-5.727920,-5.727920,-5.727920,-5.727920,-5.727920,-5.727920,-5.727920,4.239306,-5.727920,-5.727920,-5.727920
-5.727920,-5.727920,-5.727920,-5.727920,-5.727920,-5.727920,-5.727920,-0.370368,-5.727920,-5.727920,-5.727920,-5.727920,-5.727920,-5.727920,-5.727920,-5.727920,-5.727920,4.239306,-5.727920,-5.727920
-5.727920,-5.727920,-5.727920,-5.727920,-5.727920,-5.727920,-0.370368,-5.727920,-5.727920,-5.727920,-5.727920,-5.727920,-5.727920,-5.727920,-5.727920,4.239306,-5.727920,-5.727920,-5.727920,-5.727920
-5.727920,-5.727920,-5.727920,-5.727920,-5.727920,-5.727920,-5.727920,-5.727920,-5.727920,0.611930,-5.727920,-5.727920,-5.727920,-5.727920,-5.727920,-5.727920,-5.727920,4.180472,-5.727920,-5.727920
-5.727920,-5.727920,-5.727920,-5.727920,-5.727920,-5.727920,-5.727920,-5.727920,-5.727920,-5.727920,-5.727920,-5.727920,-5.727920,-5.727920,-5.727920,-5.727920,-5.727920,4.239306,-5.727920,-0.370368
4.239306,-5.727920,-5.727920,-5.727920,-5.727920,-5.727920,-5.727920,-5.727920,-5.727920,-5.727920,-5.727920,-5.727920,-5.727920,-5.727920,-5.727920,-5.727920,-0.370368,-5.727920,-5.727920,-5.727920
-5.727920,-5.727920,-5.727920,-5.727920,-5.727920,-5.727920,-5.727920,-0.370368,-5.727920,4.239306,-5.727920,-5.727920,-5.727920,-5.727920,-5.727920,-5.727920,-5.727920,-5.727920,-5.727920,-5.727920
-5.727920,-5.727920,-5.727920,-5.727920,-5.727920,-5.727920,4.180472,-5.727920,-0.370368,-5.727920,-5.727920,-0.370368,-5.727920,-5.727920,-5.727920,-5.727920,-5.727920,-5.727920,-5.727920,-5.727920
-5.727920,-5.727920,4.210189,-5.727920,-5.727920,0.202817,-5.727920,-5.727920,-5.727920,-5.727920,-5.727920,-5.727920,-5.727920,-5.727920,-5.727920,-5.727920,-5.727920,-5.727920,-5.727920,-5.727920
-5.727920,-5.727920,4.150130,-5.727920,-5.727920,-1.335603,-5.727920,-5.727920,-5.727920,-5.727920,-5.727920,0.611930,-5.727920,-5.727920,-5.727920,-5.727920,-5.727920,-5.727920,-5.727920,-5.727920
-0.370368,-5.727920,-5.727920,-5.727920,-5.727920,-5.727920,-5.727920,-5.727920,-5.727920,-5.727920,4.180472,-5.727920,-5.727920,-0.370368,-5.727920,-5.727920,-5.727920,-5.727920,-5.727920,-5.727920
-5.727920,-5.727920,-5.727920,4.239306,-5.727920,-5.727920,-5.727920,-5.727920,-5.727920,-5.727920,-5.727920,-5.727920,-5.727920,-0.370368,-5.727920,-5.727920,-5.727920,-5.727920,-5.727920,-5.727920
-5.727920,-5.727920,-5.727920,-5.727920,-5.727920,-5.727920,-5.727920,-5.727920,-5.727920,-5.727920,-5.727920,-5.727920,-5.727920,-5.727920,-5.727920,4.295834,-5.727920,-5.727920,-5.727920,-5.727920
-5.727920,-5.727920,-5.727920,-5.727920,-5.727920,-5.727920,-5.727920,-5.727920,-5.727920,-5.727920,-5.727920,-5.727920,-0.370368,4.180472,-5.727920,-0.370368,-5.727920,-5.727920,-5.727920,-5.727920
-5.727920,-5.727920,-5.727920,-5.727920,-5.727920,-5.727920,-5.727920,-5.727920,-0.370368,-5.727920,-5.727920,-5.727920,4.239306,-5.727920,-5.727920,-5.727920,-5.727920,-5.727920,-5.727920,-5.727920
-0.370368,-5.727920,-5.727920,-5.727920,-5.727920,-5.727920,-5.727920,-5.727920,-5.727920,4.180472,-5.727920,-5.727920,-5.727920,-5.727920,-5.727920,-5.727920,-5.727920,-0.370368,-5.727920,-5.727920
-5.727920,-5.727920,-5.727920,-5.727920,-5.727920,-5.727920,-5.727920,4.239306,-5.727920,-5.727920,-5.727920,-5.727920,-5.727920,-5.727920,-5.727920,-5.727920,-0.370368,-5.727920,-5.727920,-5.727920
-5.727920,-5.727920,-5.727920,-5.727920,-5.727920,4.239306,-5.727920,-0.370368,-5.727920,-5.727920,-5.727920,-5.727920,-5.727920,-5.727920,-5.727920,-5.727920,-5.727920,-5.727920,-5.727920,-5.727920
-5.727920,-5.727920,-0.370368,-5.727920,-5.727920,-5.727920,-5.727920,-1.335603,-5.727920,-5.727920,-5.727920,-5.727920,-5.727920,-5.727920,-5.727920,-5.727920,4.119137,0.202817,-5.727920,-5.727920
-0.370368,-5.727920,-5.727920,-5.727920,-0.370368,-5.727920,-5.727920,-5.727920,-5.727920,-5.727920,-5.727920,-5.727920,-5.727920,4.180472,-5.727920,-5.727920,-5.727920,-5.727920,-5.727920,-5.727920
-5.727920,-5.727920,-5.727920,-5.727920,-5.727920,-5.727920,-5.727920,-5.727920,-5.727920,-5.727920,-5.727920,-5.727920,-5.727920,-5.727920,-5.727920,4.239306,-0.370368,-5.727920,-5.727920,-5.727920
-5.727920,-5.727920,-5.727920,-5.727920,-5.727920,-5.727920,-5.727920,-5.727920,-5.727920,-5.727920,-5.727920,-5.727920,-5.727920,-5.727920,-5.727920,-5.727920,4.295834,-5.727920,-5.727920,-5.727920
4.239306,-5.727920,-5.727920,-5.727920,-5.727920,-5.727920,-5.727920,-5.727920,-5.727920,-0.370368,-5.727920,-5.727920,-5.727920,-5.727920,-5.727920,-5.727920,-5.727920,-5.727920,-5.727920,-5.727920
-5.727920,-5.727920,-5.727920,-5.727920,-5.727920,-5.727920,-5.727920,4.239306,-5.727920,-5.727920,-5.727920,-5.727920,-5.727920,-0.370368,-5.727920,-5.727920,-5.727920,-5.727920,-5.727920,-5.727920
-5.727920,-5.727920,-0.370368,-5.727920,-5.727920,-5.727920,-5.727920,-5.727920,-5.727920,-5.727920,-5.727920,-5.727920,4.239306,-5.727920,-5.727920,-5.727920,-5.727920,-5.727920,-5.727920,-5.727920
4.239306,-5.727920,-5.727920,-5.727920,-5.727920,-0.370368,-5.727920,-5.727920,-5.727920,-5.727920,-5.727920,-5.727920,-5.727920,-5.727920,-5.727920,-5.727920,-5.727920,-5.727920,-5.727920,-5.727920
