-1.732394,-1.732394,-1.732394,-1.732394,-1.732394,-1.732394,-1.732394,-1.732394,-1.732394,-0.188326,-1.732394,-1.732394,-1.732394,-1.732394,-1.732394,-1.732394,-1.732394,-1.732394,-1.732394,-1.732394
-1.732394,-1.732394,-1.732394,-0.732394,-1.732394,-0.317420,-1.732394,-1.732394,-1.732394,-1.732394,-1.732394,-1.732394,-1.732394,-1.732394,-1.732394,-1.732394,-1.732394,-1.732394,-1.732394,-1.732394
-1.732394,-1.732394,-1.732394,-1.431364,-1.732394,-1.732394,-1.732394,-1.732394,-1.732394,-1.732394,-1.732394,-1.732394,-1.732394,-1.732394,-0.200915,-1.732394,-1.732394,-1.732394,-1.732394,-1.732394
-1.732394,-1.732394,-1.732394,-1.732394,-1.732394,-1.732394,-1.732394,-1.732394,-1.732394,-1.732394,-1.732394,-1.732394,-1.732394,-1.732394,-1.732394,-1.732394,-0.188326,-1.732394,-1.732394,-1.732394
-1.732394,-1.732394,-1.732394,-1.732394,-1.732394,-1.732394,-1.732394,-1.732394,-1.732394,-1.732394,-1.732394,-1.732394,-1.732394,-1.732394,-1.732394,-1.732394,-0.188326,-1.732394,-1.732394,-1.732394
-1.732394,-1.732394,-1.732394,-1.732394,-1.732394,-1.732394,-1.732394,-1.732394,-1.732394,-1.732394,-1.732394,-1.732394,-1.732394,-1.732394,-0.188326,-1.732394,-1.732394,-1.732394,-1.732394,-1.732394
-1.732394,-1.732394,-0.188326,-1.732394,-1.732394,-1.732394,-1.732394,-1.732394,-1.732394,-1.732394,-1.732394,-1.732394,-1.732394,-1.732394,-1.732394,-1.732394,-1.732394,-1.732394,-1.732394,-1.732394
-1.732394,-1.732394,-0.188326,-1.732394,-1.732394,-1.732394,-1.732394,-1.732394,-1.732394,-1.732394,-1.732394,-1.732394,-1.732394,-1.732394,-1.732394,-1.732394,-1.732394,-1.732394,-1.732394,-1.732394
-1.732394,-1.732394,-1.732394,-1.732394,-1.732394,-1.732394,-1.732394,-1.732394,-1.732394,-0.188326,-1.732394,-1.732394,-1.732394,-1.732394,-1.732394,-1.732394,-1.732394,-1.732394,-1.732394,-1.732394
-1.732394,-1.732394,-1.732394,-1.732394,-1.732394,-1.732394,-1.732394,-0.188326,-1.732394,-1.732394,-1.732394,-1.732394,-1.732394,-1.732394,-1.732394,-1.732394,-1.732394,-1.732394,-1.732394,-1.732394
-1.732394,-1.732394,-1.732394,-1.732394,-1.732394,-1.732394,-1.732394,-1.732394,-1.732394,-1.732394,-1.732394,-0.188326,-1.732394,-1.732394,-1.732394,-1.732394,-1.732394,-1.732394,-1.732394,-1.732394
-1.732394,-1.732394,-1.732394,-1.732394,-1.732394,-0.188326,-1.732394,-1.732394,-1.732394,-1.732394,-1.732394,-1.732394,-1.732394,-1.732394,-1.732394,-1.732394,-1.732394,-1.732394,-1.732394,-1.732394
-1.732394,-1.732394,-1.732394,-1.732394,-1.732394,-1.732394,-1.732394,-1.732394,-1.732394,-1.732394,-1.732394,-0.188326,-1.732394,-1.732394,-1.732394,-1.732394,-1.732394,-1.732394,-1.732394,-1.732394
-1.732394,-1.732394,-1.732394,-1.732394,-1.732394,-1.732394,-1.732394,-1.732394,-1.732394,-1.732394,-1.732394,-1.732394,-1.732394,-1.732394,-1.732394,-0.188326,-1.732394,-1.732394,-1.732394,-1.732394
-0.188326,-1.732394,-1.732394,-1.732394,-1.732394,-1.732394,-1.732394,-1.732394,-1.732394,-1.732394,-1.732394,-1.732394,-1.732394,-1.732394,-1.732394,-1.732394,-1.732394,-1.732394,-1.732394,-1.732394
-1.732394,-1.732394,-1.732394,-1.732394,-1.732394,-1.732394,-1.732394,-1.732394,-1.732394,-1.732394,-1.732394,-1.732394,-1.732394,-1.732394,-1.732394,-0.188326,-1.732394,-1.732394,-1.732394,-1.732394
-1.732394,-0.188326,-1.732394,-1.732394,-1.732394,-1.732394,-1.732394,-1.732394,-1.732394,-1.732394,-1.732394,-1.732394,-1.732394,-1.732394,-1.732394,-1.732394,-1.732394,-1.732394,-1.732394,-1.732394
-0.285236,-1.732394,-1.732394,-1.732394,-1.732394,-1.732394,-1.732394,-1.732394,-1.732394,-1.732394,-1.732394,-1.732394,-1.732394,-1.732394,-0.829304,-1.732394,-1.732394,-1.732394,-1.732394,-1.732394
-1.732394,-1.732394,-0.188326,-1.732394,-1.732394,-1.732394,-1.732394,-1.732394,-1.732394,-1.732394,-1.732394,-1.732394,-1.732394,-1.732394,-1.732394,-1.732394,-1.732394,-1.732394,-1.732394,-1.732394
-1.732394,-1.732394,-1.732394,-1.732394,-1.732394,-1.732394,-1.732394,-1.732394,-1.732394,-1.732394,-1.732394,-1.732394,-1.732394,-1.732394,-1.732394,-1.732394,-1.732394,-0.188326,-1.732394,-1.732394
-1.732394,-1.732394,-1.732394,-1.732394,-1.732394,-1.732394,-1.732394,-0.188326,-1.732394,-1.732394,-1.732394,-1.732394,-1.732394,-1.732394,-1.732394,-1.732394,-1.732394,-1.732394,-1.732394,-1.732394
-1.732394,-1.732394,-1.732394,-1.732394,-0.188326,-1.732394,-1.732394,-1.732394,-1.732394,-1.732394,-1.732394,-1.732394,-1.732394,-1.732394,-1.732394,-1.732394,-1.732394,-1.732394,-1.732394,-1.732394
-1.732394,-1.732394,-1.732394,-1.732394,-1.732394,-1.732394,-1.732394,-0.188326,-1.732394,-1.732394,-1.732394,-1.732394,-1.732394,-1.732394,-1.732394,-1.732394,-1.732394,-1.732394,-1.732394,-1.732394
-1.732394,-1.732394,-1.732394,-1.732394,-1.431364,-1.732394,-1.732394,-1.732394,-1.732394,-1.732394,-1.732394,-1.732394,-1.732394,-1.732394,-1.732394,-1.732394,-1.732394,-1.732394,-1.732394,-0.200915
-0.188326,-1.732394,-1.732394,-1.732394,-1.732394,-1.732394,-1.732394,-1.732394,-1.732394,-1.732394,-1.732394,-1.732394,-1.732394,-1.732394,-1.732394,-1.732394,-1.732394,-1.732394,-1.732394,-1.732394
-1.732394,-1.732394,-1.732394,-1.732394,-1.732394,-1.732394,-1.732394,-1.732394,-1.732394,-1.732394,-1.732394,-1.732394,-1.732394,-1.732394,-0.188326,-1.732394,-1.732394,-1.732394,-1.732394,-1.732394
-1.732394,-1.732394,-1.732394,-1.732394,-1.732394,-0.188326,-1.732394,-1.732394,-1.732394,-1.732394,-1.732394,-1.732394,-1.732394,-1.732394,-1.732394,-1.732394,-1.732394,-1.732394,-1.732394,-1.732394
-1.431364,-1.732394,-1.732394,-1.732394,-1.732394,-1.732394,-1.732394,-1.732394,-1.732394,-1.732394,-1.732394,-1.732394,-1.732394,-1.732394,-1.732394,-0.200915,-1.732394,-1.732394,-1.732394,-1.732394
-1.732394,-1.732394,-1.732394,-1.732394,-1.732394,-1.732394,-1.732394,-1.732394,-1.732394,-1.732394,-1.732394,-1.732394,-1.732394,-1.732394,-1.732394,-1.732394,-0.188326,-1.732394,-1.732394,-1.732394
-1.732394,-1.732394,-1.732394,-0.188326,-1.732394,-1.732394,-1.732394,-1.732394,-1.732394,-1.732394,-1.732394,-1.732394,-1.732394,-1.732394,-1.732394,-1.732394,-1.732394,-1.732394,-1.732394,-1.732394
-1.431364,-1.732394,-1.732394,-1.732394,-1.732394,-1.732394,-1.732394,-1.732394,-1.732394,-1.732394,-1.732394,-1.732394,-1.732394,-1.732394,-1.732394,-1.732394,-0.200915,-1.732394,-1.732394,-1.732394
-1.732394,-1.732394,-1.732394,-1.732394,-1.732394,-0.188326,-1.732394,-1.732394,-1.732394,-1.732394,-1.732394,-1.732394,-1.732394,-1.732394,-1.732394,-1.732394,-1.732394,-1.732394,-1.732394,-1.732394
-1.732394,-1.732394,-1.732394,-1.732394,-1.732394,-1.732394,-1.732394,-1.732394,-1.732394,-1.732394,-1.732394,-0.188326,-1.732394,-1.732394,-1.732394,-1.732394,-1.732394,-1.732394,-1.732394,-1.732394
-1.732394,-1.732394,-1.732394,-1.732394,-1.732394,-1.732394,-1.732394,-1.732394,-1.732394,-0.188326,-1.732394,-1.732394,-1.732394,-1.732394,-1.732394,-1.732394,-1.732394,-1.732394,-1.732394,-1.732394
-1.732394,-1.732394,-1.732394,-1.732394,-1.732394,-0.188326,-1.732394,-1.732394,-1.732394,-1.732394,-1.732394,-1.732394,-1.732394,-1.732394,-1.732394,-1.732394,-1.732394,-1.732394,-1.732394,-1.732394
-1.732394,-1.732394,-1.732394,-1.732394,-1.732394,-1.732394,-1.732394,-1.732394,-1.732394,-1.732394,-1.732394,-1.732394,-1.732394,-1.732394,-1.732394,-1.732394,-0.188326,-1.732394,-1.732394,-1.732394
-1.732394,-1.732394,-1.732394,-1.732394,-1.732394,-1.732394,-1.732394,-1.732394,-1.732394,-0.188326,-1.732394,-1.732394,-1.732394,-1.732394,-1.732394,-1.732394,-1.732394,-1.732394,-1.732394,-1.732394
-1.732394,-1.732394,-1.732394,-1.732394,-1.732394,-0.188326,-1.732394,-1.732394,-1.732394,-1.732394,-1.732394,-1.732394,-1.732394,-1.732394,-1.732394,-1.732394,-1.732394,-1.732394,-1.732394,-1.732394
-1.732394,-1.732394,-1.732394,-1.732394,-1.732394,-1.732394,-1.732394,-1.732394,-1.732394,-1.732394,-1.732394,-1.732394,-0.188326,-1.732394,-1.732394,-1.732394,-1.732394,-1.732394,-1.732394,-1.732394
-1.732394,-1.732394,-1.732394,-1.732394,-1.732394,-1.732394,-1.732394,-1.732394,-1.732394,-1.732394,-1.732394,-1.732394,-1.732394,-1.732394,-1.732394,-0.188326,-1.732394,-1.732394,-1.732394,-1.732394
-1.732394,-1.732394,-1.732394,-1.732394,-1.732394,-1.732394,-1.732394,-0.188326,-1.732394,-1.732394,-1.732394,-1.732394,-1.732394,-1.732394,-1.732394,-1.732394,-1.732394,-1.732394,-1.732394,-1.732394
-0.188326,-1.732394,-1.732394,-1.732394,-1.732394,-1.732394,-1.732394,-1.732394,-1.732394,-1.732394,-1.732394,-1.732394,-1.732394,-1.732394,-1.732394,-1.732394,-1.732394,-1.732394,-1.732394,-1.732394
-1.732394,-1.732394,-1.732394,-1.732394,-1.732394,-1.732394,-1.732394,-1.732394,-1.732394,-1.732394,-1.732394,-1.732394,-1.732394,-1.732394,-1.732394,-0.188326,-1.732394,-1.732394,-1.732394,-1.732394
-1.732394,-1.732394,-1.732394,-1.732394,-1.732394,-1.732394,-1.732394,-1.732394,-1.732394,-1.732394,-1.732394,-0.188326,-1.732394,-1.732394,-1.732394,-1.732394,-1.732394,-1.732394,-1.732394,-1.732394
-1.732394,-1.732394,-1.732394,-1.732394,-1.732394,-1.732394,-1.732394,-1.732394,-1.732394,-0.188326,-1.732394,-1.732394,-1.732394,-1.732394,-1.732394,-1.732394,-1.732394,-1.732394,-1.732394,-1.732394
-1.732394,-1.732394,-1.732394,-0.188326,-1.732394,-1.732394,-1.732394,-1.732394,-1.732394,-1.732394,-1.732394,-1.732394,-1.732394,-1.732394,-1.732394,-1.732394,-1.732394,-1.732394,-1.732394,-1.732394
-1.732394,-1.732394,-1.732394,-1.732394,-1.732394,-1.732394,-1.732394,-1.732394,-1.732394,-1.732394,-1.732394,-1.732394,-1.732394,-1.732394,-1.732394,-0.188326,-1.732394,-1.732394,-1.732394,-1.732394
-0.188326,-1.732394,-1.732394,-1.732394,-1.732394,-1.732394,-1.732394,-1.732394,-1.732394,-1.732394,-1.732394,-1.732394,-1.732394,-1.732394,-1.732394,-1.732394,-1.732394,-1.732394,-1.732394,-1.732394
-1.732394,-1.732394,-1.732394,-1.732394,-0.188326,-1.732394,-1.732394,-1.732394,-1.732394,-1.732394,-1.732394,-1.732394,-1.732394,-1.732394,-1.732394,-1.732394,-1.732394,-1.732394,-1.732394,-1.732394
-1.732394,-1.732394,-1.732394,-1.732394,-1.732394,-0.188326,-1.732394,-1.732394,-1.732394,-1.732394,-1.732394,-1.732394,-1.732394,-1.732394,-1.732394,-1.732394,-1.732394,-1.732394,-1.732394,-1.732394
-1.732394,-1.732394,-1.732394,-1.732394,-1.732394,-1.732394,-1.732394,-1.732394,-0.200915,-1.732394,-1.732394,-1.732394,-1.732394,-1.732394,-1.732394,-1.732394,-1.431364,-1.732394,-1.732394,-1.732394
-1.732394,-1.732394,-0.188326,-1.732394,-1.732394,-1.732394,-1.732394,-1.732394,-1.732394,-1.732394,-1.732394,-1.732394,-1.732394,-1.732394,-1.732394,-1.732394,-1.732394,-1.732394,-1.732394,-1.732394
-1.732394,-1.732394,-1.732394,-1.732394,-1.732394,-0.188326,-1.732394,-1.732394,-1.732394,-1.732394,-1.732394,-1.732394,-1.732394,-1.732394,-1.732394,-1.732394,-1.732394,-1.732394,-1.732394,-1.732394
-1.732394,-1.732394,-1.732394,-1.732394,-1.732394,-1.732394,-1.732394,-1.732394,-1.732394,-1.732394,-1.732394,-1.732394,-1.732394,-1.732394,-1.732394,-1.732394,-1.732394,-0.188326,-1.732394,-1.732394
-1.732394,-1.732394,-1.732394,-1.732394,-1.732394,-1.732394,-1.732394,-1.732394,-1.732394,-1.732394,-1.732394,-1.732394,-1.732394,-1.732394,-1.732394,-1.732394,-1.732394,-1.732394,-0.188326,-1.732394
-1.732394,-1.732394,-1.732394,-1.732394,-1.732394,-1.732394,-1.732394,-0.188326,-1.732394,-1.732394,-1.732394,-1.732394,-1.732394,-1.732394,-1.732394,-1.732394,-1.732394,-1.732394,-1.732394,-1.732394
-1.732394,-1.732394,-1.732394,-1.732394,-1.732394,-1.732394,-1.732394,-1.732394,-1.732394,-1.732394,-1.732394,-1.732394,-1.732394,-0.188326,-1.732394,-1.732394,-1.732394,-1.732394,-1.732394,-1.732394
-1.732394,-1.732394,-1.732394,-1.732394,-1.732394,-0.188326,-1.732394,-1.732394,-1.732394,-1.732394,-1.732394,-1.732394,-1.732394,-1.732394,-1.732394,-1.732394,-1.732394,-1.732394,-1.732394,-1.732394
-1.732394,-1.732394,-1.732394,-1.732394,-1.732394,-1.732394,-1.732394,-1.732394,-1.732394,-1.732394,-1.732394,-1.732394,-1.732394,-1.732394,-1.732394,-1.732394,-1.732394,-0.188326,-1.732394,-1.732394
-1.732394,-1.732394,-1.732394,-1.732394,-1.732394,-0.188326,-1.732394,-1.732394,-1.732394,-1.732394,-1.732394,-1.732394,-1.732394,-1.732394,-1.732394,-1.732394,-1.732394,-1.732394,-1.732394,-1.732394
-1.732394,-1.732394,-1.732394,-1.732394,-1.732394,-0.188326,-1.732394,-1.732394,-1.732394,-1.732394,-1.732394,-1.732394,-1.732394,-1.732394,-1.732394,-1.732394,-1.732394,-1.732394,-1.732394,-1.732394
-0.188326,-1.732394,-1.732394,-1.732394,-1.732394,-1.732394,-1.732394,-1.732394,-1.732394,-1.732394,-1.732394,-1.732394,-1.732394,-1.732394,-1.732394,-1.732394,-1.732394,-1.732394,-1.732394,-1.732394
-1.732394,-1.732394,-1.732394,-1.732394,-1.732394,-1.732394,-1.732394,-1.732394,-1.732394,-1.732394,-1.732394,-1.732394,-1.732394,-1.732394,-1.732394,-1.732394,-1.732394,-1.732394,-1.732394,-0.188326
-1.431364,-1.732394,-1.732394,-1.732394,-1.732394,-1.732394,-1.732394,-1.732394,-1.732394,-1.732394,-1.732394,-1.732394,-1.732394,-1.732394,-0.200915,-1.732394,-1.732394,-1.732394,-1.732394,-1.732394
-0.188326,-1.732394,-1.732394,-1.732394,-1.732394,-1.732394,-1.732394,-1.732394,-1.732394,-1.732394,-1.732394,-1.732394,-1.732394,-1.732394,-1.732394,-1.732394,-1.732394,-1.732394,-1.732394,-1.732394
-1.732394,-1.732394,-1.732394,-1.732394,-1.732394,-1.732394,-1.732394,-1.732394,-1.732394,-1.732394,-1.732394,-1.732394,-1.431364,-1.732394,-1.732394,-1.732394,-0.200915,-1.732394,-1.732394,-1.732394
-1.732394,-1.732394,-1.732394,-1.732394,-1.732394,-1.431364,-1.732394,-1.732394,-1.732394,-0.200915,-1.732394,-1.732394,-1.732394,-1.732394,-1.732394,-1.732394,-1.732394,-1.732394,-1.732394,-1.732394
-1.431364,-1.732394,-1.732394,-1.732394,-1.732394,-0.200915,-1.732394,-1.732394,-1.732394,-1.732394,-1.732394,-1.732394,-1.732394,-1.732394,-1.732394,-1.732394,-1.732394,-1.732394,-1.732394,-1.732394
-1.732394,-1.732394,-0.188326,-1.732394,-1.732394,-1.732394,-1.732394,-1.732394,-1.732394,-1.732394,-1.732394,-1.732394,-1.732394,-1.732394,-1.732394,-1.732394,-1.732394,-1.732394,-1.732394,-1.732394
-1.431364,-1.732394,-1.431364,-1.732394,-1.732394,-1.732394,-1.732394,-1.732394,-1.732394,-1.431364,-1.732394,-0.241032,-1.732394,-1.732394,-1.732394,-1.732394,-1.732394,-1.732394,-1.431364,-1.732394
-0.213880,-1.732394,-1.732394,-1.732394,-1.255273,-1.732394,-1.732394,-1.732394,-1.732394,-1.732394,-1.732394,-1.732394,-1.732394,-1.732394,-1.732394,-1.732394,-1.732394,-1.732394,-1.732394,-1.732394
-1.732394,-1.732394,-1.732394,-1.732394,-1.732394,-1.732394,-1.732394,-1.732394,-1.732394,-0.188326,-1.732394,-1.732394,-1.732394,-1.732394,-1.732394,-1.732394,-1.732394,-1.732394,-1.732394,-1.732394
-1.732394,-1.732394,-1.732394,-1.732394,-1.732394,-1.732394,-1.732394,-1.732394,-1.732394,-1.732394,-1.732394,-1.732394,-0.188326,-1.732394,-1.732394,-1.732394,-1.732394,-1.732394,-1.732394,-1.732394
-1.732394,-1.732394,-1.732394,-1.732394,-1.732394,-1.732394,-1.732394,-1.732394,-1.732394,-1.732394,-1.732394,-1.732394,-1.732394,-1.732394,-0.188326,-1.732394,-1.732394,-1.732394,-1.732394,-1.732394
-1.732394,-1.732394,-1.732394,-1.732394,-1.732394,-0.188326,-1.732394,-1.732394,-1.732394,-1.732394,-1.732394,-1.732394,-1.732394,-1.732394,-1.732394,-1.732394,-1.732394,-1.732394,-1.732394,-1.732394
-1.732394,-1.732394,-1.732394,-1.732394,-1.732394,-1.732394,-1.732394,-1.732394,-1.732394,-1.732394,-1.732394,-1.732394,-1.732394,-1.732394,-1.732394,-1.732394,-0.188326,-1.732394,-1.732394,-1.732394
-1.732394,-1.732394,-1.732394,-1.732394,-1.732394,-1.732394,-1.732394,-1.732394,-1.732394,-1.732394,-1.732394,-1.732394,-1.732394,-1.732394,-1.732394,-0.188326,-1.732394,-1.732394,-1.732394,-1.732394
-1.732394,-1.431364,-1.732394,-1.732394,-1.732394,-1.732394,-1.732394,-1.732394,-1.732394,-1.732394,-1.732394,-1.732394,-1.732394,-1.732394,-1.732394,-0.200915,-1.732394,-1.732394,-1.732394,-1.732394
-0.188326,-1.732394,-1.732394,-1.732394,-1.732394,-1.732394,-1.732394,-1.732394,-1.732394,-1.732394,-1.732394,-1.732394,-1.732394,-1.732394,-1.732394,-1.732394,-1.732394,-1.732394,-1.732394,-1.732394
-0.188326,-1.732394,-1.732394,-1.732394,-1.732394,-1.732394,-1.732394,-1.732394,-1.732394,-1.732394,-1.732394,-1.732394,-1.732394,-1.732394,-1.732394,-1.732394,-1.732394,-1.732394,-1.732394,-1.732394
-1.732394,-1.732394,-1.732394,-1.732394,-1.732394,-1.732394,-1.732394,-0.188326,-1.732394,-1.732394,-1.732394,-1.732394,-1.732394,-1.732394,-1.732394,-1.732394,-1.732394,-1.732394,-1.732394,-1.732394
-1.732394,-1.732394,-1.732394,-1.732394,-1.732394,-1.732394,-1.732394,-1.732394,-1.732394,-1.732394,-1.732394,-1.732394,-1.732394,-1.732394,-0.188326,-1.732394,-1.732394,-1.732394,-1.732394,-1.732394
-1.732394,-1.732394,-1.732394,-0.188326,-1.732394,-1.732394,-1.732394,-1.732394,-1.732394,-1.732394,-1.732394,-1.732394,-1.732394,-1.732394,-1.732394,-1.732394,-1.732394,-1.732394,-1.732394,-1.732394
-1.732394,-1.732394,-1.732394,-1.732394,-1.732394,-1.732394,-1.732394,-1.732394,-1.732394,-1.732394,-0.188326,-1.732394,-1.732394,-1.732394,-1.732394,-1.732394,-1.732394,-1.732394,-1.732394,-1.732394
-1.732394,-1.732394,-1.732394,-1.732394,-1.732394,-1.732394,-1.732394,-1.732394,-1.732394,-0.188326,-1.732394,-1.732394,-1.732394,-1.732394,-1.732394,-1.732394,-1.732394,-1.732394,-1.732394,-1.732394
-1.732394,-1.732394,-1.732394,-1.732394,-1.732394,-0.188326,-1.732394,-1.732394,-1.732394,-1.732394,-1.732394,-1.732394,-1.732394,-1.732394,-1.732394,-1.732394,-1.732394,-1.732394,-1.732394,-1.732394
-1.732394,-1.732394,-1.732394,-1.732394,-1.732394,-1.732394,-1.732394,-1.732394,-1.732394,-0.188326,-1.732394,-1.732394,-1.732394,-1.732394,-1.732394,-1.732394,-1.732394,-1.732394,-1.732394,-1.732394
-1.732394,-1.732394,-1.732394,-1.732394,-0.188326,-1.732394,-1.732394,-1.732394,-1.732394,-1.732394,-1.732394,-1.732394,-1.732394,-1.732394,-1.732394,-1.732394,-1.732394,-1.732394,-1.732394,-1.732394
-1.732394,-1.732394,-1.732394,-1.732394,-1.732394,-1.732394,-1.732394,-1.732394,-1.732394,-1.732394,-1.732394,-1.732394,-1.732394,-0.188326,-1.732394,-1.732394,-1.732394,-1.732394,-1.732394,-1.732394
-1.732394,-1.732394,-1.732394,-1.732394,-1.732394,-1.732394,-1.732394,-1.732394,-1.732394,-1.732394,-1.732394,-1.732394,-1.732394,-0.188326,-1.732394,-1.732394,-1.732394,-1.732394,-1.732394,-1.732394
-0.188326,-1.732394,-1.732394,-1.732394,-1.732394,-1.732394,-1.732394,-1.732394,-1.732394,-1.732394,-1.732394,-1.732394,-1.732394,-1.732394,-1.732394,-1.732394,-1.732394,-1.732394,-1.732394,-1.732394
-1.732394,-1.732394,-1.732394,-1.732394,-1.732394,-1.732394,-1.732394,-1.732394,-1.732394,-1.732394,-1.732394,-0.188326,-1.732394,-1.732394,-1.732394,-1.732394,-1.732394,-1.732394,-1.732394,-1.732394
-1.732394,-1.732394,-1.732394,-1.732394,-1.732394,-1.732394,-1.732394,-1.732394,-1.732394,-1.732394,-1.732394,-1.732394,-1.732394,-1.732394,-1.732394,-1.732394,-0.188326,-1.732394,-1.732394,-1.732394
-1.732394,-1.732394,-1.732394,-1.732394,-1.732394,-1.732394,-1.732394,-1.732394,-0.188326,-1.732394,-1.732394,-1.732394,-1.732394,-1.732394,-1.732394,-1.732394,-1.732394,-1.732394,-1.732394,-1.732394
-1.732394,-0.188326,-1.732394,-1.732394,-1.732394,-1.732394,-1.732394,-1.732394,-1.732394,-1.732394,-1.732394,-1.732394,-1.732394,-1.732394,-1.732394,-1.732394,-1.732394,-1.732394,-1.732394,-1.732394
-1.732394,-1.732394,-1.732394,-1.732394,-1.732394,-1.732394,-1.732394,-1.732394,-1.732394,-1.732394,-1.732394,-1.732394,-0.188326,-1.732394,-1.732394,-1.732394,-1.732394,-1.732394,-1.732394,-1.732394
-1.732394,-1.732394,-0.188326,-1.732394,-1.732394,-1.732394,-1.732394,-1.732394,-1.732394,-1.732394,-1.732394,-1.732394,-1.732394,-1.732394,-1.732394,-1.732394,-1.732394,-1.732394,-1.732394,-1.732394
-0.188326,-1.732394,-1.732394,-1.732394,-1.732394,-1.732394,-1.732394,-1.732394,-1.732394,-1.732394,-1.732394,-1.732394,-1.732394,-1.732394,-1.732394,-1.732394,-1.732394,-1.732394,-1.732394,-1.732394
-1.732394,-1.732394,-1.732394,-1.732394,-1.732394,-1.732394,-1.732394,-1.732394,-1.732394,-1.732394,-1.732394,-1.732394,-1.732394,-1.732394,-1.732394,-1.732394,-0.188326,-1.732394,-1.732394,-1.732394
-1.732394,-1.732394,-1.732394,-1.732394,-1.732394,-1.732394,-1.732394,-1.732394,-1.732394,-0.200915,-1.732394,-1.732394,-1.732394,-1.732394,-1.732394,-1.732394,-1.732394,-1.732394,-1.732394,-1.431364
-1.732394,-1.732394,-1.732394,-1.732394,-1.732394,-1.732394,-1.732394,-0.188326,-1.732394,-1.732394,-1.732394,-1.732394,-1.732394,-1.732394,-1.732394,-1.732394,-1.732394,-1.732394,-1.732394,-1.732394
-0.188326,-1.732394,-1.732394,-1.732394,-1.732394,-1.732394,-1.732394,-1.732394,-1.732394,-1.732394,-1.732394,-1.732394,-1.732394,-1.732394,-1.732394,-1.732394,-1.732394,-1.732394,-1.732394,-1.732394
-1.732394,-1.732394,-1.732394,-1.732394,-1.732394,-0.188326,-1.732394,-1.732394,-1.732394,-1.732394,-1.732394,-1.732394,-1.732394,-1.732394,-1.732394,-1.732394,-1.732394,-1.732394,-1.732394,-1.732394
-1.732394,-1.732394,-1.732394,-1.732394,-1.732394,-0.188326,-1.732394,-1.732394,-1.732394,-1.732394,-1.732394,-1.732394,-1.732394,-1.732394,-1.732394,-1.732394,-1.732394,-1.732394,-1.732394,-1.732394
-1.732394,-1.732394,-1.732394,-1.732394,-1.732394,-1.732394,-1.431364,-1.732394,-1.732394,-1.732394,-1.732394,-1.732394,-1.732394,-1.732394,-1.732394,-1.732394,-1.732394,-1.732394,-1.732394,-0.200915
-1.431364,-1.431364,-1.732394,-1.732394,-1.732394,-1.732394,-1.732394,-1.732394,-1.732394,-1.732394,-1.732394,-1.732394,-1.732394,-1.732394,-1.732394,-0.213880,-1.732394,-1.732394,-1.732394,-1.732394
-1.732394,-1.732394,-1.732394,-1.732394,-1.732394,-1.732394,-1.732394,-1.732394,-1.732394,-1.732394,-1.732394,-1.732394,-1.732394,-0.188326,-1.732394,-1.732394,-1.732394,-1.732394,-1.732394,-1.732394
-1.732394,-1.732394,-1.732394,-1.732394,-1.732394,-0.188326,-1.732394,-1.732394,-1.732394,-1.732394,-1.732394,-1.732394,-1.732394,-1.732394,-1.732394,-1.732394,-1.732394,-1.732394,-1.732394,-1.732394
-0.188326,-1.732394,-1.732394,-1.732394,-1.732394,-1.732394,-1.732394,-1.732394,-1.732394,-1.732394,-1.732394,-1.732394,-1.732394,-1.732394,-1.732394,-1.732394,-1.732394,-1.732394,-1.732394,-1.732394
-0.188326,-1.732394,-1.732394,-1.732394,-1.732394,-1.732394,-1.732394,-1.732394,-1.732394,-1.732394,-1.732394,-1.732394,-1.732394,-1.732394,-1.732394,-1.732394,-1.732394,-1.732394,-1.732394,-1.732394
-1.732394,-1.732394,-1.732394,-1.732394,-1.732394,-1.732394,-1.732394,-1.732394,-1.732394,-0.188326,-1.732394,-1.732394,-1.732394,-1.732394,-1.732394,-1.732394,-1.732394,-1.732394,-1.732394,-1.732394
-0.188326,-1.732394,-1.732394,-1.732394,-1.732394,-1.732394,-1.732394,-1.732394,-1.732394,-1.732394,-1.732394,-1.732394,-1.732394,-1.732394,-1.732394,-1.732394,-1.732394,-1.732394,-1.732394,-1.732394
-0.188326,-1.732394,-1.732394,-1.732394,-1.732394,-1.732394,-1.732394,-1.732394,-1.732394,-1.732394,-1.732394,-1.732394,-1.732394,-1.732394,-1.732394,-1.732394,-1.732394,-1.732394,-1.732394,-1.732394
-0.188326,-1.732394,-1.732394,-1.732394,-1.732394,-1.732394,-1.732394,-1.732394,-1.732394,-1.732394,-1.732394,-1.732394,-1.732394,-1.732394,-1.732394,-1.732394,-1.732394,-1.732394,-1.732394,-1.732394
-1.732394,-1.431364,-1.732394,-1.732394,-1.732394,-1.732394,-1.732394,-1.732394,-1.732394,-1.732394,-1.732394,-1.732394,-1.732394,-1.732394,-1.732394,-0.200915,-1.732394,-1.732394,-1.732394,-1.732394
-1.732394,-1.732394,-1.732394,-1.732394,-1.732394,-1.732394,-1.732394,-0.188326,-1.732394,-1.732394,-1.732394,-1.732394,-1.732394,-1.732394,-1.732394,-1.732394,-1.732394,-1.732394,-1.732394,-1.732394
-1.732394,-1.732394,-1.732394,-0.188326,-1.732394,-1.732394,-1.732394,-1.732394,-1.732394,-1.732394,-1.732394,-1.732394,-1.732394,-1.732394,-1.732394,-1.732394,-1.732394,-1.732394,-1.732394,-1.732394
-1.732394,-1.732394,-0.188326,-1.732394,-1.732394,-1.732394,-1.732394,-1.732394,-1.732394,-1.732394,-1.732394,-1.732394,-1.732394,-1.732394,-1.732394,-1.732394,-1.732394,-1.732394,-1.732394,-1.732394
-1.732394,-1.732394,-1.732394,-1.732394,-1.732394,-1.732394,-1.732394,-1.732394,-1.732394,-0.188326,-1.732394,-1.732394,-1.732394,-1.732394,-1.732394,-1.732394,-1.732394,-1.732394,-1.732394,-1.732394
-1.732394,-1.732394,-0.188326,-1.732394,-1.732394,-1.732394,-1.732394,-1.732394,-1.732394,-1.732394,-1.732394,-1.732394,-1.732394,-1.732394,-1.732394,-1.732394,-1.732394,-1.732394,-1.732394,-1.732394
-1.732394,-1.732394,-1.732394,-1.732394,-1.732394,-1.732394,-1.732394,-1.732394,-1.732394,-1.732394,-1.732394,-1.732394,-1.732394,-1.732394,-1.732394,-0.188326,-1.732394,-1.732394,-1.732394,-1.732394
-0.188326,-1.732394,-1.732394,-1.732394,-1.732394,-1.732394,-1.732394,-1.732394,-1.732394,-1.732394,-1.732394,-1.732394,-1.732394,-1.732394,-1.732394,-1.732394,-1.732394,-1.732394,-1.732394,-1.732394
-1.732394,-1.732394,-1.732394,-1.732394,-1.732394,-1.732394,-1.732394,-0.188326,-1.732394,-1.732394,-1.732394,-1.732394,-1.732394,-1.732394,-1.732394,-1.732394,-1.732394,-1.732394,-1.732394,-1.732394
-1.732394,-1.732394,-1.732394,-1.732394,-1.732394,-1.732394,-1.732394,-1.732394,-1.732394,-1.732394,-1.732394,-1.732394,-1.732394,-1.732394,-0.188326,-1.732394,-1.732394,-1.732394,-1.732394,-1.732394
-1.732394,-1.732394,-0.188326,-1.732394,-1.732394,-1.732394,-1.732394,-1.732394,-1.732394,-1.732394,-1.732394,-1.732394,-1.732394,-1.732394,-1.732394,-1.732394,-1.732394,-1.732394,-1.732394,-1.732394
-1.732394,-1.732394,-1.732394,-1.732394,-1.732394,-1.732394,-1.732394,-1.732394,-0.188326,-1.732394,-1.732394,-1.732394,-1.732394,-1.732394,-1.732394,-1.732394,-1.732394,-1.732394,-1.732394,-1.732394
-1.732394,-1.732394,-1.732394,-1.732394,-1.732394,-1.732394,-1.732394,-0.188326,-1.732394,-1.732394,-1.732394,-1.732394,-1.732394,-1.732394,-1.732394,-1.732394,-1.732394,-1.732394,-1.732394,-1.732394
-0.188326,-1.732394,-1.732394,-1.732394,-1.732394,-1.732394,-1.732394,-1.732394,-1.732394,-1.732394,-1.732394,-1.732394,-1.732394,-1.732394,-1.732394,-1.732394,-1.732394,-1.732394,-1.732394,-1.732394
-1.732394,-1.732394,-1.732394,-1.732394,-1.732394,-0.188326,-1.732394,-1.732394,-1.732394,-1.732394,-1.732394,-1.732394,-1.732394,-1.732394,-1.732394,-1.732394,-1.732394,-1.732394,-1.732394,-1.732394
-1.732394,-1.431364,-1.732394,-1.732394,-1.732394,-1.732394,-1.732394,-1.732394,-1.732394,-1.732394,-1.732394,-1.732394,-1.732394,-1.732394,-1.732394,-1.732394,-0.200915,-1.732394,-1.732394,-1.732394
-1.732394,-1.732394,-1.732394,-1.732394,-1.732394,-1.732394,-1.732394,-1.732394,-1.732394,-1.732394,-1.732394,-1.732394,-1.732394,-1.732394,-1.732394,-1.732394,-1.732394,-0.188326,-1.732394,-1.732394
-1.732394,-1.732394,-1.732394,-1.732394,-1.732394,-1.732394,-1.732394,-1.732394,-1.732394,-0.188326,-1.732394,-1.732394,-1.732394,-1.732394,-1.732394,-1.732394,-1.732394,-1.732394,-1.732394,-1.732394
-1.732394,-1.732394,-1.732394,-1.732394,-0.188326,-1.732394,-1.732394,-1.732394,-1.732394,-1.732394,-1.732394,-1.732394,-1.732394,-1.732394,-1.732394,-1.732394,-1.732394,-1.732394,-1.732394,-1.732394
-1.732394,-1.732394,-1.732394,-1.732394,-1.732394,-0.188326,-1.732394,-1.732394,-1.732394,-1.732394,-1.732394,-1.732394,-1.732394,-1.732394,-1.732394,-1.732394,-1.732394,-1.732394,-1.732394,-1.732394
-1.732394,-1.732394,-1.732394,-1.732394,-1.732394,-1.732394,-1.732394,-1.732394,-1.732394,-1.732394,-1.732394,-1.732394,-1.732394,-1.732394,-1.732394,-1.732394,-1.732394,-1.732394,-1.732394,-0.188326
-1.732394,-1.732394,-1.732394,-1.732394,-1.732394,-1.732394,-1.732394,-1.732394,-1.732394,-1.732394,-1.732394,-1.732394,-1.732394,-1.732394,-1.732394,-1.732394,-0.188326,-1.732394,-1.732394,-1.732394
-1.732394,-1.732394,-1.732394,-1.732394,-1.732394,-1.732394,-1.732394,-1.732394,-0.188326,-1.732394,-1.732394,-1.732394,-1.732394,-1.732394,-1.732394,-1.732394,-1.732394,-1.732394,-1.732394,-1.732394
-1.732394,-1.732394,-1.732394,-1.732394,-1.732394,-1.732394,-1.732394,-1.732394,-1.732394,-1.732394,-1.732394,-0.188326,-1.732394,-1.732394,-1.732394,-1.732394,-1.732394,-1.732394,-1.732394,-1.732394
-1.732394,-1.732394,-1.732394,-1.732394,-1.732394,-1.732394,-1.732394,-1.732394,-1.732394,-0.188326,-1.732394,-1.732394,-1.732394,-1.732394,-1.732394,-1.732394,-1.732394,-1.732394,-1.732394,-1.732394
-1.732394,-1.732394,-1.732394,-1.732394,-1.732394,-1.732394,-1.732394,-1.732394,-1.732394,-1.732394,-1.732394,-1.732394,-1.732394,-0.188326,-1.732394,-1.732394,-1.732394,-1.732394,-1.732394,-1.732394
-1.732394,-1.732394,-1.732394,-1.732394,-1.732394,-1.732394,-1.732394,-1.732394,-1.732394,-1.732394,-1.732394,-0.188326,-1.732394,-1.732394,-1.732394,-1.732394,-1.732394,-1.732394,-1.732394,-1.732394
-1.732394,-1.732394,-1.732394,-1.732394,-1.732394,-1.732394,-1.732394,-1.732394,-1.732394,-1.431364,-1.732394,-1.732394,-1.732394,-1.732394,-0.200915,-1.732394,-1.732394,-1.732394,-1.732394,-1.732394
-1.732394,-1.732394,-1.732394,-1.732394,-1.732394,-0.188326,-1.732394,-1.732394,-1.732394,-1.732394,-1.732394,-1.732394,-1.732394,-1.732394,-1.732394,-1.732394,-1.732394,-1.732394,-1.732394,-1.732394
-1.732394,-1.732394,-1.732394,-1.732394,-1.732394,-1.732394,-1.732394,-1.732394,-1.732394,-1.732394,-1.732394,-1.732394,-1.732394,-1.732394,-0.188326,-1.732394,-1.732394,-1.732394,-1.732394,-1.732394
-1.732394,-1.732394,-1.732394,-1.732394,-1.732394,-1.732394,-1.732394,-0.188326,-1.732394,-1.732394,-1.732394,-1.732394,-1.732394,-1.732394,-1.732394,-1.732394,-1.732394,-1.732394,-1.732394,-1.732394
-1.732394,-1.732394,-1.732394,-1.732394,-1.732394,-1.732394,-1.732394,-1.732394,-1.732394,-1.732394,-1.732394,-1.732394,-0.188326,-1.732394,-1.732394,-1.732394,-1.732394,-1.732394,-1.732394,-1.732394
-1.732394,-1.732394,-1.732394,-1.732394,-1.732394,-1.732394,-1.732394,-1.732394,-1.732394,-1.732394,-1.732394,-0.188326,-1.732394,-1.732394,-1.732394,-1.732394,-1.732394,-1.732394,-1.732394,-1.732394
-1.732394,-1.732394,-1.732394,-1.732394,-1.732394,-1.732394,-1.732394,-1.732394,-1.732394,-1.732394,-1.732394,-1.732394,-1.732394,-1.732394,-1.732394,-1.732394,-1.732394,-1.732394,-1.732394,-0.188326
-1.732394,-1.732394,-1.732394,-1.732394,-1.732394,-1.732394,-1.732394,-1.732394,-1.732394,-1.732394,-1.732394,-1.732394,-0.188326,-1.732394,-1.732394,-1.732394,-1.732394,-1.732394,-1.732394,-1.732394
-0.188326,-1.732394,-1.732394,-1.732394,-1.732394,-1.732394,-1.732394,-1.732394,-1.732394,-1.732394,-1.732394,-1.732394,-1.732394,-1.732394,-1.732394,-1.732394,-1.732394,-1.732394,-1.732394,-1.732394
-1.732394,-1.732394,-0.188326,-1.732394,-1.732394,-1.732394,-1.732394,-1.732394,-1.732394,-1.732394,-1.732394,-1.732394,-1.732394,-1.732394,-1.732394,-1.732394,-1.732394,-1.732394,-1.732394,-1.732394
-1.732394,-1.732394,-1.732394,-1.732394,-1.732394,-1.732394,-1.732394,-1.732394,-1.732394,-1.732394,-1.732394,-1.732394,-1.732394,-1.732394,-0.188326,-1.732394,-1.732394,-1.732394,-1.732394,-1.732394
-1.732394,-1.732394,-1.732394,-1.732394,-1.732394,-1.732394,-1.732394,-1.732394,-1.732394,-1.732394,-1.732394,-1.732394,-1.732394,-1.732394,-1.732394,-1.732394,-0.188326,-1.732394,-1.732394,-1.732394
-1.732394,-1.732394,-1.732394,-1.732394,-1.732394,-1.732394,-1.732394,-1.732394,-0.188326,-1.732394,-1.732394,-1.732394,-1.732394,-1.732394,-1.732394,-1.732394,-1.732394,-1.732394,-1.732394,-1.732394
-1.732394,-1.732394,-1.732394,-1.732394,-1.732394,-1.732394,-1.732394,-1.732394,-1.732394,-1.732394,-1.732394,-1.732394,-1.732394,-1.732394,-1.732394,-1.732394,-1.732394,-0.188326,-1.732394,-1.732394
-1.732394,-1.732394,-1.732394,-1.732394,-0.188326,-1.732394,-1.732394,-1.732394,-1.732394,-1.732394,-1.732394,-1.732394,-1.732394,-1.732394,-1.732394,-1.732394,-1.732394,-1.732394,-1.732394,-1.732394
-1.732394,-0.188326,-1.732394,-1.732394,-1.732394,-1.732394,-1.732394,-1.732394,-1.732394,-1.732394,-1.732394,-1.732394,-1.732394,-1.732394,-1.732394,-1.732394,-1.732394,-1.732394,-1.732394,-1.732394
-1.732394,-1.732394,-1.732394,-1.732394,-1.732394,-1.732394,-1.732394,-1.732394,-1.130334,-1.732394,-1.732394,-0.227244,-1.732394,-1.732394,-1.732394,-1.732394,-1.732394,-1.732394,-1.732394,-1.732394
-1.732394,-1.732394,-1.732394,-1.732394,-1.732394,-1.732394,-1.732394,-1.732394,-1.732394,-1.732394,-1.732394,-1.732394,-1.732394,-1.732394,-1.732394,-1.732394,-0.200915,-1.431364,-1.732394,-1.732394
-1.732394,-1.732394,-1.732394,-1.732394,-1.732394,-0.188326,-1.732394,-1.732394,-1.732394,-1.732394,-1.732394,-1.732394,-1.732394,-1.732394,-1.732394,-1.732394,-1.732394,-1.732394,-1.732394,-1.732394
-1.732394,-1.732394,-0.188326,-1.732394,-1.732394,-1.732394,-1.732394,-1.732394,-1.732394,-1.732394,-1.732394,-1.732394,-1.732394,-1.732394,-1.732394,-1.732394,-1.732394,-1.732394,-1.732394,-1.732394
-1.732394,-1.732394,-1.732394,-1.732394,-1.732394,-1.732394,-1.732394,-1.732394,-1.732394,-0.188326,-1.732394,-1.732394,-1.732394,-1.732394,-1.732394,-1.732394,-1.732394,-1.732394,-1.732394,-1.732394
-1.732394,-1.732394,-1.732394,-1.732394,-1.732394,-1.732394,-1.732394,-1.732394,-1.732394,-1.732394,-1.732394,-1.732394,-1.732394,-1.732394,-1.732394,-1.732394,-1.732394,-0.188326,-1.732394,-1.732394
-1.732394,-0.188326,-1.732394,-1.732394,-1.732394,-1.732394,-1.732394,-1.732394,-1.732394,-1.732394,-1.732394,-1.732394,-1.732394,-1.732394,-1.732394,-1.732394,-1.732394,-1.732394,-1.732394,-1.732394
-1.732394,-1.732394,-1.732394,-1.732394,-1.732394,-1.732394,-1.732394,-1.732394,-1.732394,-1.732394,-1.732394,-1.732394,-1.732394,-1.732394,-1.732394,-1.732394,-0.188326,-1.732394,-1.732394,-1.732394
-1.732394,-1.732394,-1.732394,-1.732394,-1.732394,-0.188326,-1.732394,-1.732394,-1.732394,-1.732394,-1.732394,-1.732394,-1.732394,-1.732394,-1.732394,-1.732394,-1.732394,-1.732394,-1.732394,-1.732394
-1.732394,-1.732394,-1.732394,-1.732394,-1.732394,-1.732394,-1.732394,-1.732394,-1.732394,-1.732394,-1.732394,-1.732394,-1.732394,-1.732394,-1.732394,-0.188326,-1.732394,-1.732394,-1.732394,-1.732394
-1.732394,-1.732394,-1.732394,-1.732394,-1.732394,-1.431364,-1.732394,-1.732394,-1.732394,-0.200915,-1.732394,-1.732394,-1.732394,-1.732394,-1.732394,-1.732394,-1.732394,-1.732394,-1.732394,-1.732394
-1.732394,-1.732394,-1.732394,-1.732394,-1.732394,-1.732394,-1.732394,-0.188326,-1.732394,-1.732394,-1.732394,-1.732394,-1.732394,-1.732394,-1.732394,-1.732394,-1.732394,-1.732394,-1.732394,-1.732394
-1.732394,-1.732394,-1.732394,-1.732394,-1.732394,-1.732394,-1.732394,-1.431364,-1.732394,-1.732394,-1.732394,-1.732394,-1.732394,-1.732394,-1.732394,-1.732394,-1.732394,-0.200915,-1.732394,-1.732394
-0.200915,-1.732394,-1.732394,-1.732394,-1.732394,-1.732394,-1.732394,-1.732394,-1.732394,-1.431364,-1.732394,-1.732394,-1.732394,-1.732394,-1.732394,-1.732394,-1.732394,-1.732394,-1.732394,-1.732394
-0.188326,-1.732394,-1.732394,-1.732394,-1.732394,-1.732394,-1.732394,-1.732394,-1.732394,-1.732394,-1.732394,-1.732394,-1.732394,-1.732394,-1.732394,-1.732394,-1.732394,-1.732394,-1.732394,-1.732394
-1.732394,-1.732394,-1.732394,-1.732394,-1.732394,-1.732394,-1.732394,-1.732394,-1.732394,-1.732394,-1.732394,-1.732394,-0.188326,-1.732394,-1.732394,-1.732394,-1.732394,-1.732394,-1.732394,-1.732394
-1.732394,-1.732394,-1.732394,-1.732394,-1.732394,-1.732394,-0.188326,-1.732394,-1.732394,-1.732394,-1.732394,-1.732394,-1.732394,-1.732394,-1.732394,-1.732394,-1.732394,-1.732394,-1.732394,-1.732394
-1.732394,-1.732394,-1.732394,-1.732394,-1.255273,-1.732394,-1.732394,-1.732394,-1.732394,-0.213880,-1.732394,-1.732394,-1.732394,-1.732394,-1.732394,-1.732394,-1.732394,-1.732394,-1.732394,-1.732394
-0.188326,-1.732394,-1.732394,-1.732394,-1.732394,-1.732394,-1.732394,-1.732394,-1.732394,-1.732394,-1.732394,-1.732394,-1.732394,-1.732394,-1.732394,-1.732394,-1.732394,-1.732394,-1.732394,-1.732394
-1.732394,-1.732394,-1.732394,-1.732394,-1.732394,-1.732394,-1.732394,-1.732394,-1.732394,-1.732394,-1.732394,-1.732394,-1.732394,-1.732394,-1.732394,-1.732394,-1.732394,-1.732394,-1.732394,-0.188326
-1.732394,-1.732394,-1.732394,-1.732394,-1.732394,-0.188326,-1.732394,-1.732394,-1.732394,-1.732394,-1.732394,-1.732394,-1.732394,-1.732394,-1.732394,-1.732394,-1.732394,-1.732394,-1.732394,-1.732394
-1.732394,-1.732394,-1.732394,-1.732394,-1.732394,-1.732394,-1.732394,-1.732394,-1.732394,-1.732394,-1.732394,-1.732394,-0.188326,-1.732394,-1.732394,-1.732394,-1.732394,-1.732394,-1.732394,-1.732394
-1.732394,-1.732394,-0.188326,-1.732394,-1.732394,-1.732394,-1.732394,-1.732394,-1.732394,-1.732394,-1.732394,-1.732394,-1.732394,-1.732394,-1.732394,-1.732394,-1.732394,-1.732394,-1.732394,-1.732394
-0.188326,-1.732394,-1.732394,-1.732394,-1.732394,-1.732394,-1.732394,-1.732394,-1.732394,-1.732394,-1.732394,-1.732394,-1.732394,-1.732394,-1.732394,-1.732394,-1.732394,-1.732394,-1.732394,-1.732394
-1.732394,-1.732394,-1.732394,-1.255273,-1.732394,-1.732394,-1.732394,-1.732394,-1.732394,-1.732394,-1.732394,-1.732394,-1.732394,-1.732394,-0.213880,-1.732394,-1.732394,-1.732394,-1.732394,-1.732394
-1.732394,-1.732394,-1.732394,-1.732394,-1.732394,-0.188326,-1.732394,-1.732394,-1.732394,-1.732394,-1.732394,-1.732394,-1.732394,-1.732394,-1.732394,-1.732394,-1.732394,-1.732394,-1.732394,-1.732394
-1.732394,-1.732394,-1.732394,-1.732394,-1.732394,-1.732394,-1.732394,-1.732394,-1.732394,-1.732394,-1.732394,-1.732394,-0.188326,-1.732394,-1.732394,-1.732394,-1.732394,-1.732394,-1.732394,-1.732394
-0.200915,-1.431364,-1.732394,-1.732394,-1.732394,-1.732394,-1.732394,-1.732394,-1.732394,-1.732394,-1.732394,-1.732394,-1.732394,-1.732394,-1.732394,-1.732394,-1.732394,-1.732394,-1.732394,-1.732394
-1.732394,-1.732394,-1.732394,-1.732394,-1.732394,-1.732394,-1.732394,-1.732394,-1.732394,-1.732394,-1.732394,-1.732394,-0.188326,-1.732394,-1.732394,-1.732394,-1.732394,-1.732394,-1.732394,-1.732394
-1.732394,-1.732394,-1.732394,-0.188326,-1.732394,-1.732394,-1.732394,-1.732394,-1.732394,-1.732394,-1.732394,-1.732394,-1.732394,-1.732394,-1.732394,-1.732394,-1.732394,-1.732394,-1.732394,-1.732394
-1.732394,-1.732394,-1.732394,-1.732394,-0.188326,-1.732394,-1.732394,-1.732394,-1.732394,-1.732394,-1.732394,-1.732394,-1.732394,-1.732394,-1.732394,-1.732394,-1.732394,-1.732394,-1.732394,-1.732394
-1.732394,-1.732394,-1.732394,-1.732394,-1.732394,-1.732394,-1.732394,-1.732394,-1.732394,-0.188326,-1.732394,-1.732394,-1.732394,-1.732394,-1.732394,-1.732394,-1.732394,-1.732394,-1.732394,-1.732394
-1.732394,-1.732394,-1.732394,-1.732394,-1.732394,-1.732394,-1.732394,-0.188326,-1.732394,-1.732394,-1.732394,-1.732394,-1.732394,-1.732394,-1.732394,-1.732394,-1.732394,-1.732394,-1.732394,-1.732394
-1.732394,-1.732394,-1.732394,-0.188326,-1.732394,-1.732394,-1.732394,-1.732394,-1.732394,-1.732394,-1.732394,-1.732394,-1.732394,-1.732394,-1.732394,-1.732394,-1.732394,-1.732394,-1.732394,-1.732394
-1.732394,-1.732394,-1.732394,-1.732394,-1.732394,-1.732394,-1.732394,-1.732394,-0.188326,-1.732394,-1.732394,-1.732394,-1.732394,-1.732394,-1.732394,-1.732394,-1.732394,-1.732394,-1.732394,-1.732394
-1.732394,-1.732394,-1.732394,-1.732394,-1.732394,-1.732394,-1.732394,-1.732394,-1.732394,-1.732394,-1.732394,-1.732394,-1.732394,-1.732394,-1.732394,-1.732394,-1.732394,-0.188326,-1.732394,-1.732394
-1.732394,-1.732394,-1.732394,-1.732394,-1.732394,-1.732394,-1.732394,-1.732394,-1.732394,-1.732394,-1.732394,-1.732394,-1.732394,-1.732394,-0.188326,-1.732394,-1.732394,-1.732394,-1.732394,-1.732394
-0.188326,-1.732394,-1.732394,-1.732394,-1.732394,-1.732394,-1.732394,-1.732394,-1.732394,-1.732394,-1.732394,-1.732394,-1.732394,-1.732394,-1.732394,-1.732394,-1.732394,-1.732394,-1.732394,-1.732394
-1.732394,-1.732394,-1.732394,-1.732394,-1.732394,-1.732394,-1.732394,-1.732394,-1.732394,-1.732394,-1.732394,-1.732394,-1.732394,-1.732394,-1.732394,-1.732394,-1.732394,-0.188326,-1.732394,-1.732394
-1.732394,-1.732394,-1.732394,-1.732394,-1.732394,-1.732394,-1.732394,-1.732394,-1.732394,-1.732394,-1.732394,-1.732394,-1.732394,-1.732394,-0.188326,-1.732394,-1.732394,-1.732394,-1.732394,-1.732394
-1.732394,-1.732394,-1.732394,-1.732394,-1.732394,-0.188326,-1.732394,-1.732394,-1.732394,-1.732394,-1.732394,-1.732394,-1.732394,-1.732394,-1.732394,-1.732394,-1.732394,-1.732394,-1.732394,-1.732394
-1.732394,-1.431364,-1.732394,-1.732394,-1.732394,-1.732394,-1.732394,-1.732394,-1.732394,-1.732394,-1.732394,-1.732394,-1.732394,-1.732394,-1.732394,-0.200915,-1.732394,-1.732394,-1.732394,-1.732394
-0.188326,-1.732394,-1.732394,-1.732394,-1.732394,-1.732394,-1.732394,-1.732394,-1.732394,-1.732394,-1.732394,-1.732394,-1.732394,-1.732394,-1.732394,-1.732394,-1.732394,-1.732394,-1.732394,-1.732394
