3.357552,-2.000000,-2.000000,-2.000000,-2.000000,-2.000000,-2.000000,-2.000000,-2.000000,-2.000000,-2.000000,-2.000000,-2.000000,-2.000000,-2.000000,2.392317,-2.000000,-2.000000,-2.000000,-2.000000
-2.000000,-2.000000,-2.000000,-2.000000,-2.000000,-2.000000,-2.000000,-2.000000,-2.000000,-2.000000,-2.000000,-2.000000,3.930737,-2.000000,-2.000000,-2.000000,-2.000000,-2.000000,-2.000000,-2.000000
-2.000000,-2.000000,-2.000000,-2.000000,-2.000000,3.357552,-2.000000,-2.000000,-2.000000,-2.000000,-2.000000,-2.000000,-2.000000,-2.000000,-2.000000,-2.000000,-2.000000,2.392317,-2.000000,-2.000000
-2.000000,-2.000000,-2.000000,-2.000000,-2.000000,-2.000000,-2.000000,-2.000000,-2.000000,-2.000000,-2.000000,-2.000000,-2.000000,-2.000000,-2.000000,-2.000000,-2.000000,3.930737,-2.000000,-2.000000
-2.000000,-2.000000,-2.000000,-2.000000,-2.000000,-2.000000,-2.000000,-2.000000,-2.000000,-2.000000,-2.000000,-2.000000,-2.000000,-2.000000,-2.000000,-2.000000,3.930737,-2.000000,-2.000000,-2.000000
-2.000000,-2.000000,-2.000000,-2.000000,-2.000000,-2.000000,-2.000000,-2.000000,-2.000000,-2.000000,-2.000000,-2.000000,-2.000000,-2.000000,-2.000000,-2.000000,-2.000000,3.930737,-2.000000,-2.000000
-2.000000,-2.000000,-2.000000,-2.000000,-2.000000,-2.000000,-2.000000,-2.000000,-2.000000,-2.000000,-2.000000,-2.000000,-2.000000,-2.000000,-2.000000,-2.000000,3.930737,-2.000000,-2.000000,-2.000000
-2.000000,-2.000000,-2.000000,-2.000000,-2.000000,-2.000000,-2.000000,-2.000000,-2.000000,-2.000000,-2.000000,-2.000000,3.930737,-2.000000,-2.000000,-2.000000,-2.000000,-2.000000,-2.000000,-2.000000
3.930737,-2.000000,-2.000000,-2.000000,-2.000000,-2.000000,-2.000000,-2.000000,-2.000000,-2.000000,-2.000000,-2.000000,-2.000000,-2.000000,-2.000000,-2.000000,-2.000000,-2.000000,-2.000000,-2.000000
-2.000000,-2.000000,-2.000000,-2.000000,-2.000000,-2.000000,-2.000000,-2.000000,-2.000000,-2.000000,-2.000000,-2.000000,-2.000000,-2.000000,-2.000000,-2.000000,3.930737,-2.000000,-2.000000,-2.000000
-2.000000,-2.000000,-2.000000,-2.000000,-2.000000,3.930737,-2.000000,-2.000000,-2.000000,-2.000000,-2.000000,-2.000000,-2.000000,-2.000000,-2.000000,-2.000000,-2.000000,-2.000000,-2.000000,-2.000000
-2.000000,-2.000000,-2.000000,-2.000000,-2.000000,-2.000000,-2.000000,-2.000000,-2.000000,3.930737,-2.000000,-2.000000,-2.000000,-2.000000,-2.000000,-2.000000,-2.000000,-2.000000,-2.000000,-2.000000
-2.000000,-2.000000,-2.000000,-2.000000,-2.000000,-2.000000,-2.000000,-2.000000,-2.000000,-2.000000,-2.000000,-2.000000,-2.000000,-2.000000,-2.000000,3.930737,-2.000000,-2.000000,-2.000000,-2.000000
-2.000000,-2.000000,2.392317,-2.000000,-2.000000,-2.000000,-2.000000,-2.000000,-2.000000,-2.000000,-2.000000,3.357552,-2.000000,-2.000000,-2.000000,-2.000000,-2.000000,-2.000000,-2.000000,-2.000000
-2.000000,-2.000000,-2.000000,-2.000000,-2.000000,3.930737,-2.000000,-2.000000,-2.000000,-2.000000,-2.000000,-2.000000,-2.000000,-2.000000,-2.000000,-2.000000,-2.000000,-2.000000,-2.000000,-2.000000
2.392317,-2.000000,-2.000000,-2.000000,-2.000000,-2.000000,-2.000000,-2.000000,-2.000000,-2.000000,-2.000000,-2.000000,-2.000000,3.357552,-2.000000,-2.000000,-2.000000,-2.000000,-2.000000,-2.000000
-2.000000,-2.000000,-2.000000,-2.000000,-2.000000,-2.000000,-2.000000,-2.000000,-2.000000,-2.000000,-2.000000,-2.000000,-2.000000,-2.000000,-2.000000,-2.000000,3.930737,-2.000000,-2.000000,-2.000000
-2.000000,-2.000000,-2.000000,-2.000000,-2.000000,-2.000000,-2.000000,-2.000000,-2.000000,-2.000000,-2.000000,-2.000000,-2.000000,-2.000000,-2.000000,-2.000000,-2.000000,3.930737,-2.000000,-2.000000
-2.000000,-2.000000,-2.000000,-2.000000,-2.000000,-2.000000,-2.000000,-2.000000,-2.000000,-2.000000,-2.000000,-2.000000,-2.000000,-2.000000,-2.000000,-2.000000,3.930737,-2.000000,-2.000000,-2.000000
-2.000000,-2.000000,-2.000000,-2.000000,-2.000000,-2.000000,-2.000000,-2.000000,-2.000000,-2.000000,-2.000000,-2.000000,-2.000000,-2.000000,-2.000000,-2.000000,-2.000000,3.930737,-2.000000,-2.000000
-2.000000,-2.000000,-2.000000,-2.000000,-2.000000,-2.000000,-2.000000,-2.000000,-2.000000,-2.000000,-2.000000,-2.000000,-2.000000,-2.000000,-2.000000,3.357552,2.392317,-2.000000,-2.000000,-2.000000
3.357552,-2.000000,-2.000000,-2.000000,-2.000000,2.392317,-2.000000,-2.000000,-2.000000,-2.000000,-2.000000,-2.000000,-2.000000,-2.000000,-2.000000,-2.000000,-2.000000,-2.000000,-2.000000,-2.000000
-2.000000,-2.000000,-2.000000,-2.000000,-2.000000,-2.000000,-2.000000,-2.000000,-2.000000,-2.000000,-2.000000,-2.000000,-2.000000,-2.000000,-2.000000,-2.000000,3.930737,-2.000000,-2.000000,-2.000000
-2.000000,-2.000000,-2.000000,-2.000000,-2.000000,3.930737,-2.000000,-2.000000,-2.000000,-2.000000,-2.000000,-2.000000,-2.000000,-2.000000,-2.000000,-2.000000,-2.000000,-2.000000,-2.000000,-2.000000
-2.000000,-2.000000,-2.000000,-2.000000,-2.000000,-2.000000,-2.000000,-2.000000,-2.000000,3.930737,-2.000000,-2.000000,-2.000000,-2.000000,-2.000000,-2.000000,-2.000000,-2.000000,-2.000000,-2.000000
-2.000000,-2.000000,-2.000000,-2.000000,-2.000000,-2.000000,-2.000000,-2.000000,-2.000000,-2.000000,-2.000000,-2.000000,-2.000000,-2.000000,-2.000000,-2.000000,3.930737,-2.000000,-2.000000,-2.000000
-2.000000,-2.000000,-2.000000,-2.000000,-2.000000,-2.000000,-2.000000,-2.000000,-2.000000,-2.000000,-2.000000,-2.000000,3.930737,-2.000000,-2.000000,-2.000000,-2.000000,-2.000000,-2.000000,-2.000000
-2.000000,-2.000000,-2.000000,-2.000000,-2.000000,3.930737,-2.000000,-2.000000,-2.000000,-2.000000,-2.000000,-2.000000,-2.000000,-2.000000,-2.000000,-2.000000,-2.000000,-2.000000,-2.000000,-2.000000
2.392317,-2.000000,-2.000000,-2.000000,-2.000000,-2.000000,-2.000000,-2.000000,-2.000000,-2.000000,-2.000000,-2.000000,-2.000000,-2.000000,-2.000000,-2.000000,3.357552,-2.000000,-2.000000,-2.000000
-2.000000,-2.000000,-2.000000,-2.000000,-2.000000,-2.000000,-2.000000,-2.000000,-2.000000,-2.000000,-2.000000,-2.000000,-2.000000,-2.000000,-2.000000,-2.000000,-2.000000,3.930737,-2.000000,-2.000000
-2.000000,-2.000000,-2.000000,-2.000000,-2.000000,-2.000000,-2.000000,-2.000000,-2.000000,-2.000000,-2.000000,-2.000000,-2.000000,-2.000000,-2.000000,-2.000000,-2.000000,-2.000000,-2.000000,3.930737
-2.000000,-2.000000,-2.000000,-2.000000,-2.000000,-2.000000,3.930737,-2.000000,-2.000000,-2.000000,-2.000000,-2.000000,-2.000000,-2.000000,-2.000000,-2.000000,-2.000000,-2.000000,-2.000000,-2.000000
-2.000000,-2.000000,-2.000000,-2.000000,-2.000000,-2.000000,-2.000000,-2.000000,-2.000000,-2.000000,-2.000000,-2.000000,-2.000000,-2.000000,-2.000000,-2.000000,-2.000000,3.930737,-2.000000,-2.000000
2.392317,-2.000000,-2.000000,-2.000000,-2.000000,3.357552,-2.000000,-2.000000,-2.000000,-2.000000,-2.000000,-2.000000,-2.000000,-2.000000,-2.000000,-2.000000,-2.000000,-2.000000,-2.000000,-2.000000
-2.000000,-2.000000,-2.000000,-2.000000,-2.000000,-2.000000,-2.000000,-2.000000,-2.000000,-2.000000,-2.000000,-2.000000,-2.000000,3.930737,-2.000000,-2.000000,-2.000000,-2.000000,-2.000000,-2.000000
-2.000000,3.930737,-2.000000,-2.000000,-2.000000,-2.000000,-2.000000,-2.000000,-2.000000,-2.000000,-2.000000,-2.000000,-2.000000,-2.000000,-2.000000,-2.000000,-2.000000,-2.000000,-2.000000,-2.000000
3.357552,-2.000000,-2.000000,2.392317,-2.000000,-2.000000,-2.000000,-2.000000,-2.000000,-2.000000,-2.000000,-2.000000,-2.000000,-2.000000,-2.000000,-2.000000,-2.000000,-2.000000,-2.000000,-2.000000
-2.000000,-2.000000,-2.000000,-2.000000,-2.000000,-2.000000,-2.000000,-2.000000,-2.000000,2.392317,-2.000000,-2.000000,-2.000000,-2.000000,-2.000000,-2.000000,-2.000000,3.357552,-2.000000,-2.000000
-2.000000,-2.000000,-2.000000,-2.000000,-2.000000,-2.000000,-2.000000,-2.000000,-2.000000,-2.000000,-2.000000,-2.000000,-2.000000,-2.000000,-2.000000,-2.000000,-2.000000,3.930737,-2.000000,-2.000000
-2.000000,-2.000000,-2.000000,3.357552,-2.000000,-2.000000,-2.000000,-2.000000,-2.000000,-2.000000,-2.000000,-2.000000,-2.000000,-2.000000,-2.000000,-2.000000,2.392317,-2.000000,-2.000000,-2.000000
-2.000000,-2.000000,-2.000000,-2.000000,-2.000000,-2.000000,-2.000000,-2.000000,-2.000000,-2.000000,-2.000000,-2.000000,3.357552,-2.000000,-2.000000,2.392317,-2.000000,-2.000000,-2.000000,-2.000000
-2.000000,-2.000000,-2.000000,-2.000000,-2.000000,3.930737,-2.000000,-2.000000,-2.000000,-2.000000,-2.000000,-2.000000,-2.000000,-2.000000,-2.000000,-2.000000,-2.000000,-2.000000,-2.000000,-2.000000
-2.000000,-2.000000,-2.000000,-2.000000,-2.000000,-2.000000,-2.000000,-2.000000,-2.000000,-2.000000,-2.000000,-2.000000,-2.000000,-2.000000,-2.000000,-2.000000,2.392317,3.357552,-2.000000,-2.000000
-2.000000,-2.000000,-2.000000,-2.000000,-2.000000,-2.000000,-2.000000,3.357552,-2.000000,-2.000000,-2.000000,-2.000000,-2.000000,-2.000000,-2.000000,-2.000000,-2.000000,-2.000000,-2.000000,2.392317
-2.000000,-2.000000,-2.000000,-2.000000,-2.000000,3.930737,-2.000000,-2.000000,-2.000000,-2.000000,-2.000000,-2.000000,-2.000000,-2.000000,-2.000000,-2.000000,-2.000000,-2.000000,-2.000000,-2.000000
-2.000000,3.930737,-2.000000,-2.000000,-2.000000,-2.000000,-2.000000,-2.000000,-2.000000,-2.000000,-2.000000,-2.000000,-2.000000,-2.000000,-2.000000,-2.000000,-2.000000,-2.000000,-2.000000,-2.000000
-2.000000,-2.000000,3.930737,-2.000000,-2.000000,-2.000000,-2.000000,-2.000000,-2.000000,-2.000000,-2.000000,-2.000000,-2.000000,-2.000000,-2.000000,-2.000000,-2.000000,-2.000000,-2.000000,-2.000000
3.357552,-2.000000,-2.000000,-2.000000,-2.000000,-2.000000,-2.000000,-2.000000,-2.000000,-2.000000,-2.000000,-2.000000,2.392317,-2.000000,-2.000000,-2.000000,-2.000000,-2.000000,-2.000000,-2.000000
-2.000000,-2.000000,-2.000000,-2.000000,-2.000000,-2.000000,-2.000000,-2.000000,-2.000000,-2.000000,-2.000000,-2.000000,-2.000000,-2.000000,-2.000000,-2.000000,3.930737,-2.000000,-2.000000,-2.000000
-2.000000,-2.000000,-2.000000,-2.000000,-2.000000,-2.000000,-2.000000,-2.000000,-2.000000,-2.000000,-2.000000,-2.000000,-2.000000,-2.000000,-2.000000,2.392317,3.357552,-2.000000,-2.000000,-2.000000
-2.000000,-2.000000,-2.000000,-2.000000,-2.000000,-2.000000,-2.000000,-2.000000,-2.000000,-2.000000,-2.000000,-2.000000,-2.000000,-2.000000,-2.000000,3.357552,-2.000000,2.392317,-2.000000,-2.000000
-2.000000,-2.000000,-2.000000,-2.000000,-2.000000,-2.000000,-2.000000,-2.000000,-2.000000,-2.000000,-2.000000,-2.000000,-2.000000,-2.000000,-2.000000,-2.000000,3.357552,2.392317,-2.000000,-2.000000
-2.000000,-2.000000,3.357552,-2.000000,-2.000000,-2.000000,-2.000000,-2.000000,-2.000000,-2.000000,-2.000000,2.392317,-2.000000,-2.000000,-2.000000,-2.000000,-2.000000,-2.000000,-2.000000,-2.000000
-2.000000,-2.000000,-2.000000,-2.000000,-2.000000,-2.000000,-2.000000,2.392317,-2.000000,-2.000000,-2.000000,-2.000000,-2.000000,-2.000000,-2.000000,-2.000000,-2.000000,3.357552,-2.000000,-2.000000
2.392317,-2.000000,-2.000000,-2.000000,-2.000000,-2.000000,-2.000000,-2.000000,-2.000000,-2.000000,-2.000000,-2.000000,-2.000000,-2.000000,-2.000000,-2.000000,3.357552,-2.000000,-2.000000,-2.000000
3.930737,-2.000000,-2.000000,-2.000000,-2.000000,-2.000000,-2.000000,-2.000000,-2.000000,-2.000000,-2.000000,-2.000000,-2.000000,-2.000000,-2.000000,-2.000000,-2.000000,-2.000000,-2.000000,-2.000000
-2.000000,-2.000000,3.930737,-2.000000,-2.000000,-2.000000,-2.000000,-2.000000,-2.000000,-2.000000,-2.000000,-2.000000,-2.000000,-2.000000,-2.000000,-2.000000,-2.000000,-2.000000,-2.000000,-2.000000
3.930737,-2.000000,-2.000000,-2.000000,-2.000000,-2.000000,-2.000000,-2.000000,-2.000000,-2.000000,-2.000000,-2.000000,-2.000000,-2.000000,-2.000000,-2.000000,-2.000000,-2.000000,-2.000000,-2.000000
3.357552,-2.000000,-2.000000,-2.000000,-2.000000,-2.000000,-2.000000,-2.000000,-2.000000,-2.000000,-2.000000,-2.000000,-2.000000,2.392317,-2.000000,-2.000000,-2.000000,-2.000000,-2.000000,-2.000000
-2.000000,-2.000000,-2.000000,-2.000000,-2.000000,3.930737,-2.000000,-2.000000,-2.000000,-2.000000,-2.000000,-2.000000,-2.000000,-2.000000,-2.000000,-2.000000,-2.000000,-2.000000,-2.000000,-2.000000
-2.000000,-2.000000,-2.000000,-2.000000,-2.000000,-2.000000,-2.000000,-2.000000,3.930737,-2.000000,-2.000000,-2.000000,-2.000000,-2.000000,-2.000000,-2.000000,-2.000000,-2.000000,-2.000000,-2.000000
-2.000000,-2.000000,-2.000000,-2.000000,-2.000000,-2.000000,-2.000000,3.357552,-2.000000,2.392317,-2.000000,-2.000000,-2.000000,-2.000000,-2.000000,-2.000000,-2.000000,-2.000000,-2.000000,-2.000000
-2.000000,-2.000000,-2.000000,-2.000000,-2.000000,-2.000000,-2.000000,-2.000000,-2.000000,-2.000000,-2.000000,-2.000000,-2.000000,-2.000000,-2.000000,-2.000000,3.930737,-2.000000,-2.000000,-2.000000
3.357552,-2.000000,-2.000000,-2.000000,-2.000000,-2.000000,-2.000000,-2.000000,-2.000000,-2.000000,-2.000000,-2.000000,-2.000000,-2.000000,-2.000000,-2.000000,2.392317,-2.000000,-2.000000,-2.000000
-2.000000,-2.000000,-2.000000,-2.000000,-2.000000,-2.000000,-2.000000,-2.000000,-2.000000,-2.000000,-2.000000,-2.000000,-2.000000,3.930737,-2.000000,-2.000000,-2.000000,-2.000000,-2.000000,-2.000000
-2.000000,-2.000000,-2.000000,-2.000000,-2.000000,-2.000000,-2.000000,2.392317,-2.000000,3.357552,-2.000000,-2.000000,-2.000000,-2.000000,-2.000000,-2.000000,-2.000000,-2.000000,-2.000000,-2.000000
-2.000000,-2.000000,-2.000000,-2.000000,-2.000000,-2.000000,-2.000000,-2.000000,3.357552,-2.000000,-2.000000,-2.000000,-2.000000,-2.000000,-2.000000,-2.000000,2.392317,-2.000000,-2.000000,-2.000000
-2.000000,-2.000000,-2.000000,-2.000000,-2.000000,-2.000000,-2.000000,-2.000000,-2.000000,-2.000000,-2.000000,-2.000000,-2.000000,-2.000000,-2.000000,-2.000000,-2.000000,3.930737,-2.000000,-2.000000
-2.000000,-2.000000,-2.000000,-2.000000,-2.000000,-2.000000,3.930737,-2.000000,-2.000000,-2.000000,-2.000000,-2.000000,-2.000000,-2.000000,-2.000000,-2.000000,-2.000000,-2.000000,-2.000000,-2.000000
-2.000000,-2.000000,-2.000000,-2.000000,-2.000000,-2.000000,-2.000000,-2.000000,-2.000000,-2.000000,-2.000000,-2.000000,-2.000000,-2.000000,-2.000000,3.930737,-2.000000,-2.000000,-2.000000,-2.000000
-2.000000,-2.000000,-2.000000,-2.000000,-2.000000,-2.000000,-2.000000,-2.000000,-2.000000,-2.000000,-2.000000,-2.000000,-2.000000,-2.000000,-2.000000,3.930737,-2.000000,-2.000000,-2.000000,-2.000000
-2.000000,-2.000000,-2.000000,-2.000000,3.930737,-2.000000,-2.000000,-2.000000,-2.000000,-2.000000,-2.000000,-2.000000,-2.000000,-2.000000,-2.000000,-2.000000,-2.000000,-2.000000,-2.000000,-2.000000
2.392317,-2.000000,-2.000000,-2.000000,-2.000000,-2.000000,-2.000000,-2.000000,-2.000000,-2.000000,-2.000000,-2.000000,-2.000000,3.357552,-2.000000,-2.000000,-2.000000,-2.000000,-2.000000,-2.000000
3.930737,-2.000000,-2.000000,-2.000000,-2.000000,-2.000000,-2.000000,-2.000000,-2.000000,-2.000000,-2.000000,-2.000000,-2.000000,-2.000000,-2.000000,-2.000000,-2.000000,-2.000000,-2.000000,-2.000000
-2.000000,-2.000000,-2.000000,-2.000000,-2.000000,-2.000000,-2.000000,-2.000000,-2.000000,-2.000000,-2.000000,-2.000000,-2.000000,-2.000000,-2.000000,-2.000000,-2.000000,3.930737,-2.000000,-2.000000
-2.000000,-2.000000,-2.000000,2.392317,-2.000000,-2.000000,-2.000000,-2.000000,-2.000000,-2.000000,-2.000000,-2.000000,-2.000000,-2.000000,-2.000000,-2.000000,-2.000000,3.357552,-2.000000,-2.000000
-2.000000,-2.000000,-2.000000,-2.000000,-2.000000,3.930737,-2.000000,-2.000000,-2.000000,-2.000000,-2.000000,-2.000000,-2.000000,-2.000000,-2.000000,-2.000000,-2.000000,-2.000000,-2.000000,-2.000000
3.930737,-2.000000,-2.000000,-2.000000,-2.000000,-2.000000,-2.000000,-2.000000,-2.000000,-2.000000,-2.000000,-2.000000,-2.000000,-2.000000,-2.000000,-2.000000,-2.000000,-2.000000,-2.000000,-2.000000
-2.000000,-2.000000,2.392317,-2.000000,-2.000000,-2.000000,-2.000000,-2.000000,-2.000000,-2.000000,-2.000000,2.392317,-2.000000,2.392317,-2.000000,-2.000000,-2.000000,-2.000000,-2.000000,-2.000000
-2.000000,-2.000000,-2.000000,-2.000000,-2.000000,3.930737,-2.000000,-2.000000,-2.000000,-2.000000,-2.000000,-2.000000,-2.000000,-2.000000,-2.000000,-2.000000,-2.000000,-2.000000,-2.000000,-2.000000
-2.000000,-2.000000,-2.000000,-2.000000,-2.000000,-2.000000,-2.000000,-2.000000,-2.000000,-2.000000,-2.000000,-2.000000,-2.000000,-2.000000,-2.000000,-2.000000,3.930737,-2.000000,-2.000000,-2.000000
-2.000000,-2.000000,-2.000000,-2.000000,-2.000000,-2.000000,-2.000000,-2.000000,-2.000000,-2.000000,-2.000000,-2.000000,3.930737,-2.000000,-2.000000,-2.000000,-2.000000,-2.000000,-2.000000,-2.000000
2.392317,-2.000000,-2.000000,-2.000000,-2.000000,-2.000000,-2.000000,-2.000000,-2.000000,-2.000000,-2.000000,-2.000000,-2.000000,-2.000000,-2.000000,-2.000000,-2.000000,-2.000000,3.357552,-2.000000
-2.000000,-2.000000,-2.000000,-2.000000,-2.000000,3.930737,-2.000000,-2.000000,-2.000000,-2.000000,-2.000000,-2.000000,-2.000000,-2.000000,-2.000000,-2.000000,-2.000000,-2.000000,-2.000000,-2.000000
-2.000000,-2.000000,-2.000000,-2.000000,-2.000000,-2.000000,-2.000000,-2.000000,-2.000000,-2.000000,-2.000000,-2.000000,-2.000000,-2.000000,-2.000000,-2.000000,3.930737,-2.000000,-2.000000,-2.000000
-2.000000,-2.000000,-2.000000,-2.000000,-2.000000,-2.000000,-2.000000,-2.000000,-2.000000,-2.000000,-2.000000,-2.000000,-2.000000,-2.000000,-2.000000,-2.000000,-2.000000,3.930737,-2.000000,-2.000000
-2.000000,-2.000000,2.392317,-2.000000,-2.000000,-2.000000,-2.000000,-2.000000,-2.000000,-2.000000,-2.000000,3.357552,-2.000000,-2.000000,-2.000000,-2.000000,-2.000000,-2.000000,-2.000000,-2.000000
-2.000000,3.930737,-2.000000,-2.000000,-2.000000,-2.000000,-2.000000,-2.000000,-2.000000,-2.000000,-2.000000,-2.000000,-2.000000,-2.000000,-2.000000,-2.000000,-2.000000,-2.000000,-2.000000,-2.000000
-2.000000,-2.000000,-2.000000,-2.000000,-2.000000,-2.000000,-2.000000,-2.000000,3.930737,-2.000000,-2.000000,-2.000000,-2.000000,-2.000000,-2.000000,-2.000000,-2.000000,-2.000000,-2.000000,-2.000000
-2.000000,-2.000000,-2.000000,-2.000000,-2.000000,-2.000000,-2.000000,-2.000000,-2.000000,-2.000000,-2.000000,-2.000000,-2.000000,-2.000000,-2.000000,-2.000000,-2.000000,3.930737,-2.000000,-2.000000
-2.000000,-2.000000,-2.000000,-2.000000,-2.000000,-2.000000,-2.000000,-2.000000,-2.000000,-2.000000,-2.000000,-2.000000,-2.000000,-2.000000,-2.000000,2.392317,-2.000000,3.357552,-2.000000,-2.000000
2.392317,-2.000000,-2.000000,-2.000000,-2.000000,-2.000000,-2.000000,-2.000000,-2.000000,-2.000000,-2.000000,-2.000000,-2.000000,-2.000000,-2.000000,3.357552,-2.000000,-2.000000,-2.000000,-2.000000
-2.000000,3.930737,-2.000000,-2.000000,-2.000000,-2.000000,-2.000000,-2.000000,-2.000000,-2.000000,-2.000000,-2.000000,-2.000000,-2.000000,-2.000000,-2.000000,-2.000000,-2.000000,-2.000000,-2.000000
-2.000000,-2.000000,-2.000000,-2.000000,-2.000000,-2.000000,-2.000000,-2.000000,-2.000000,-2.000000,-2.000000,-2.000000,-2.000000,2.392317,-2.000000,3.357552,-2.000000,-2.000000,-2.000000,-2.000000
3.357552,-2.000000,-2.000000,-2.000000,-2.000000,-2.000000,-2.000000,-2.000000,-2.000000,-2.000000,-2.000000,-2.000000,-2.000000,-2.000000,-2.000000,-2.000000,-2.000000,2.392317,-2.000000,-2.000000
-2.000000,-2.000000,-2.000000,-2.000000,-2.000000,3.930737,-2.000000,-2.000000,-2.000000,-2.000000,-2.000000,-2.000000,-2.000000,-2.000000,-2.000000,-2.000000,-2.000000,-2.000000,-2.000000,-2.000000
-2.000000,-2.000000,-2.000000,-2.000000,-2.000000,-2.000000,-2.000000,-2.000000,-2.000000,3.357552,2.392317,-2.000000,-2.000000,-2.000000,-2.000000,-2.000000,-2.000000,-2.000000,-2.000000,-2.000000
-2.000000,-2.000000,-2.000000,-2.000000,-2.000000,3.930737,-2.000000,-2.000000,-2.000000,-2.000000,-2.000000,-2.000000,-2.000000,-2.000000,-2.000000,-2.000000,-2.000000,-2.000000,-2.000000,-2.000000
-2.000000,-2.000000,2.392317,-2.000000,-2.000000,-2.000000,-2.000000,-2.000000,-2.000000,-2.000000,-2.000000,-2.000000,-2.000000,-2.000000,-2.000000,3.357552,-2.000000,-2.000000,-2.000000,-2.000000
-2.000000,-2.000000,3.930737,-2.000000,-2.000000,-2.000000,-2.000000,-2.000000,-2.000000,-2.000000,-2.000000,-2.000000,-2.000000,-2.000000,-2.000000,-2.000000,-2.000000,-2.000000,-2.000000,-2.000000
2.392317,-2.000000,-2.000000,-2.000000,-2.000000,-2.000000,-2.000000,-2.000000,-2.000000,-2.000000,-2.000000,-2.000000,-2.000000,-2.000000,-2.000000,3.357552,-2.000000,-2.000000,-2.000000,-2.000000
-2.000000,-2.000000,-2.000000,-2.000000,-2.000000,3.930737,-2.000000,-2.000000,-2.000000,-2.000000,-2.000000,-2.000000,-2.000000,-2.000000,-2.000000,-2.000000,-2.000000,-2.000000,-2.000000,-2.000000
-2.000000,-2.000000,-2.000000,3.357552,-2.000000,-2.000000,-2.000000,-2.000000,-2.000000,-2.000000,-2.000000,-2.000000,-2.000000,-2.000000,-2.000000,-2.000000,-2.000000,2.392317,-2.000000,-2.000000
-2.000000,-2.000000,-2.000000,-2.000000,-2.000000,3.930737,-2.000000,-2.000000,-2.000000,-2.000000,-2.000000,-2.000000,-2.000000,-2.000000,-2.000000,-2.000000,-2.000000,-2.000000,-2.000000,-2.000000
3.357552,-2.000000,-2.000000,-2.000000,-2.000000,2.392317,-2.000000,-2.000000,-2.000000,-2.000000,-2.000000,-2.000000,-2.000000,-2.000000,-2.000000,-2.000000,-2.000000,-2.000000,-2.000000,-2.000000
3.357552,-2.000000,-2.000000,-2.000000,-2.000000,2.392317,-2.000000,-2.000000,-2.000000,-2.000000,-2.000000,-2.000000,-2.000000,-2.000000,-2.000000,-2.000000,-2.000000,-2.000000,-2.000000,-2.000000
-2.000000,-2.000000,-2.000000,-2.000000,-2.000000,-2.000000,-2.000000,-2.000000,-2.000000,-2.000000,-2.000000,-2.000000,-2.000000,3.357552,2.392317,-2.000000,-2.000000,-2.000000,-2.000000,-2.000000
3.357552,-2.000000,-2.000000,-2.000000,-2.000000,-2.000000,-2.000000,-2.000000,-2.000000,-2.000000,-2.000000,-2.000000,-2.000000,2.392317,-2.000000,-2.000000,-2.000000,-2.000000,-2.000000,-2.000000
-2.000000,-2.000000,-2.000000,-2.000000,-2.000000,-2.000000,-2.000000,3.930737,-2.000000,-2.000000,-2.000000,-2.000000,-2.000000,-2.000000,-2.000000,-2.000000,-2.000000,-2.000000,-2.000000,-2.000000
-2.000000,-2.000000,-2.000000,-2.000000,-2.000000,-2.000000,-2.000000,-2.000000,-2.000000,-2.000000,-2.000000,-2.000000,-2.000000,-2.000000,-2.000000,-2.000000,3.930737,-2.000000,-2.000000,-2.000000
-2.000000,-2.000000,-2.000000,-2.000000,3.930737,-2.000000,-2.000000,-2.000000,-2.000000,-2.000000,-2.000000,-2.000000,-2.000000,-2.000000,-2.000000,-2.000000,-2.000000,-2.000000,-2.000000,-2.000000
3.357552,-2.000000,-2.000000,-2.000000,-2.000000,-2.000000,-2.000000,-2.000000,-2.000000,-2.000000,-2.000000,-2.000000,-2.000000,-2.000000,-2.000000,2.392317,-2.000000,-2.000000,-2.000000,-2.000000
