-5.672425,-5.672425,-5.672425,-5.672425,-5.672425,-5.672425,-5.672425,-5.672425,-5.672425,-5.672425,-5.672425,-5.672425,-5.672425,-5.672425,4.294801,-5.672425,-5.672425,-5.672425,-5.672425,-5.672425
-5.672425,-5.672425,-5.672425,-5.672425,-5.672425,-5.672425,-5.672425,-5.672425,-5.672425,4.294801,-5.672425,-5.672425,-5.672425,-5.672425,-5.672425,-5.672425,-5.672425,-5.672425,-5.672425,-5.672425
-5.672425,-5.672425,-5.672425,-5.672425,-5.672425,-5.672425,-5.672425,-5.672425,-5.672425,-5.672425,-5.672425,-5.672425,-5.672425,-5.672425,-5.672425,4.294801,-5.672425,-5.672425,-5.672425,-5.672425
-5.672425,-5.672425,-5.672425,-5.672425,-5.672425,-5.672425,-5.672425,4.294801,-5.672425,-5.672425,-5.672425,-5.672425,-5.672425,-5.672425,-5.672425,-5.672425,-5.672425,-5.672425,-5.672425,-5.672425
-5.672425,-5.672425,-5.672425,-5.672425,-5.672425,-5.672425,-5.672425,-5.672425,-5.672425,-5.672425,-5.672425,-5.672425,-5.672425,-5.672425,-5.672425,-5.672425,4.294801,-5.672425,-5.672425,-5.672425
-5.672425,-5.672425,-5.672425,-5.672425,-5.672425,-5.672425,-5.672425,-5.672425,-5.672425,-5.672425,-5.672425,-5.672425,4.294801,-5.672425,-5.672425,-5.672425,-5.672425,-5.672425,-5.672425,-5.672425
-5.672425,-5.672425,-5.672425,-5.672425,-5.672425,-5.672425,-5.672425,-5.672425,-5.672425,4.265684,-1.280108,-5.672425,-5.672425,-5.672425,-5.672425,-5.672425,-5.672425,-5.672425,-5.672425,-5.672425
-5.672425,-5.672425,-5.672425,-5.672425,-5.672425,4.294801,-5.672425,-5.672425,-5.672425,-5.672425,-5.672425,-5.672425,-5.672425,-5.672425,-5.672425,-5.672425,-5.672425,-5.672425,-5.672425,-5.672425
-5.672425,-5.672425,-5.672425,-5.672425,-5.672425,-5.672425,-5.672425,-5.672425,-5.672425,-5.672425,-5.672425,-5.672425,4.294801,-5.672425,-5.672425,-5.672425,-5.672425,-5.672425,-5.672425,-5.672425
-5.672425,-5.672425,-5.672425,-5.672425,-5.672425,-5.672425,-5.672425,-5.672425,-5.672425,-5.672425,-5.672425,-5.672425,-5.672425,-5.672425,-5.672425,-5.672425,-5.672425,-5.672425,-5.672425,4.294801
-5.672425,-5.672425,-5.672425,-5.672425,-5.672425,-5.672425,-5.672425,4.294801,-5.672425,-5.672425,-5.672425,-5.672425,-5.672425,-5.672425,-5.672425,-5.672425,-5.672425,-5.672425,-5.672425,-5.672425
-5.672425,-5.672425,-5.672425,-5.672425,-5.672425,4.294801,-5.672425,-5.672425,-5.672425,-5.672425,-5.672425,-5.672425,-5.672425,-5.672425,-5.672425,-5.672425,-5.672425,-5.672425,-5.672425,-5.672425
4.294801,-5.672425,-5.672425,-5.672425,-5.672425,-5.672425,-5.672425,-5.672425,-5.672425,-5.672425,-5.672425,-5.672425,-5.672425,-5.672425,-5.672425,-5.672425,-5.672425,-5.672425,-5.672425,-5.672425
-5.672425,-5.672425,-5.672425,-5.672425,-5.672425,-5.672425,-5.672425,-5.672425,-5.672425,-5.672425,-5.672425,-5.672425,-5.672425,4.294801,-5.672425,-5.672425,-5.672425,-5.672425,-5.672425,-5.672425
-5.672425,-5.672425,-5.672425,-5.672425,-5.672425,-5.672425,-5.672425,4.294801,-5.672425,-5.672425,-5.672425,-5.672425,-5.672425,-5.672425,-5.672425,-5.672425,-5.672425,-5.672425,-5.672425,-5.672425
-5.672425,-5.672425,-5.672425,-5.672425,-5.672425,-5.672425,-5.672425,-5.672425,-5.672425,-5.672425,-5.672425,-5.672425,-5.672425,-5.672425,-5.672425,4.265684,-1.280108,-5.672425,-5.672425,-5.672425
-5.672425,-5.672425,-5.672425,-5.672425,-5.672425,4.294801,-5.672425,-5.672425,-5.672425,-5.672425,-5.672425,-5.672425,-5.672425,-5.672425,-5.672425,-5.672425,-5.672425,-5.672425,-5.672425,-5.672425
4.294801,-5.672425,-5.672425,-5.672425,-5.672425,-5.672425,-5.672425,-5.672425,-5.672425,-5.672425,-5.672425,-5.672425,-5.672425,-5.672425,-5.672425,-5.672425,-5.672425,-5.672425,-5.672425,-5.672425
-5.672425,-5.672425,4.265684,-5.672425,-5.672425,-5.672425,-5.672425,-5.672425,-5.672425,-5.672425,-5.672425,-1.280108,-5.672425,-5.672425,-5.672425,-5.672425,-5.672425,-5.672425,-5.672425,-5.672425
-5.672425,-5.672425,-5.672425,-5.672425,-5.672425,-5.672425,-5.672425,-5.672425,-5.672425,4.294801,-5.672425,-5.672425,-5.672425,-5.672425,-5.672425,-5.672425,-5.672425,-5.672425,-5.672425,-5.672425
-5.672425,-5.672425,-5.672425,-5.672425,-5.672425,-5.672425,-5.672425,-5.672425,-5.672425,-5.672425,-5.672425,-5.672425,-5.672425,-5.672425,-5.672425,-5.672425,4.294801,-5.672425,-5.672425,-5.672425
-5.672425,-5.672425,-5.672425,-5.672425,-5.672425,-5.672425,-5.672425,-5.672425,-5.672425,-5.672425,-5.672425,-5.672425,-5.672425,-5.672425,4.294801,-5.672425,-5.672425,-5.672425,-5.672425,-5.672425
-5.672425,-5.672425,-5.672425,-5.672425,-5.672425,-5.672425,-5.672425,-5.672425,-5.672425,-5.672425,-5.672425,-5.672425,4.294801,-5.672425,-5.672425,-5.672425,-5.672425,-5.672425,-5.672425,-5.672425
-5.672425,-5.672425,-5.672425,-5.672425,-5.672425,-5.672425,-5.672425,-5.672425,-5.672425,4.294801,-5.672425,-5.672425,-5.672425,-5.672425,-5.672425,-5.672425,-5.672425,-5.672425,-5.672425,-5.672425
-5.672425,-5.672425,-5.672425,-5.672425,-5.672425,-5.672425,-5.672425,-5.672425,-5.672425,-5.672425,-5.672425,-1.280108,-5.672425,-5.672425,-5.672425,4.265684,-5.672425,-5.672425,-5.672425,-5.672425
-5.672425,-5.672425,4.294801,-5.672425,-5.672425,-5.672425,-5.672425,-5.672425,-5.672425,-5.672425,-5.672425,-5.672425,-5.672425,-5.672425,-5.672425,-5.672425,-5.672425,-5.672425,-5.672425,-5.672425
-5.672425,-5.672425,-5.672425,-5.672425,-5.672425,-5.672425,-5.672425,-5.672425,-5.672425,-5.672425,-5.672425,4.294801,-5.672425,-5.672425,-5.672425,-5.672425,-5.672425,-5.672425,-5.672425,-5.672425
-5.672425,-5.672425,-5.672425,-5.672425,-5.672425,-5.672425,-5.672425,-5.672425,-1.280108,-5.672425,-5.672425,-5.672425,-5.672425,4.265684,-5.672425,-5.672425,-5.672425,-5.672425,-5.672425,-5.672425
-5.672425,-5.672425,-5.672425,-5.672425,4.294801,-5.672425,-5.672425,-5.672425,-5.672425,-5.672425,-5.672425,-5.672425,-5.672425,-5.672425,-5.672425,-5.672425,-5.672425,-5.672425,-5.672425,-5.672425
-5.672425,-5.672425,-5.672425,4.294801,-5.672425,-5.672425,-5.672425,-5.672425,-5.672425,-5.672425,-5.672425,-5.672425,-5.672425,-5.672425,-5.672425,-5.672425,-5.672425,-5.672425,-5.672425,-5.672425
-5.672425,-5.672425,-5.672425,-5.672425,-5.672425,-5.672425,-5.672425,-5.672425,-5.672425,-5.672425,-5.672425,-5.672425,-5.672425,4.294801,-5.672425,-5.672425,-5.672425,-5.672425,-5.672425,-5.672425
-5.672425,-5.672425,-5.672425,-5.672425,-5.672425,-5.672425,-5.672425,-5.672425,-5.672425,4.294801,-5.672425,-5.672425,-5.672425,-5.672425,-5.672425,-5.672425,-5.672425,-5.672425,-5.672425,-5.672425
-5.672425,-5.672425,-5.672425,-5.672425,-5.672425,-5.672425,-5.672425,-5.672425,-5.672425,-5.672425,-5.672425,-5.672425,-5.672425,-5.672425,-5.672425,-5.672425,-5.672425,-5.672425,-5.672425,4.294801
-5.672425,-5.672425,-5.672425,-5.672425,-5.672425,-5.672425,4.294801,-5.672425,-5.672425,-5.672425,-5.672425,-5.672425,-5.672425,-5.672425,-5.672425,-5.672425,-5.672425,-5.672425,-5.672425,-5.672425
4.265684,-5.672425,-5.672425,-5.672425,-5.672425,-5.672425,-5.672425,-5.672425,-5.672425,-5.672425,-5.672425,-5.672425,-1.280108,-5.672425,-5.672425,-5.672425,-5.672425,-5.672425,-5.672425,-5.672425
-5.672425,-5.672425,-5.672425,-5.672425,-5.672425,-5.672425,-5.672425,-5.672425,-5.672425,-5.672425,-5.672425,-5.672425,-5.672425,-5.672425,-5.672425,-5.672425,-5.672425,4.294801,-5.672425,-5.672425
-5.672425,-5.672425,-5.672425,-5.672425,-5.672425,-5.672425,-5.672425,-5.672425,-5.672425,4.294801,-5.672425,-5.672425,-5.672425,-5.672425,-5.672425,-5.672425,-5.672425,-5.672425,-5.672425,-5.672425
-5.672425,-5.672425,-5.672425,-5.672425,-5.672425,-5.672425,-5.672425,-5.672425,-5.672425,-5.672425,-5.672425,-5.672425,-5.672425,-5.672425,4.294801,-5.672425,-5.672425,-5.672425,-5.672425,-5.672425
-5.672425,-5.672425,-5.672425,-5.672425,-5.672425,-5.672425,4.294801,-5.672425,-5.672425,-5.672425,-5.672425,-5.672425,-5.672425,-5.672425,-5.672425,-5.672425,-5.672425,-5.672425,-5.672425,-5.672425
-5.672425,-5.672425,-5.672425,-5.672425,-5.672425,-5.672425,-5.672425,-5.672425,-5.672425,-5.672425,-5.672425,-5.672425,-5.672425,4.294801,-5.672425,-5.672425,-5.672425,-5.672425,-5.672425,-5.672425
-5.672425,-5.672425,-5.672425,-5.672425,-5.672425,-5.672425,-5.672425,-5.672425,-5.672425,-5.672425,-5.672425,-5.672425,-5.672425,-5.672425,-5.672425,-5.672425,-5.672425,4.294801,-5.672425,-5.672425
-5.672425,-5.672425,-5.672425,-5.672425,-5.672425,-5.672425,-5.672425,-5.672425,-5.672425,-5.672425,-5.672425,-5.672425,-5.672425,-5.672425,-5.672425,-5.672425,-5.672425,4.294801,-5.672425,-5.672425
-5.672425,-5.672425,-5.672425,-5.672425,4.294801,-5.672425,-5.672425,-5.672425,-5.672425,-5.672425,-5.672425,-5.672425,-5.672425,-5.672425,-5.672425,-5.672425,-5.672425,-5.672425,-5.672425,-5.672425
-5.672425,-5.672425,-5.672425,-5.672425,-5.672425,-5.672425,-5.672425,-5.672425,-5.672425,4.265684,-1.280108,-5.672425,-5.672425,-5.672425,-5.672425,-5.672425,-5.672425,-5.672425,-5.672425,-5.672425
-5.672425,-5.672425,-5.672425,-5.672425,-5.672425,-5.672425,-5.672425,-5.672425,-5.672425,-5.672425,-5.672425,-5.672425,-5.672425,-5.672425,4.294801,-5.672425,-5.672425,-5.672425,-5.672425,-5.672425
-5.672425,-5.672425,4.265684,-1.280108,-5.672425,-5.672425,-5.672425,-5.672425,-5.672425,-5.672425,-5.672425,-5.672425,-5.672425,-5.672425,-5.672425,-5.672425,-5.672425,-5.672425,-5.672425,-5.672425
-5.672425,-5.672425,-5.672425,-5.672425,-5.672425,-5.672425,-5.672425,-5.672425,-5.672425,-5.672425,-5.672425,-5.672425,-5.672425,4.294801,-5.672425,-5.672425,-5.672425,-5.672425,-5.672425,-5.672425
4.265684,-5.672425,-5.672425,-5.672425,-5.672425,-5.672425,-5.672425,-5.672425,-5.672425,-5.672425,-5.672425,-5.672425,-5.672425,-5.672425,-5.672425,-5.672425,-1.280108,-5.672425,-5.672425,-5.672425
-5.672425,-5.672425,-5.672425,-5.672425,-5.672425,-5.672425,-5.672425,4.294801,-5.672425,-5.672425,-5.672425,-5.672425,-5.672425,-5.672425,-5.672425,-5.672425,-5.672425,-5.672425,-5.672425,-5.672425
-5.672425,-5.672425,-5.672425,-5.672425,-5.672425,-5.672425,-5.672425,-5.672425,-5.672425,-5.672425,-5.672425,-5.672425,-5.672425,-5.672425,-5.672425,-5.672425,4.294801,-5.672425,-5.672425,-5.672425
-5.672425,-5.672425,-5.672425,-5.672425,-5.672425,-5.672425,-5.672425,-5.672425,-5.672425,-5.672425,-5.672425,-5.672425,4.294801,-5.672425,-5.672425,-5.672425,-5.672425,-5.672425,-5.672425,-5.672425
-5.672425,-5.672425,-5.672425,-5.672425,-5.672425,-5.672425,-5.672425,-5.672425,-5.672425,-5.672425,-5.672425,-5.672425,-5.672425,4.294801,-5.672425,-5.672425,-5.672425,-5.672425,-5.672425,-5.672425
-5.672425,-5.672425,-5.672425,-5.672425,-5.672425,-5.672425,-5.672425,-5.672425,-5.672425,-5.672425,-5.672425,-5.672425,-5.672425,4.294801,-5.672425,-5.672425,-5.672425,-5.672425,-5.672425,-5.672425
-5.672425,-5.672425,-5.672425,-5.672425,-5.672425,-5.672425,-5.672425,-5.672425,-5.672425,-5.672425,-5.672425,-5.672425,-5.672425,4.294801,-5.672425,-5.672425,-5.672425,-5.672425,-5.672425,-5.672425
-5.672425,-1.280108,-5.672425,-5.672425,-5.672425,-5.672425,-5.672425,-5.672425,-5.672425,-5.672425,-5.672425,-5.672425,-5.672425,-5.672425,4.265684,-5.672425,-5.672425,-5.672425,-5.672425,-5.672425
4.265684,-5.672425,-5.672425,-5.672425,-5.672425,-5.672425,-5.672425,-5.672425,-5.672425,-5.672425,-5.672425,-5.672425,-5.672425,-5.672425,-5.672425,-5.672425,-5.672425,-1.280108,-5.672425,-5.672425
-5.672425,-5.672425,-5.672425,-5.672425,-5.672425,-5.672425,-5.672425,-5.672425,-5.672425,4.294801,-5.672425,-5.672425,-5.672425,-5.672425,-5.672425,-5.672425,-5.672425,-5.672425,-5.672425,-5.672425
4.265684,-5.672425,-5.672425,-5.672425,-5.672425,-5.672425,-5.672425,-5.672425,-5.672425,-5.672425,-5.672425,-5.672425,-5.672425,-5.672425,-5.672425,-5.672425,-1.280108,-5.672425,-5.672425,-5.672425
-5.672425,-5.672425,-5.672425,-5.672425,-5.672425,-5.672425,-5.672425,-5.672425,-5.672425,-5.672425,-5.672425,-5.672425,-5.672425,4.294801,-5.672425,-5.672425,-5.672425,-5.672425,-5.672425,-5.672425
-5.672425,-5.672425,-5.672425,-5.672425,-5.672425,-5.672425,-5.672425,-5.672425,-5.672425,-5.672425,-5.672425,-5.672425,-5.672425,-5.672425,4.294801,-5.672425,-5.672425,-5.672425,-5.672425,-5.672425
-5.672425,-5.672425,-5.672425,-5.672425,4.294801,-5.672425,-5.672425,-5.672425,-5.672425,-5.672425,-5.672425,-5.672425,-5.672425,-5.672425,-5.672425,-5.672425,-5.672425,-5.672425,-5.672425,-5.672425
-5.672425,-5.672425,-5.672425,-5.672425,-5.672425,4.294801,-5.672425,-5.672425,-5.672425,-5.672425,-5.672425,-5.672425,-5.672425,-5.672425,-5.672425,-5.672425,-5.672425,-5.672425,-5.672425,-5.672425
-5.672425,-5.672425,-5.672425,4.294801,-5.672425,-5.672425,-5.672425,-5.672425,-5.672425,-5.672425,-5.672425,-5.672425,-5.672425,-5.672425,-5.672425,-5.672425,-5.672425,-5.672425,-5.672425,-5.672425
-5.672425,-5.672425,-5.672425,-5.672425,-5.672425,-5.672425,-5.672425,-5.672425,-5.672425,4.294801,-5.672425,-5.672425,-5.672425,-5.672425,-5.672425,-5.672425,-5.672425,-5.672425,-5.672425,-5.672425
-5.672425,-5.672425,-5.672425,-5.672425,-5.672425,-5.672425,4.294801,-5.672425,-5.672425,-5.672425,-5.672425,-5.672425,-5.672425,-5.672425,-5.672425,-5.672425,-5.672425,-5.672425,-5.672425,-5.672425
-5.672425,-5.672425,-5.672425,-5.672425,-5.672425,-5.672425,-5.672425,4.294801,-5.672425,-5.672425,-5.672425,-5.672425,-5.672425,-5.672425,-5.672425,-5.672425,-5.672425,-5.672425,-5.672425,-5.672425
-5.672425,-5.672425,-5.672425,-5.672425,-5.672425,-5.672425,4.294801,-5.672425,-5.672425,-5.672425,-5.672425,-5.672425,-5.672425,-5.672425,-5.672425,-5.672425,-5.672425,-5.672425,-5.672425,-5.672425
-5.672425,-5.672425,-5.672425,-5.672425,-5.672425,-5.672425,-5.672425,-5.672425,-5.672425,-5.672425,-5.672425,-5.672425,4.294801,-5.672425,-5.672425,-5.672425,-5.672425,-5.672425,-5.672425,-5.672425
-5.672425,-5.672425,-5.672425,-5.672425,-5.672425,-5.672425,-5.672425,-5.672425,-5.672425,-5.672425,-5.672425,-5.672425,-5.672425,-5.672425,-5.672425,-5.672425,-5.672425,4.294801,-5.672425,-5.672425
-5.672425,-5.672425,-5.672425,-5.672425,-5.672425,-5.672425,-5.672425,-5.672425,-5.672425,-5.672425,-5.672425,-5.672425,-5.672425,-5.672425,-5.672425,-5.672425,-5.672425,-5.672425,-5.672425,4.294801
-5.672425,-5.672425,-5.672425,-5.672425,-5.672425,-5.672425,-5.672425,-5.672425,-5.672425,-5.672425,-5.672425,-5.672425,4.294801,-5.672425,-5.672425,-5.672425,-5.672425,-5.672425,-5.672425,-5.672425
-5.672425,-5.672425,-5.672425,-5.672425,-5.672425,-5.672425,4.294801,-5.672425,-5.672425,-5.672425,-5.672425,-5.672425,-5.672425,-5.672425,-5.672425,-5.672425,-5.672425,-5.672425,-5.672425,-5.672425
4.265684,-5.672425,-5.672425,-5.672425,-5.672425,-5.672425,-5.672425,-5.672425,-5.672425,-5.672425,-5.672425,-5.672425,-5.672425,-5.672425,-5.672425,-5.672425,-1.280108,-5.672425,-5.672425,-5.672425
-5.672425,-5.672425,-5.672425,4.294801,-5.672425,-5.672425,-5.672425,-5.672425,-5.672425,-5.672425,-5.672425,-5.672425,-5.672425,-5.672425,-5.672425,-5.672425,-5.672425,-5.672425,-5.672425,-5.672425
-5.672425,-5.672425,-5.672425,-5.672425,-5.672425,4.294801,-5.672425,-5.672425,-5.672425,-5.672425,-5.672425,-5.672425,-5.672425,-5.672425,-5.672425,-5.672425,-5.672425,-5.672425,-5.672425,-5.672425
-5.672425,-5.672425,-5.672425,-5.672425,-5.672425,-5.672425,-5.672425,-1.280108,-5.672425,-5.672425,-5.672425,-5.672425,-5.672425,-5.672425,-5.672425,-5.672425,-5.672425,4.265684,-5.672425,-5.672425
-5.672425,-5.672425,4.265684,-5.672425,-5.672425,-5.672425,-5.672425,-5.672425,-5.672425,-5.672425,-5.672425,-1.280108,-5.672425,-5.672425,-5.672425,-5.672425,-5.672425,-5.672425,-5.672425,-5.672425
-5.672425,-5.672425,-5.672425,4.294801,-5.672425,-5.672425,-5.672425,-5.672425,-5.672425,-5.672425,-5.672425,-5.672425,-5.672425,-5.672425,-5.672425,-5.672425,-5.672425,-5.672425,-5.672425,-5.672425
-5.672425,-5.672425,-5.672425,-5.672425,-5.672425,-5.672425,-5.672425,4.265684,-5.672425,-5.672425,-5.672425,-5.672425,-5.672425,-5.672425,-5.672425,-1.280108,-5.672425,-5.672425,-5.672425,-5.672425
-5.672425,-5.672425,-5.672425,-5.672425,-5.672425,-5.672425,-5.672425,4.294801,-5.672425,-5.672425,-5.672425,-5.672425,-5.672425,-5.672425,-5.672425,-5.672425,-5.672425,-5.672425,-5.672425,-5.672425
-5.672425,-5.672425,-5.672425,-5.672425,-5.672425,-5.672425,-5.672425,-5.672425,-5.672425,-5.672425,-5.672425,-5.672425,-5.672425,-5.672425,-5.672425,-5.672425,-5.672425,4.294801,-5.672425,-5.672425
-5.672425,-5.672425,-5.672425,-5.672425,-5.672425,-5.672425,-5.672425,-5.672425,-5.672425,4.294801,-5.672425,-5.672425,-5.672425,-5.672425,-5.672425,-5.672425,-5.672425,-5.672425,-5.672425,-5.672425
-5.672425,-5.672425,4.265684,-5.672425,-5.672425,-5.672425,-5.672425,-5.672425,-5.672425,-5.672425,-5.672425,-1.280108,-5.672425,-5.672425,-5.672425,-5.672425,-5.672425,-5.672425,-5.672425,-5.672425
-5.672425,-5.672425,-5.672425,-5.672425,-5.672425,-5.672425,-5.672425,-5.672425,-5.672425,-5.672425,-5.672425,-5.672425,-5.672425,-5.672425,-5.672425,-5.672425,4.294801,-5.672425,-5.672425,-5.672425
-5.672425,-5.672425,-5.672425,-5.672425,-5.672425,-5.672425,4.294801,-5.672425,-5.672425,-5.672425,-5.672425,-5.672425,-5.672425,-5.672425,-5.672425,-5.672425,-5.672425,-5.672425,-5.672425,-5.672425
-5.672425,-5.672425,-5.672425,-5.672425,-5.672425,-5.672425,-5.672425,-5.672425,-5.672425,-5.672425,-5.672425,4.294801,-5.672425,-5.672425,-5.672425,-5.672425,-5.672425,-5.672425,-5.672425,-5.672425
-5.672425,-5.672425,4.294801,-5.672425,-5.672425,-5.672425,-5.672425,-5.672425,-5.672425,-5.672425,-5.672425,-5.672425,-5.672425,-5.672425,-5.672425,-5.672425,-5.672425,-5.672425,-5.672425,-5.672425
-5.672425,-5.672425,-5.672425,-5.672425,-5.672425,-5.672425,-5.672425,-5.672425,-5.672425,-5.672425,-5.672425,4.294801,-5.672425,-5.672425,-5.672425,-5.672425,-5.672425,-5.672425,-5.672425,-5.672425
-5.672425,-5.672425,-5.672425,-5.672425,-5.672425,-5.672425,-5.672425,-5.672425,-5.672425,-5.672425,-5.672425,-5.672425,4.265684,-5.672425,-5.672425,-1.280108,-5.672425,-5.672425,-5.672425,-5.672425
-5.672425,-5.672425,-5.672425,-5.672425,-5.672425,-5.672425,-5.672425,-5.672425,-5.672425,-5.672425,-5.672425,-5.672425,4.294801,-5.672425,-5.672425,-5.672425,-5.672425,-5.672425,-5.672425,-5.672425
-5.672425,-5.672425,4.294801,-5.672425,-5.672425,-5.672425,-5.672425,-5.672425,-5.672425,-5.672425,-5.672425,-5.672425,-5.672425,-5.672425,-5.672425,-5.672425,-5.672425,-5.672425,-5.672425,-5.672425
-5.672425,-5.672425,-5.672425,-5.672425,-5.672425,-5.672425,-5.672425,-5.672425,-5.672425,-5.672425,-5.672425,4.294801,-5.672425,-5.672425,-5.672425,-5.672425,-5.672425,-5.672425,-5.672425,-5.672425
-5.672425,-5.672425,4.294801,-5.672425,-5.672425,-5.672425,-5.672425,-5.672425,-5.672425,-5.672425,-5.672425,-5.672425,-5.672425,-5.672425,-5.672425,-5.672425,-5.672425,-5.672425,-5.672425,-5.672425
-5.672425,-5.672425,-5.672425,-5.672425,-5.672425,-5.672425,-5.672425,-5.672425,-5.672425,-5.672425,-5.672425,4.294801,-5.672425,-5.672425,-5.672425,-5.672425,-5.672425,-5.672425,-5.672425,-5.672425
-5.672425,-5.672425,-5.672425,-5.672425,-5.672425,-5.672425,-5.672425,-5.672425,-5.672425,-5.672425,-5.672425,-5.672425,-5.672425,-5.672425,-5.672425,-5.672425,-5.672425,-5.672425,4.294801,-5.672425
-5.672425,-5.672425,-5.672425,-5.672425,-5.672425,-5.672425,4.294801,-5.672425,-5.672425,-5.672425,-5.672425,-5.672425,-5.672425,-5.672425,-5.672425,-5.672425,-5.672425,-5.672425,-5.672425,-5.672425
-5.672425,-5.672425,-5.672425,-5.672425,-5.672425,-5.672425,-5.672425,-5.672425,-5.672425,-5.672425,-5.672425,-5.672425,-5.672425,-5.672425,-5.672425,-5.672425,4.294801,-5.672425,-5.672425,-5.672425
-5.672425,-5.672425,4.294801,-5.672425,-5.672425,-5.672425,-5.672425,-5.672425,-5.672425,-5.672425,-5.672425,-5.672425,-5.672425,-5.672425,-5.672425,-5.672425,-5.672425,-5.672425,-5.672425,-5.672425
-5.672425,-5.672425,-5.672425,-5.672425,-5.672425,-5.672425,-5.672425,-5.672425,-5.672425,-5.672425,-5.672425,-5.672425,-5.672425,-5.672425,-5.672425,-5.672425,-5.672425,4.294801,-5.672425,-5.672425
-5.672425,-5.672425,-5.672425,-5.672425,-5.672425,-5.672425,-5.672425,-5.672425,-5.672425,-5.672425,-5.672425,-5.672425,-5.672425,-5.672425,-5.672425,-5.672425,4.294801,-5.672425,-5.672425,-5.672425
-5.672425,-5.672425,-5.672425,-5.672425,4.294801,-5.672425,-5.672425,-5.672425,-5.672425,-5.672425,-5.672425,-5.672425,-5.672425,-5.672425,-5.672425,-5.672425,-5.672425,-5.672425,-5.672425,-5.672425
-5.672425,-5.672425,-5.672425,-5.672425,-5.672425,-5.672425,-5.672425,4.294801,-5.672425,-5.672425,-5.672425,-5.672425,-5.672425,-5.672425,-5.672425,-5.672425,-5.672425,-5.672425,-5.672425,-5.672425
-5.672425,-5.672425,-5.672425,4.294801,-5.672425,-5.672425,-5.672425,-5.672425,-5.672425,-5.672425,-5.672425,-5.672425,-5.672425,-5.672425,-5.672425,-5.672425,-5.672425,-5.672425,-5.672425,-5.672425
-5.672425,-5.672425,-5.672425,-5.672425,-5.672425,-5.672425,-5.672425,-5.672425,-5.672425,-5.672425,-1.280108,-5.672425,-5.672425,-5.672425,-5.672425,-5.672425,4.265684,-5.672425,-5.672425,-5.672425
-5.672425,-5.672425,-5.672425,-5.672425,-5.672425,-5.672425,-5.672425,-5.672425,-5.672425,-5.672425,-5.672425,-5.672425,4.265684,-5.672425,-5.672425,-1.280108,-5.672425,-5.672425,-5.672425,-5.672425
-5.672425,-5.672425,-5.672425,-5.672425,-5.672425,-5.672425,-5.672425,-5.672425,-5.672425,-5.672425,-5.672425,-5.672425,4.294801,-5.672425,-5.672425,-5.672425,-5.672425,-5.672425,-5.672425,-5.672425
4.294801,-5.672425,-5.672425,-5.672425,-5.672425,-5.672425,-5.672425,-5.672425,-5.672425,-5.672425,-5.672425,-5.672425,-5.672425,-5.672425,-5.672425,-5.672425,-5.672425,-5.672425,-5.672425,-5.672425
-5.672425,-5.672425,-5.672425,-5.672425,-5.672425,4.294801,-5.672425,-5.672425,-5.672425,-5.672425,-5.672425,-5.672425,-5.672425,-5.672425,-5.672425,-5.672425,-5.672425,-5.672425,-5.672425,-5.672425
4.265684,-5.672425,-5.672425,-5.672425,-5.672425,-5.672425,-5.672425,-5.672425,-5.672425,-5.672425,-5.672425,-5.672425,-5.672425,-5.672425,-5.672425,-5.672425,-5.672425,-1.280108,-5.672425,-5.672425
-5.672425,-5.672425,-5.672425,-5.672425,-5.672425,-5.672425,-5.672425,4.294801,-5.672425,-5.672425,-5.672425,-5.672425,-5.672425,-5.672425,-5.672425,-5.672425,-5.672425,-5.672425,-5.672425,-5.672425
-5.672425,-5.672425,-5.672425,-5.672425,-5.672425,-5.672425,-5.672425,-5.672425,-5.672425,4.294801,-5.672425,-5.672425,-5.672425,-5.672425,-5.672425,-5.672425,-5.672425,-5.672425,-5.672425,-5.672425
4.294801,-5.672425,-5.672425,-5.672425,-5.672425,-5.672425,-5.672425,-5.672425,-5.672425,-5.672425,-5.672425,-5.672425,-5.672425,-5.672425,-5.672425,-5.672425,-5.672425,-5.672425,-5.672425,-5.672425
4.265684,-5.672425,-5.672425,-5.672425,-5.672425,-5.672425,-5.672425,-5.672425,-5.672425,-5.672425,-5.672425,-5.672425,-5.672425,-5.672425,-5.672425,-5.672425,-5.672425,-1.280108,-5.672425,-5.672425
-5.672425,-5.672425,-5.672425,-5.672425,-5.672425,-5.672425,-5.672425,-5.672425,4.294801,-5.672425,-5.672425,-5.672425,-5.672425,-5.672425,-5.672425,-5.672425,-5.672425,-5.672425,-5.672425,-5.672425
-5.672425,-5.672425,-5.672425,4.294801,-5.672425,-5.672425,-5.672425,-5.672425,-5.672425,-5.672425,-5.672425,-5.672425,-5.672425,-5.672425,-5.672425,-5.672425,-5.672425,-5.672425,-5.672425,-5.672425
-5.672425,-5.672425,-5.672425,-5.672425,-5.672425,-5.672425,-5.672425,-5.672425,-5.672425,4.294801,-5.672425,-5.672425,-5.672425,-5.672425,-5.672425,-5.672425,-5.672425,-5.672425,-5.672425,-5.672425
-5.672425,-5.672425,-5.672425,-5.672425,-5.672425,-5.672425,-5.672425,-5.672425,-5.672425,-5.672425,-5.672425,-5.672425,4.294801,-5.672425,-5.672425,-5.672425,-5.672425,-5.672425,-5.672425,-5.672425
-5.672425,-5.672425,-5.672425,-5.672425,-5.672425,-5.672425,-5.672425,-5.672425,-5.672425,-5.672425,-5.672425,-5.672425,-5.672425,-5.672425,-5.672425,4.294801,-5.672425,-5.672425,-5.672425,-5.672425
-5.672425,-5.672425,-5.672425,-5.672425,-5.672425,-5.672425,-5.672425,-5.672425,-5.672425,-5.672425,-5.672425,-5.672425,-5.672425,-5.672425,-5.672425,-5.672425,4.294801,-5.672425,-5.672425,-5.672425
-5.672425,-5.672425,-5.672425,-5.672425,-5.672425,4.294801,-5.672425,-5.672425,-5.672425,-5.672425,-5.672425,-5.672425,-5.672425,-5.672425,-5.672425,-5.672425,-5.672425,-5.672425,-5.672425,-5.672425
-5.672425,-5.672425,-5.672425,-5.672425,-5.672425,4.294801,-5.672425,-5.672425,-5.672425,-5.672425,-5.672425,-5.672425,-5.672425,-5.672425,-5.672425,-5.672425,-5.672425,-5.672425,-5.672425,-5.672425
-5.672425,-5.672425,4.294801,-5.672425,-5.672425,-5.672425,-5.672425,-5.672425,-5.672425,-5.672425,-5.672425,-5.672425,-5.672425,-5.672425,-5.672425,-5.672425,-5.672425,-5.672425,-5.672425,-5.672425
-5.672425,-5.672425,-5.672425,-5.672425,-5.672425,-5.672425,-5.672425,-5.672425,-5.672425,-5.672425,-5.672425,-5.672425,-5.672425,-5.672425,-5.672425,-5.672425,4.294801,-5.672425,-5.672425,-5.672425
-5.672425,-5.672425,-5.672425,-5.672425,-5.672425,-5.672425,-5.672425,-5.672425,-5.672425,4.294801,-5.672425,-5.672425,-5.672425,-5.672425,-5.672425,-5.672425,-5.672425,-5.672425,-5.672425,-5.672425
-5.672425,-5.672425,-5.672425,-5.672425,-5.672425,-5.672425,-5.672425,-5.672425,-5.672425,-5.672425,-5.672425,-5.672425,-5.672425,-5.672425,-5.672425,-5.672425,-5.672425,-5.672425,4.294801,-5.672425
-5.672425,-5.672425,-5.672425,-5.672425,-5.672425,-5.672425,-5.672425,-5.672425,-5.672425,-5.672425,-5.672425,-5.672425,-5.672425,-5.672425,-5.672425,-1.280108,4.265684,-5.672425,-5.672425,-5.672425
-5.672425,-5.672425,-5.672425,-5.672425,-5.672425,-5.672425,-5.672425,-5.672425,-5.672425,-5.672425,-5.672425,-5.672425,-5.672425,-5.672425,-5.672425,4.294801,-5.672425,-5.672425,-5.672425,-5.672425
-5.672425,-5.672425,-5.672425,-5.672425,-5.672425,4.265684,-5.672425,-5.672425,-5.672425,-5.672425,-5.672425,-5.672425,-5.672425,-5.672425,-5.672425,-1.280108,-5.672425,-5.672425,-5.672425,-5.672425
-5.672425,-5.672425,-5.672425,-5.672425,-5.672425,-5.672425,-5.672425,4.294801,-5.672425,-5.672425,-5.672425,-5.672425,-5.672425,-5.672425,-5.672425,-5.672425,-5.672425,-5.672425,-5.672425,-5.672425
4.294801,-5.672425,-5.672425,-5.672425,-5.672425,-5.672425,-5.672425,-5.672425,-5.672425,-5.672425,-5.672425,-5.672425,-5.672425,-5.672425,-5.672425,-5.672425,-5.672425,-5.672425,-5.672425,-5.672425
4.294801,-5.672425,-5.672425,-5.672425,-5.672425,-5.672425,-5.672425,-5.672425,-5.672425,-5.672425,-5.672425,-5.672425,-5.672425,-5.672425,-5.672425,-5.672425,-5.672425,-5.672425,-5.672425,-5.672425
-5.672425,-5.672425,-5.672425,-5.672425,-5.672425,-5.672425,-5.672425,-5.672425,-5.672425,-5.672425,-5.672425,-5.672425,-5.672425,-5.672425,-5.672425,-5.672425,-5.672425,-5.672425,-5.672425,4.294801
-5.672425,-5.672425,-5.672425,4.294801,-5.672425,-5.672425,-5.672425,-5.672425,-5.672425,-5.672425,-5.672425,-5.672425,-5.672425,-5.672425,-5.672425,-5.672425,-5.672425,-5.672425,-5.672425,-5.672425
4.294801,-5.672425,-5.672425,-5.672425,-5.672425,-5.672425,-5.672425,-5.672425,-5.672425,-5.672425,-5.672425,-5.672425,-5.672425,-5.672425,-5.672425,-5.672425,-5.672425,-5.672425,-5.672425,-5.672425
-5.672425,-5.672425,-5.672425,-5.672425,-5.672425,-5.672425,-5.672425,-5.672425,-5.672425,4.294801,-5.672425,-5.672425,-5.672425,-5.672425,-5.672425,-5.672425,-5.672425,-5.672425,-5.672425,-5.672425
-5.672425,-5.672425,-5.672425,-5.672425,-5.672425,-5.672425,-5.672425,-5.672425,-5.672425,-5.672425,-5.672425,-5.672425,-5.672425,-5.672425,-5.672425,4.294801,-5.672425,-5.672425,-5.672425,-5.672425
-5.672425,-5.672425,-5.672425,-5.672425,-5.672425,-5.672425,-5.672425,-5.672425,-5.672425,-5.672425,-5.672425,-5.672425,-5.672425,-5.672425,-5.672425,-5.672425,-5.672425,4.294801,-5.672425,-5.672425
-5.672425,-5.672425,-5.672425,-5.672425,-5.672425,-5.672425,-5.672425,-5.672425,-5.672425,-5.672425,-5.672425,-5.672425,4.294801,-5.672425,-5.672425,-5.672425,-5.672425,-5.672425,-5.672425,-5.672425
-5.672425,-5.672425,-5.672425,-5.672425,4.294801,-5.672425,-5.672425,-5.672425,-5.672425,-5.672425,-5.672425,-5.672425,-5.672425,-5.672425,-5.672425,-5.672425,-5.672425,-5.672425,-5.672425,-5.672425
-5.672425,-5.672425,-5.672425,-5.672425,-5.672425,-5.672425,-5.672425,-5.672425,-5.672425,-5.672425,-5.672425,-5.672425,-5.672425,-5.672425,4.294801,-5.672425,-5.672425,-5.672425,-5.672425,-5.672425
-5.672425,-5.672425,-5.672425,-5.672425,-5.672425,-5.672425,-5.672425,-5.672425,-5.672425,-5.672425,-5.672425,-5.672425,-5.672425,4.294801,-5.672425,-5.672425,-5.672425,-5.672425,-5.672425,-5.672425
-5.672425,-5.672425,-5.672425,-5.672425,-5.672425,-5.672425,-5.672425,-5.672425,-5.672425,4.265684,-1.280108,-5.672425,-5.672425,-5.672425,-5.672425,-5.672425,-5.672425,-5.672425,-5.672425,-5.672425
-5.672425,-5.672425,-5.672425,-5.672425,-5.672425,-5.672425,-5.672425,-5.672425,-5.672425,4.294801,-5.672425,-5.672425,-5.672425,-5.672425,-5.672425,-5.672425,-5.672425,-5.672425,-5.672425,-5.672425
-5.672425,-5.672425,-5.672425,-5.672425,-5.672425,-5.672425,-5.672425,-5.672425,-5.672425,-5.672425,-5.672425,-5.672425,-5.672425,-5.672425,-5.672425,4.294801,-5.672425,-5.672425,-5.672425,-5.672425
-5.672425,-5.672425,-5.672425,-5.672425,-5.672425,4.294801,-5.672425,-5.672425,-5.672425,-5.672425,-5.672425,-5.672425,-5.672425,-5.672425,-5.672425,-5.672425,-5.672425,-5.672425,-5.672425,-5.672425
-5.672425,-5.672425,-5.672425,-5.672425,-5.672425,-5.672425,-5.672425,-5.672425,-5.672425,4.294801,-5.672425,-5.672425,-5.672425,-5.672425,-5.672425,-5.672425,-5.672425,-5.672425,-5.672425,-5.672425
-5.672425,-5.672425,-5.672425,-5.672425,-5.672425,-5.672425,-5.672425,-5.672425,-5.672425,-5.672425,-5.672425,-5.672425,-5.672425,-5.672425,4.294801,-5.672425,-5.672425,-5.672425,-5.672425,-5.672425
4.294801,-5.672425,-5.672425,-5.672425,-5.672425,-5.672425,-5.672425,-5.672425,-5.672425,-5.672425,-5.672425,-5.672425,-5.672425,-5.672425,-5.672425,-5.672425,-5.672425,-5.672425,-5.672425,-5.672425
-5.672425,-5.672425,-5.672425,4.294801,-5.672425,-5.672425,-5.672425,-5.672425,-5.672425,-5.672425,-5.672425,-5.672425,-5.672425,-5.672425,-5.672425,-5.672425,-5.672425,-5.672425,-5.672425,-5.672425
-5.672425,-5.672425,-5.672425,-5.672425,-5.672425,-5.672425,4.294801,-5.672425,-5.672425,-5.672425,-5.672425,-5.672425,-5.672425,-5.672425,-5.672425,-5.672425,-5.672425,-5.672425,-5.672425,-5.672425
-5.672425,-5.672425,4.294801,-5.672425,-5.672425,-5.672425,-5.672425,-5.672425,-5.672425,-5.672425,-5.672425,-5.672425,-5.672425,-5.672425,-5.672425,-5.672425,-5.672425,-5.672425,-5.672425,-5.672425
-5.672425,-5.672425,-5.672425,-5.672425,4.294801,-5.672425,-5.672425,-5.672425,-5.672425,-5.672425,-5.672425,-5.672425,-5.672425,-5.672425,-5.672425,-5.672425,-5.672425,-5.672425,-5.672425,-5.672425
-5.672425,-5.672425,-5.672425,-5.672425,-5.672425,-5.672425,-5.672425,-5.672425,-5.672425,-5.672425,-5.672425,-5.672425,-5.672425,-5.672425,4.294801,-5.672425,-5.672425,-5.672425,-5.672425,-5.672425
-5.672425,-5.672425,-5.672425,-5.672425,-5.672425,-5.672425,-5.672425,-5.672425,4.294801,-5.672425,-5.672425,-5.672425,-5.672425,-5.672425,-5.672425,-5.672425,-5.672425,-5.672425,-5.672425,-5.672425
-5.672425,-5.672425,-5.672425,-5.672425,-5.672425,-5.672425,-5.672425,-5.672425,-5.672425,-5.672425,-5.672425,-5.672425,-5.672425,-5.672425,-5.672425,4.294801,-5.672425,-5.672425,-5.672425,-5.672425
-5.672425,-5.672425,-5.672425,-5.672425,4.294801,-5.672425,-5.672425,-5.672425,-5.672425,-5.672425,-5.672425,-5.672425,-5.672425,-5.672425,-5.672425,-5.672425,-5.672425,-5.672425,-5.672425,-5.672425
-5.672425,-5.672425,-5.672425,-5.672425,-5.672425,-5.672425,-5.672425,-5.672425,-5.672425,-5.672425,-5.672425,-5.672425,4.294801,-5.672425,-5.672425,-5.672425,-5.672425,-5.672425,-5.672425,-5.672425
-5.672425,-5.672425,-5.672425,4.265684,-5.672425,-5.672425,-5.672425,-5.672425,-5.672425,-5.672425,-5.672425,-5.672425,-5.672425,-1.280108,-5.672425,-5.672425,-5.672425,-5.672425,-5.672425,-5.672425
-5.672425,-5.672425,-5.672425,-5.672425,-5.672425,-5.672425,-5.672425,-5.672425,-5.672425,-5.672425,-5.672425,-5.672425,-5.672425,-5.672425,-5.672425,-5.672425,-5.672425,-5.672425,-5.672425,4.294801
-5.672425,-5.672425,-5.672425,-5.672425,-5.672425,-5.672425,-5.672425,-5.672425,4.294801,-5.672425,-5.672425,-5.672425,-5.672425,-5.672425,-5.672425,-5.672425,-5.672425,-5.672425,-5.672425,-5.672425
-5.672425,-5.672425,-5.672425,-5.672425,-5.672425,-5.672425,-5.672425,-5.672425,-5.672425,-5.672425,-5.672425,-5.672425,-5.672425,-5.672425,-5.672425,-5.672425,-5.672425,-5.672425,-5.672425,4.294801
-5.672425,-5.672425,-5.672425,-5.672425,-5.672425,-5.672425,-5.672425,-5.672425,-5.672425,-5.672425,-5.672425,-5.672425,-5.672425,-5.672425,4.294801,-5.672425,-5.672425,-5.672425,-5.672425,-5.672425
-5.672425,-5.672425,-5.672425,-5.672425,-5.672425,-5.672425,-5.672425,-5.672425,4.294801,-5.672425,-5.672425,-5.672425,-5.672425,-5.672425,-5.672425,-5.672425,-5.672425,-5.672425,-5.672425,-5.672425
-5.672425,-5.672425,-5.672425,-5.672425,-5.672425,-5.672425,-5.672425,-5.672425,-5.672425,-5.672425,-5.672425,-5.672425,-5.672425,-5.672425,-5.672425,-0.314873,4.235967,-5.672425,-5.672425,-5.672425
-5.672425,-5.672425,-5.672425,4.294801,-5.672425,-5.672425,-5.672425,-5.672425,-5.672425,-5.672425,-5.672425,-5.672425,-5.672425,-5.672425,-5.672425,-5.672425,-5.672425,-5.672425,-5.672425,-5.672425
-5.672425,-5.672425,-5.672425,4.265684,-5.672425,-5.672425,-5.672425,-5.672425,-1.280108,-5.672425,-5.672425,-5.672425,-5.672425,-5.672425,-5.672425,-5.672425,-5.672425,-5.672425,-5.672425,-5.672425
-5.672425,-5.672425,-5.672425,4.294801,-5.672425,-5.672425,-5.672425,-5.672425,-5.672425,-5.672425,-5.672425,-5.672425,-5.672425,-5.672425,-5.672425,-5.672425,-5.672425,-5.672425,-5.672425,-5.672425
-5.672425,-5.672425,-5.672425,-5.672425,-5.672425,-5.672425,4.294801,-5.672425,-5.672425,-5.672425,-5.672425,-5.672425,-5.672425,-5.672425,-5.672425,-5.672425,-5.672425,-5.672425,-5.672425,-5.672425
-5.672425,-5.672425,-5.672425,-5.672425,-5.672425,-5.672425,-5.672425,-5.672425,-5.672425,-5.672425,-5.672425,-5.672425,-5.672425,4.294801,-5.672425,-5.672425,-5.672425,-5.672425,-5.672425,-5.672425
-5.672425,-5.672425,-5.672425,-5.672425,-5.672425,-1.280108,-5.672425,-5.672425,-5.672425,-5.672425,-5.672425,-5.672425,-5.672425,-5.672425,4.265684,-5.672425,-5.672425,-5.672425,-5.672425,-5.672425
-5.672425,-5.672425,-5.672425,-5.672425,-5.672425,-5.672425,-5.672425,-5.672425,-5.672425,-5.672425,-5.672425,-5.672425,-5.672425,-5.672425,-5.672425,-5.672425,-5.672425,-5.672425,4.294801,-5.672425
-5.672425,-5.672425,-5.672425,-5.672425,-5.672425,-5.672425,-5.672425,-5.672425,-5.672425,-5.672425,-5.672425,-5.672425,-5.672425,-5.672425,4.294801,-5.672425,-5.672425,-5.672425,-5.672425,-5.672425
-5.672425,-5.672425,-5.672425,4.294801,-5.672425,-5.672425,-5.672425,-5.672425,-5.672425,-5.672425,-5.672425,-5.672425,-5.672425,-5.672425,-5.672425,-5.672425,-5.672425,-5.672425,-5.672425,-5.672425
4.235967,-5.672425,-5.672425,-5.672425,-5.672425,-5.672425,-5.672425,-5.672425,-5.672425,-5.672425,-5.672425,-5.672425,-5.672425,-5.672425,-5.672425,-5.672425,-5.672425,-0.314873,-5.672425,-5.672425
-1.280108,-5.672425,-5.672425,-5.672425,-5.672425,-5.672425,-5.672425,-5.672425,-5.672425,-5.672425,-5.672425,-5.672425,-5.672425,-5.672425,-5.672425,-5.672425,-5.672425,4.265684,-5.672425,-5.672425
4.265684,-5.672425,-5.672425,-5.672425,-5.672425,-5.672425,-5.672425,-5.672425,-5.672425,-5.672425,-5.672425,-5.672425,-5.672425,-5.672425,-5.672425,-5.672425,-1.280108,-5.672425,-5.672425,-5.672425
-5.672425,-5.672425,-5.672425,-5.672425,-5.672425,-5.672425,-5.672425,-5.672425,4.294801,-5.672425,-5.672425,-5.672425,-5.672425,-5.672425,-5.672425,-5.672425,-5.672425,-5.672425,-5.672425,-5.672425
-5.672425,-5.672425,-5.672425,-5.672425,-5.672425,-5.672425,-5.672425,-5.672425,-1.280108,-5.672425,-5.672425,4.235967,-5.672425,-5.672425,-5.672425,-5.672425,-1.280108,-5.672425,-5.672425,-5.672425
-5.672425,-5.672425,-5.672425,-5.672425,-5.672425,-5.672425,-5.672425,-5.672425,-5.672425,-5.672425,-5.672425,-5.672425,4.294801,-5.672425,-5.672425,-5.672425,-5.672425,-5.672425,-5.672425,-5.672425
-5.672425,-5.672425,-5.672425,-5.672425,-5.672425,-5.672425,-5.672425,-5.672425,-5.672425,-5.672425,-5.672425,-5.672425,4.294801,-5.672425,-5.672425,-5.672425,-5.672425,-5.672425,-5.672425,-5.672425
-5.672425,-5.672425,-5.672425,-5.672425,-5.672425,-5.672425,-5.672425,-5.672425,-5.672425,4.294801,-5.672425,-5.672425,-5.672425,-5.672425,-5.672425,-5.672425,-5.672425,-5.672425,-5.672425,-5.672425
-5.672425,-5.672425,-5.672425,-5.672425,-5.672425,-5.672425,-5.672425,-5.672425,-5.672425,4.294801,-5.672425,-5.672425,-5.672425,-5.672425,-5.672425,-5.672425,-5.672425,-5.672425,-5.672425,-5.672425
-5.672425,-5.672425,-5.672425,-5.672425,-5.672425,-5.672425,4.294801,-5.672425,-5.672425,-5.672425,-5.672425,-5.672425,-5.672425,-5.672425,-5.672425,-5.672425,-5.672425,-5.672425,-5.672425,-5.672425
-5.672425,-5.672425,-5.672425,-5.672425,-5.672425,-5.672425,-5.672425,-5.672425,-5.672425,-5.672425,-5.672425,-5.672425,4.294801,-5.672425,-5.672425,-5.672425,-5.672425,-5.672425,-5.672425,-5.672425
-5.672425,-5.672425,-5.672425,-5.672425,-5.672425,-5.672425,-5.672425,-5.672425,-5.672425,-5.672425,-0.314873,-5.672425,-5.672425,-5.672425,-5.672425,-5.672425,-5.672425,4.235967,-5.672425,-5.672425
-5.672425,-5.672425,-5.672425,-5.672425,-5.672425,-5.672425,-5.672425,-5.672425,-5.672425,-5.672425,-1.280108,-5.672425,-5.672425,-5.672425,-5.672425,-5.672425,-5.672425,4.265684,-5.672425,-5.672425
-5.672425,-5.672425,-5.672425,-5.672425,-5.672425,-5.672425,-5.672425,-5.672425,-5.672425,-5.672425,-5.672425,-5.672425,-5.672425,-5.672425,4.294801,-5.672425,-5.672425,-5.672425,-5.672425,-5.672425
-5.672425,-5.672425,-5.672425,-5.672425,-5.672425,-5.672425,-5.672425,-5.672425,-5.672425,-5.672425,-5.672425,-5.672425,-5.672425,-5.672425,-5.672425,-5.672425,4.294801,-5.672425,-5.672425,-5.672425
-5.672425,-5.672425,-5.672425,-5.672425,-5.672425,-5.672425,4.294801,-5.672425,-5.672425,-5.672425,-5.672425,-5.672425,-5.672425,-5.672425,-5.672425,-5.672425,-5.672425,-5.672425,-5.672425,-5.672425
-5.672425,-5.672425,-5.672425,-5.672425,-5.672425,-5.672425,-5.672425,-5.672425,-5.672425,-5.672425,-5.672425,-5.672425,4.294801,-5.672425,-5.672425,-5.672425,-5.672425,-5.672425,-5.672425,-5.672425
-5.672425,-5.672425,-5.672425,-5.672425,-5.672425,-5.672425,-5.672425,-5.672425,-5.672425,-5.672425,-5.672425,-5.672425,-5.672425,-5.672425,-5.672425,-5.672425,-5.672425,4.294801,-5.672425,-5.672425
-5.672425,-5.672425,-5.672425,-5.672425,-5.672425,-5.672425,-5.672425,-5.672425,-5.672425,-5.672425,-5.672425,-5.672425,-5.672425,-5.672425,-5.672425,4.294801,-5.672425,-5.672425,-5.672425,-5.672425
-5.672425,-5.672425,-5.672425,-5.672425,-5.672425,4.294801,-5.672425,-5.672425,-5.672425,-5.672425,-5.672425,-5.672425,-5.672425,-5.672425,-5.672425,-5.672425,-5.672425,-5.672425,-5.672425,-5.672425
-5.672425,-5.672425,-5.672425,-5.672425,-5.672425,-5.672425,-5.672425,-5.672425,4.294801,-5.672425,-5.672425,-5.672425,-5.672425,-5.672425,-5.672425,-5.672425,-5.672425,-5.672425,-5.672425,-5.672425
-5.672425,-5.672425,-5.672425,-5.672425,-5.672425,-5.672425,-5.672425,-5.672425,-5.672425,-5.672425,-5.672425,-5.672425,-5.672425,4.294801,-5.672425,-5.672425,-5.672425,-5.672425,-5.672425,-5.672425
4.265684,-5.672425,-5.672425,-5.672425,-5.672425,-5.672425,-5.672425,-5.672425,-5.672425,-5.672425,-5.672425,-5.672425,-5.672425,-5.672425,-5.672425,-5.672425,-5.672425,-1.280108,-5.672425,-5.672425
-5.672425,-5.672425,-5.672425,-5.672425,-5.672425,-5.672425,-5.672425,-5.672425,-5.672425,4.294801,-5.672425,-5.672425,-5.672425,-5.672425,-5.672425,-5.672425,-5.672425,-5.672425,-5.672425,-5.672425
-5.672425,-5.672425,-5.672425,-5.672425,4.294801,-5.672425,-5.672425,-5.672425,-5.672425,-5.672425,-5.672425,-5.672425,-5.672425,-5.672425,-5.672425,-5.672425,-5.672425,-5.672425,-5.672425,-5.672425
-5.672425,-5.672425,-5.672425,-5.672425,-5.672425,-5.672425,-5.672425,-5.672425,-5.672425,-5.672425,-5.672425,-5.672425,-5.672425,-5.672425,-5.672425,-5.672425,-5.672425,4.294801,-5.672425,-5.672425
-5.672425,-5.672425,-5.672425,-5.672425,-5.672425,-5.672425,-5.672425,-5.672425,-5.672425,-5.672425,-5.672425,4.294801,-5.672425,-5.672425,-5.672425,-5.672425,-5.672425,-5.672425,-5.672425,-5.672425
-5.672425,-5.672425,-5.672425,4.294801,-5.672425,-5.672425,-5.672425,-5.672425,-5.672425,-5.672425,-5.672425,-5.672425,-5.672425,-5.672425,-5.672425,-5.672425,-5.672425,-5.672425,-5.672425,-5.672425
-5.672425,-5.672425,-5.672425,-5.672425,-5.672425,4.294801,-5.672425,-5.672425,-5.672425,-5.672425,-5.672425,-5.672425,-5.672425,-5.672425,-5.672425,-5.672425,-5.672425,-5.672425,-5.672425,-5.672425
-5.672425,-5.672425,-5.672425,-5.672425,4.294801,-5.672425,-5.672425,-5.672425,-5.672425,-5.672425,-5.672425,-5.672425,-5.672425,-5.672425,-5.672425,-5.672425,-5.672425,-5.672425,-5.672425,-5.672425
-5.672425,-5.672425,-5.672425,-5.672425,-5.672425,-5.672425,-5.672425,-5.672425,-5.672425,-5.672425,-5.672425,-5.672425,-5.672425,-5.672425,-5.672425,-5.672425,4.294801,-5.672425,-5.672425,-5.672425
-5.672425,-5.672425,-5.672425,-5.672425,-5.672425,-5.672425,-5.672425,-5.672425,-5.672425,-5.672425,-5.672425,-5.672425,-5.672425,-5.672425,-5.672425,-5.672425,4.294801,-5.672425,-5.672425,-5.672425
-5.672425,-5.672425,-5.672425,-5.672425,-5.672425,-5.672425,-5.672425,-5.672425,-5.672425,-5.672425,-5.672425,-5.672425,-5.672425,-5.672425,4.294801,-5.672425,-5.672425,-5.672425,-5.672425,-5.672425
-5.672425,-5.672425,-5.672425,-5.672425,-5.672425,-5.672425,-5.672425,4.294801,-5.672425,-5.672425,-5.672425,-5.672425,-5.672425,-5.672425,-5.672425,-5.672425,-5.672425,-5.672425,-5.672425,-5.672425
-5.672425,-5.672425,-5.672425,-5.672425,-5.672425,-5.672425,-5.672425,-5.672425,-5.672425,-5.672425,-5.672425,-5.672425,-5.672425,-5.672425,-5.672425,-5.672425,-5.672425,4.294801,-5.672425,-5.672425
-5.672425,-5.672425,4.294801,-5.672425,-5.672425,-5.672425,-5.672425,-5.672425,-5.672425,-5.672425,-5.672425,-5.672425,-5.672425,-5.672425,-5.672425,-5.672425,-5.672425,-5.672425,-5.672425,-5.672425
-5.672425,-5.672425,-5.672425,-5.672425,-5.672425,-5.672425,-5.672425,-5.672425,-5.672425,-5.672425,-5.672425,-5.672425,-5.672425,-5.672425,-5.672425,-5.672425,-5.672425,4.294801,-5.672425,-5.672425
-5.672425,-5.672425,-5.672425,-5.672425,-5.672425,-5.672425,-5.672425,-5.672425,-5.672425,-5.672425,-5.672425,-5.672425,-5.672425,-5.672425,-5.672425,4.294801,-5.672425,-5.672425,-5.672425,-5.672425
-5.672425,-5.672425,-5.672425,4.294801,-5.672425,-5.672425,-5.672425,-5.672425,-5.672425,-5.672425,-5.672425,-5.672425,-5.672425,-5.672425,-5.672425,-5.672425,-5.672425,-5.672425,-5.672425,-5.672425
-5.672425,-5.672425,-5.672425,-5.672425,-5.672425,-5.672425,-5.672425,-5.672425,4.294801,-5.672425,-5.672425,-5.672425,-5.672425,-5.672425,-5.672425,-5.672425,-5.672425,-5.672425,-5.672425,-5.672425
-5.672425,-5.672425,-5.672425,4.294801,-5.672425,-5.672425,-5.672425,-5.672425,-5.672425,-5.672425,-5.672425,-5.672425,-5.672425,-5.672425,-5.672425,-5.672425,-5.672425,-5.672425,-5.672425,-5.672425
-5.672425,-5.672425,-5.672425,-5.672425,-5.672425,-5.672425,-5.672425,-5.672425,-5.672425,-5.672425,-5.672425,-5.672425,-5.672425,-5.672425,-5.672425,4.294801,-5.672425,-5.672425,-5.672425,-5.672425
-5.672425,-5.672425,-5.672425,4.294801,-5.672425,-5.672425,-5.672425,-5.672425,-5.672425,-5.672425,-5.672425,-5.672425,-5.672425,-5.672425,-5.672425,-5.672425,-5.672425,-5.672425,-5.672425,-5.672425
4.294801,-5.672425,-5.672425,-5.672425,-5.672425,-5.672425,-5.672425,-5.672425,-5.672425,-5.672425,-5.672425,-5.672425,-5.672425,-5.672425,-5.672425,-5.672425,-5.672425,-5.672425,-5.672425,-5.672425
-5.672425,-5.672425,-5.672425,-5.672425,-5.672425,-5.672425,-5.672425,-5.672425,-5.672425,4.294801,-5.672425,-5.672425,-5.672425,-5.672425,-5.672425,-5.672425,-5.672425,-5.672425,-5.672425,-5.672425
-5.672425,-5.672425,-5.672425,-5.672425,-5.672425,-5.672425,-5.672425,-5.672425,-5.672425,4.294801,-5.672425,-5.672425,-5.672425,-5.672425,-5.672425,-5.672425,-5.672425,-5.672425,-5.672425,-5.672425
-5.672425,-5.672425,-5.672425,-5.672425,-5.672425,0.667425,-5.672425,-5.672425,-5.672425,-5.672425,-5.672425,-5.672425,-5.672425,-5.672425,-5.672425,4.174632,-5.672425,-5.672425,-5.672425,-5.672425
-5.672425,-5.672425,-5.672425,-5.672425,4.294801,-5.672425,-5.672425,-5.672425,-5.672425,-5.672425,-5.672425,-5.672425,-5.672425,-5.672425,-5.672425,-5.672425,-5.672425,-5.672425,-5.672425,-5.672425
-5.672425,-5.672425,-5.672425,-5.672425,-5.672425,-5.672425,-5.672425,-5.672425,-5.672425,4.294801,-5.672425,-5.672425,-5.672425,-5.672425,-5.672425,-5.672425,-5.672425,-5.672425,-5.672425,-5.672425
-5.672425,-5.672425,-5.672425,-5.672425,4.294801,-5.672425,-5.672425,-5.672425,-5.672425,-5.672425,-5.672425,-5.672425,-5.672425,-5.672425,-5.672425,-5.672425,-5.672425,-5.672425,-5.672425,-5.672425
4.265684,-5.672425,-5.672425,-5.672425,-5.672425,-5.672425,-5.672425,-5.672425,-5.672425,-5.672425,-5.672425,-5.672425,-5.672425,-5.672425,-5.672425,-1.280108,-5.672425,-5.672425,-5.672425,-5.672425
-5.672425,-5.672425,-5.672425,-5.672425,-5.672425,-5.672425,4.294801,-5.672425,-5.672425,-5.672425,-5.672425,-5.672425,-5.672425,-5.672425,-5.672425,-5.672425,-5.672425,-5.672425,-5.672425,-5.672425
-5.672425,-5.672425,-5.672425,-5.672425,-5.672425,-5.672425,-5.672425,4.294801,-5.672425,-5.672425,-5.672425,-5.672425,-5.672425,-5.672425,-5.672425,-5.672425,-5.672425,-5.672425,-5.672425,-5.672425
-5.672425,-5.672425,-5.672425,-5.672425,-5.672425,-5.672425,-5.672425,-5.672425,-5.672425,-5.672425,-5.672425,-5.672425,-5.672425,-5.672425,-5.672425,-5.672425,4.294801,-5.672425,-5.672425,-5.672425
-5.672425,-5.672425,-5.672425,-5.672425,-5.672425,-5.672425,-5.672425,-5.672425,4.294801,-5.672425,-5.672425,-5.672425,-5.672425,-5.672425,-5.672425,-5.672425,-5.672425,-5.672425,-5.672425,-5.672425
-5.672425,-5.672425,-5.672425,-5.672425,-5.672425,-5.672425,-5.672425,-5.672425,-5.672425,-5.672425,-5.672425,-5.672425,4.294801,-5.672425,-5.672425,-5.672425,-5.672425,-5.672425,-5.672425,-5.672425
-5.672425,-5.672425,-5.672425,4.265684,-5.672425,-5.672425,-5.672425,-5.672425,-5.672425,-5.672425,-5.672425,-5.672425,-5.672425,-1.280108,-5.672425,-5.672425,-5.672425,-5.672425,-5.672425,-5.672425
-5.672425,-5.672425,-5.672425,-5.672425,4.265684,-5.672425,-5.672425,-5.672425,-5.672425,-1.280108,-5.672425,-5.672425,-5.672425,-5.672425,-5.672425,-5.672425,-5.672425,-5.672425,-5.672425,-5.672425
-5.672425,-5.672425,-5.672425,-5.672425,-5.672425,-5.672425,-5.672425,-5.672425,-5.672425,-5.672425,-5.672425,-5.672425,-5.672425,4.294801,-5.672425,-5.672425,-5.672425,-5.672425,-5.672425,-5.672425
-5.672425,-5.672425,-5.672425,-5.672425,-5.672425,-5.672425,-5.672425,-5.672425,-5.672425,-5.672425,-5.672425,-5.672425,-5.672425,-5.672425,-5.672425,-5.672425,-5.672425,4.294801,-5.672425,-5.672425
-5.672425,-5.672425,-5.672425,-5.672425,-5.672425,-5.672425,-5.672425,-5.672425,-5.672425,-5.672425,-5.672425,-5.672425,-5.672425,-5.672425,4.294801,-5.672425,-5.672425,-5.672425,-5.672425,-5.672425
-5.672425,-5.672425,-5.672425,-5.672425,-5.672425,-5.672425,-5.672425,-5.672425,-5.672425,-5.672425,-5.672425,-5.672425,-5.672425,-5.672425,-5.672425,-5.672425,-5.672425,-5.672425,4.294801,-5.672425
-5.672425,-1.280108,-5.672425,-5.672425,-5.672425,-5.672425,-5.672425,-5.672425,-5.672425,-5.672425,-5.672425,-5.672425,-5.672425,-5.672425,4.265684,-5.672425,-5.672425,-5.672425,-5.672425,-5.672425
-5.672425,-5.672425,-5.672425,-5.672425,-5.672425,-5.672425,-5.672425,-5.672425,-5.672425,-5.672425,-5.672425,-5.672425,-5.672425,-5.672425,-5.672425,-5.672425,-5.672425,-5.672425,4.294801,-5.672425
-5.672425,-5.672425,-5.672425,-5.672425,-5.672425,-5.672425,-5.672425,-5.672425,-5.672425,-5.672425,-5.672425,-5.672425,-5.672425,4.294801,-5.672425,-5.672425,-5.672425,-5.672425,-5.672425,-5.672425
-5.672425,-5.672425,-5.672425,-5.672425,-5.672425,-5.672425,-5.672425,-5.672425,-5.672425,-5.672425,-5.672425,-5.672425,4.294801,-5.672425,-5.672425,-5.672425,-5.672425,-5.672425,-5.672425,-5.672425
-5.672425,-5.672425,-5.672425,-5.672425,-5.672425,-5.672425,-5.672425,-5.672425,-5.672425,-5.672425,-5.672425,4.294801,-5.672425,-5.672425,-5.672425,-5.672425,-5.672425,-5.672425,-5.672425,-5.672425
-5.672425,-5.672425,4.294801,-5.672425,-5.672425,-5.672425,-5.672425,-5.672425,-5.672425,-5.672425,-5.672425,-5.672425,-5.672425,-5.672425,-5.672425,-5.672425,-5.672425,-5.672425,-5.672425,-5.672425
-5.672425,-5.672425,-5.672425,-5.672425,-5.672425,-5.672425,-5.672425,4.294801,-5.672425,-5.672425,-5.672425,-5.672425,-5.672425,-5.672425,-5.672425,-5.672425,-5.672425,-5.672425,-5.672425,-5.672425
4.294801,-5.672425,-5.672425,-5.672425,-5.672425,-5.672425,-5.672425,-5.672425,-5.672425,-5.672425,-5.672425,-5.672425,-5.672425,-5.672425,-5.672425,-5.672425,-5.672425,-5.672425,-5.672425,-5.672425
-5.672425,-5.672425,-5.672425,-5.672425,-5.672425,-5.672425,-5.672425,4.294801,-5.672425,-5.672425,-5.672425,-5.672425,-5.672425,-5.672425,-5.672425,-5.672425,-5.672425,-5.672425,-5.672425,-5.672425
-5.672425,-5.672425,-5.672425,-5.672425,-5.672425,-5.672425,-5.672425,-5.672425,-5.672425,-5.672425,-5.672425,-5.672425,-5.672425,-5.672425,-5.672425,-5.672425,-5.672425,-5.672425,4.294801,-5.672425
-5.672425,-5.672425,4.294801,-5.672425,-5.672425,-5.672425,-5.672425,-5.672425,-5.672425,-5.672425,-5.672425,-5.672425,-5.672425,-5.672425,-5.672425,-5.672425,-5.672425,-5.672425,-5.672425,-5.672425
-5.672425,-5.672425,-5.672425,-5.672425,-5.672425,-5.672425,-5.672425,-5.672425,-5.672425,-5.672425,-5.672425,4.294801,-5.672425,-5.672425,-5.672425,-5.672425,-5.672425,-5.672425,-5.672425,-5.672425
-5.672425,-1.280108,-5.672425,-5.672425,-5.672425,-5.672425,-5.672425,-5.672425,-5.672425,-5.672425,-5.672425,-5.672425,-5.672425,-5.672425,4.265684,-5.672425,-5.672425,-5.672425,-5.672425,-5.672425
-5.672425,-5.672425,-5.672425,-5.672425,-5.672425,-5.672425,-5.672425,-5.672425,-5.672425,-5.672425,-5.672425,-5.672425,-5.672425,-5.672425,-5.672425,-5.672425,-5.672425,4.294801,-5.672425,-5.672425
-5.672425,-5.672425,-5.672425,-5.672425,-5.672425,-5.672425,-5.672425,-5.672425,-5.672425,-5.672425,-5.672425,-5.672425,-5.672425,-5.672425,-5.672425,-5.672425,4.294801,-5.672425,-5.672425,-5.672425
-5.672425,-5.672425,-5.672425,-5.672425,-5.672425,-5.672425,-5.672425,-5.672425,-5.672425,-5.672425,-5.672425,-5.672425,-5.672425,4.294801,-5.672425,-5.672425,-5.672425,-5.672425,-5.672425,-5.672425
-5.672425,-5.672425,-5.672425,-5.672425,-5.672425,-5.672425,4.294801,-5.672425,-5.672425,-5.672425,-5.672425,-5.672425,-5.672425,-5.672425,-5.672425,-5.672425,-5.672425,-5.672425,-5.672425,-5.672425
-5.672425,-5.672425,-5.672425,-5.672425,-1.280108,-5.672425,-5.672425,-5.672425,-5.672425,-5.672425,-5.672425,-5.672425,-5.672425,-5.672425,-5.672425,-5.672425,-5.672425,-5.672425,-5.672425,4.265684
4.294801,-5.672425,-5.672425,-5.672425,-5.672425,-5.672425,-5.672425,-5.672425,-5.672425,-5.672425,-5.672425,-5.672425,-5.672425,-5.672425,-5.672425,-5.672425,-5.672425,-5.672425,-5.672425,-5.672425
-5.672425,-5.672425,-5.672425,-5.672425,-5.672425,-5.672425,-5.672425,-5.672425,-5.672425,-5.672425,-5.672425,4.294801,-5.672425,-5.672425,-5.672425,-5.672425,-5.672425,-5.672425,-5.672425,-5.672425
4.294801,-5.672425,-5.672425,-5.672425,-5.672425,-5.672425,-5.672425,-5.672425,-5.672425,-5.672425,-5.672425,-5.672425,-5.672425,-5.672425,-5.672425,-5.672425,-5.672425,-5.672425,-5.672425,-5.672425
-5.672425,-5.672425,4.294801,-5.672425,-5.672425,-5.672425,-5.672425,-5.672425,-5.672425,-5.672425,-5.672425,-5.672425,-5.672425,-5.672425,-5.672425,-5.672425,-5.672425,-5.672425,-5.672425,-5.672425
-5.672425,-5.672425,-5.672425,-5.672425,-5.672425,-5.672425,-5.672425,-5.672425,-5.672425,-5.672425,-5.672425,-5.672425,-5.672425,-5.672425,-5.672425,-5.672425,-5.672425,-5.672425,-5.672425,4.294801
-5.672425,-5.672425,-5.672425,-5.672425,-5.672425,-5.672425,-5.672425,-5.672425,-5.672425,4.294801,-5.672425,-5.672425,-5.672425,-5.672425,-5.672425,-5.672425,-5.672425,-5.672425,-5.672425,-5.672425
-5.672425,-5.672425,-5.672425,-5.672425,-5.672425,-5.672425,-5.672425,-5.672425,-5.672425,-5.672425,-5.672425,-5.672425,4.294801,-5.672425,-5.672425,-5.672425,-5.672425,-5.672425,-5.672425,-5.672425
-5.672425,-5.672425,-5.672425,-5.672425,-5.672425,-5.672425,-5.672425,-5.672425,-5.672425,-5.672425,-5.672425,-5.672425,-5.672425,4.294801,-5.672425,-5.672425,-5.672425,-5.672425,-5.672425,-5.672425
-5.672425,-5.672425,-5.672425,-5.672425,-5.672425,-5.672425,-5.672425,-5.672425,-5.672425,-5.672425,-5.672425,-5.672425,-5.672425,-5.672425,4.294801,-5.672425,-5.672425,-5.672425,-5.672425,-5.672425
-5.672425,-5.672425,-5.672425,-5.672425,-5.672425,-5.672425,-5.672425,-5.672425,-5.672425,-5.672425,-5.672425,-5.672425,-5.672425,-5.672425,4.294801,-5.672425,-5.672425,-5.672425,-5.672425,-5.672425
-5.672425,-5.672425,-5.672425,-5.672425,-5.672425,-5.672425,-5.672425,4.294801,-5.672425,-5.672425,-5.672425,-5.672425,-5.672425,-5.672425,-5.672425,-5.672425,-5.672425,-5.672425,-5.672425,-5.672425
-5.672425,-5.672425,-5.672425,-5.672425,-5.672425,-5.672425,-5.672425,-5.672425,-5.672425,-5.672425,4.294801,-5.672425,-5.672425,-5.672425,-5.672425,-5.672425,-5.672425,-5.672425,-5.672425,-5.672425
-5.672425,-5.672425,-5.672425,-5.672425,-5.672425,-5.672425,4.294801,-5.672425,-5.672425,-5.672425,-5.672425,-5.672425,-5.672425,-5.672425,-5.672425,-5.672425,-5.672425,-5.672425,-5.672425,-5.672425
-5.672425,-5.672425,-5.672425,-5.672425,-5.672425,-5.672425,-5.672425,-5.672425,-5.672425,-5.672425,-5.672425,-5.672425,-5.672425,-5.672425,4.294801,-5.672425,-5.672425,-5.672425,-5.672425,-5.672425
4.265684,-5.672425,-5.672425,-5.672425,-5.672425,-5.672425,-5.672425,-5.672425,-5.672425,-5.672425,-5.672425,-5.672425,-5.672425,-5.672425,-5.672425,-5.672425,-1.280108,-5.672425,-5.672425,-5.672425
-5.672425,-5.672425,-5.672425,-5.672425,-5.672425,-5.672425,-5.672425,-5.672425,-5.672425,-5.672425,-5.672425,-5.672425,-5.672425,-5.672425,-5.672425,-5.672425,4.294801,-5.672425,-5.672425,-5.672425
-5.672425,-5.672425,-5.672425,-5.672425,-5.672425,-5.672425,-5.672425,4.294801,-5.672425,-5.672425,-5.672425,-5.672425,-5.672425,-5.672425,-5.672425,-5.672425,-5.672425,-5.672425,-5.672425,-5.672425
-5.672425,-5.672425,-5.672425,-5.672425,-5.672425,-5.672425,-5.672425,-5.672425,-5.672425,4.294801,-5.672425,-5.672425,-5.672425,-5.672425,-5.672425,-5.672425,-5.672425,-5.672425,-5.672425,-5.672425
-5.672425,-5.672425,-5.672425,-5.672425,-5.672425,4.294801,-5.672425,-5.672425,-5.672425,-5.672425,-5.672425,-5.672425,-5.672425,-5.672425,-5.672425,-5.672425,-5.672425,-5.672425,-5.672425,-5.672425
-5.672425,-5.672425,4.294801,-5.672425,-5.672425,-5.672425,-5.672425,-5.672425,-5.672425,-5.672425,-5.672425,-5.672425,-5.672425,-5.672425,-5.672425,-5.672425,-5.672425,-5.672425,-5.672425,-5.672425
-5.672425,-5.672425,-5.672425,-5.672425,-5.672425,-5.672425,-5.672425,-5.672425,4.265684,-5.672425,-5.672425,-5.672425,-5.672425,-1.280108,-5.672425,-5.672425,-5.672425,-5.672425,-5.672425,-5.672425
-5.672425,-5.672425,-5.672425,-5.672425,-5.672425,-5.672425,-5.672425,-5.672425,-5.672425,-5.672425,-5.672425,-5.672425,4.294801,-5.672425,-5.672425,-5.672425,-5.672425,-5.672425,-5.672425,-5.672425
-5.672425,-5.672425,-5.672425,-5.672425,4.294801,-5.672425,-5.672425,-5.672425,-5.672425,-5.672425,-5.672425,-5.672425,-5.672425,-5.672425,-5.672425,-5.672425,-5.672425,-5.672425,-5.672425,-5.672425
-5.672425,-5.672425,-5.672425,-5.672425,-5.672425,-5.672425,-5.672425,-5.672425,-5.672425,-5.672425,-5.672425,-5.672425,-5.672425,-5.672425,-5.672425,-5.672425,-5.672425,-5.672425,-5.672425,4.294801
-5.672425,-5.672425,-5.672425,-5.672425,-5.672425,-5.672425,-5.672425,-5.672425,-5.672425,-5.672425,-5.672425,-5.672425,-5.672425,-5.672425,4.294801,-5.672425,-5.672425,-5.672425,-5.672425,-5.672425
4.294801,-5.672425,-5.672425,-5.672425,-5.672425,-5.672425,-5.672425,-5.672425,-5.672425,-5.672425,-5.672425,-5.672425,-5.672425,-5.672425,-5.672425,-5.672425,-5.672425,-5.672425,-5.672425,-5.672425
