-5.169925,-5.169925,-5.169925,-5.169925,-5.169925,-5.169925,-5.169925,-5.169925,-5.169925,-5.169925,-5.169925,-5.169925,-5.169925,-5.169925,-5.169925,-0.777608,4.241586,-5.169925,-5.169925,-5.169925
-5.169925,-5.169925,4.283346,-5.169925,-5.169925,-5.169925,-5.169925,-5.169925,-5.169925,-5.169925,-5.169925,-5.169925,-5.169925,-5.169925,-5.169925,-5.169925,-5.169925,-5.169925,-5.169925,-5.169925
-5.169925,-5.169925,-5.169925,-5.169925,-5.169925,-5.169925,-5.169925,0.187627,-5.169925,4.198581,-5.169925,-5.169925,-5.169925,-5.169925,-5.169925,-5.169925,-5.169925,-5.169925,-5.169925,-5.169925
-5.169925,-5.169925,-5.169925,-5.169925,-5.169925,-5.169925,-5.169925,4.283346,-5.169925,-5.169925,-5.169925,-5.169925,-5.169925,-5.169925,-5.169925,-5.169925,-5.169925,-5.169925,-5.169925,-5.169925
-5.169925,-5.169925,-5.169925,-5.169925,3.855215,-5.169925,-5.169925,1.169925,-5.169925,-5.169925,1.488286,-5.169925,-5.169925,-5.169925,-5.169925,-5.169925,-5.169925,-5.169925,-5.169925,-5.169925
-5.169925,-5.169925,-5.169925,-5.169925,-5.169925,-5.169925,-5.169925,-5.169925,-0.777608,4.241586,-5.169925,-5.169925,-5.169925,-5.169925,-5.169925,-5.169925,-5.169925,-5.169925,-5.169925,-5.169925
-5.169925,-5.169925,-5.169925,-5.169925,-5.169925,-5.169925,-5.169925,3.739968,-5.169925,-0.777608,-5.169925,-5.169925,-5.169925,-5.169925,-5.169925,-5.169925,-5.169925,2.481127,-5.169925,-5.169925
-5.169925,-5.169925,-5.169925,-5.169925,-5.169925,-5.169925,-5.169925,-5.169925,3.156504,-5.169925,-5.169925,0.187627,3.243703,-5.169925,-5.169925,-5.169925,-5.169925,-5.169925,-5.169925,-5.169925
0.760812,-5.169925,-0.777608,-5.169925,-5.169925,-5.169925,-5.169925,-5.169925,3.403722,-5.169925,-5.169925,-0.777608,-5.169925,-5.169925,-5.169925,1.748938,1.488286,-5.169925,-5.169925,-5.169925
-5.169925,-5.169925,-5.169925,-5.169925,-5.169925,2.617978,0.187627,-5.169925,-5.169925,-5.169925,-5.169925,3.325930,-5.169925,0.760812,-5.169925,-0.777608,-5.169925,-5.169925,-5.169925,-5.169925
-0.777608,-5.169925,-5.169925,-5.169925,-5.169925,4.198581,-5.169925,-5.169925,-5.169925,-5.169925,-5.169925,-5.169925,-0.777608,-5.169925,-5.169925,-5.169925,-5.169925,-5.169925,-5.169925,-5.169925
1.488286,-0.777608,-5.169925,-5.169925,-0.777608,-5.169925,-5.169925,-5.169925,-5.169925,-5.169925,-5.169925,-5.169925,-5.169925,-5.169925,-5.169925,-5.169925,3.961932,-5.169925,-5.169925,-5.169925
-5.169925,-5.169925,-5.169925,-5.169925,-5.169925,-5.169925,-5.169925,-5.169925,-5.169925,4.198581,-5.169925,-5.169925,-5.169925,-5.169925,-5.169925,-5.169925,-0.777608,-5.169925,-5.169925,-0.777608
-5.169925,-5.169925,-5.169925,-5.169925,-5.169925,-5.169925,-5.169925,4.012469,-5.169925,1.748938,-5.169925,-5.169925,-5.169925,-5.169925,-5.169925,-5.169925,-5.169925,-5.169925,-5.169925,-5.169925
-5.169925,-5.169925,-5.169925,3.243703,-5.169925,-5.169925,-5.169925,-5.169925,1.969626,-5.169925,-5.169925,-5.169925,-5.169925,0.187627,0.187627,-5.169925,1.969626,-5.169925,-5.169925,-5.169925
-5.169925,-5.169925,-5.169925,-5.169925,-5.169925,-5.169925,-5.169925,-5.169925,-5.169925,-5.169925,-5.169925,-5.169925,-5.169925,-5.169925,-5.169925,-5.169925,-5.169925,-5.169925,-5.169925,4.283346
-5.169925,-5.169925,3.477533,-0.777608,-5.169925,-5.169925,-5.169925,-5.169925,-5.169925,-5.169925,-5.169925,-0.777608,-5.169925,-5.169925,-5.169925,2.481127,0.187627,-5.169925,-5.169925,-5.169925
0.187627,-5.169925,-5.169925,-0.777608,-5.169925,-5.169925,-5.169925,-5.169925,2.617978,-5.169925,-5.169925,-5.169925,3.325930,0.760812,-5.169925,-5.169925,-5.169925,-5.169925,-5.169925,-5.169925
0.187627,-5.169925,-0.777608,1.169925,-5.169925,0.187627,0.760812,-5.169925,1.169925,-5.169925,-5.169925,-0.777608,-5.169925,3.243703,-5.169925,-5.169925,-0.777608,-5.169925,-5.169925,-5.169925
-5.169925,-5.169925,-5.169925,-5.169925,4.241586,-5.169925,-5.169925,-0.777608,-5.169925,-5.169925,-5.169925,-5.169925,-5.169925,-5.169925,-5.169925,-5.169925,-5.169925,-5.169925,-5.169925,-5.169925
-5.169925,-5.169925,-5.169925,-5.169925,-5.169925,-5.169925,-5.169925,-5.169925,2.329921,-5.169925,-5.169925,-5.169925,-5.169925,-5.169925,3.855215,-5.169925,-5.169925,-5.169925,-5.169925,-5.169925
-0.777608,-5.169925,0.760812,0.187627,-5.169925,-5.169925,0.187627,-5.169925,1.169925,-0.777608,-5.169925,3.403722,-5.169925,-0.777608,-5.169925,-5.169925,0.187627,-5.169925,-5.169925,-5.169925
-0.777608,-5.169925,1.169925,1.488286,-5.169925,-5.169925,0.187627,-5.169925,0.187627,-0.777608,-5.169925,-0.777608,-5.169925,0.187627,-5.169925,-0.777608,3.156504,-5.169925,-5.169925,-5.169925
-5.169925,4.198581,-5.169925,-5.169925,-0.777608,-5.169925,-5.169925,-5.169925,-5.169925,-5.169925,-5.169925,-5.169925,-5.169925,-5.169925,-5.169925,-5.169925,-5.169925,-0.777608,-5.169925,-5.169925
-5.169925,-5.169925,-5.169925,-5.169925,-5.169925,-5.169925,-5.169925,4.154256,-5.169925,-0.777608,-5.169925,-5.169925,-5.169925,-5.169925,-5.169925,-5.169925,-5.169925,0.187627,-5.169925,-5.169925
-5.169925,-5.169925,-5.169925,-5.169925,-5.169925,3.909560,-5.169925,-5.169925,1.488286,-0.777608,-5.169925,-5.169925,-5.169925,-5.169925,0.187627,-5.169925,-5.169925,-5.169925,-5.169925,-5.169925
-5.169925,-0.777608,-5.169925,-5.169925,-5.169925,-5.169925,-5.169925,-5.169925,-5.169925,-5.169925,-5.169925,4.241586,-5.169925,-5.169925,-5.169925,-5.169925,-5.169925,-5.169925,-5.169925,-5.169925
-5.169925,4.241586,-5.169925,-5.169925,-5.169925,-5.169925,-5.169925,-5.169925,-5.169925,-5.169925,-5.169925,-5.169925,-5.169925,-5.169925,-5.169925,-5.169925,-5.169925,-0.777608,-5.169925,-5.169925
-5.169925,-5.169925,-5.169925,-5.169925,-5.169925,4.283346,-5.169925,-5.169925,-5.169925,-5.169925,-5.169925,-5.169925,-5.169925,-5.169925,-5.169925,-5.169925,-5.169925,-5.169925,-5.169925,-5.169925
-5.169925,-5.169925,-5.169925,-5.169925,-5.169925,-5.169925,-5.169925,0.187627,-5.169925,4.198581,-5.169925,-5.169925,-5.169925,-5.169925,-5.169925,-5.169925,-5.169925,-5.169925,-5.169925,-5.169925
-5.169925,-5.169925,-5.169925,-5.169925,-5.169925,-5.169925,-5.169925,-5.169925,-5.169925,4.283346,-5.169925,-5.169925,-5.169925,-5.169925,-5.169925,-5.169925,-5.169925,-5.169925,-5.169925,-5.169925
-5.169925,-5.169925,-5.169925,-5.169925,-5.169925,-5.169925,-5.169925,-5.169925,-5.169925,-5.169925,-5.169925,-5.169925,4.283346,-5.169925,-5.169925,-5.169925,-5.169925,-5.169925,-5.169925,-5.169925
-5.169925,-5.169925,-5.169925,-5.169925,-5.169925,-5.169925,-5.169925,3.477533,-5.169925,2.617978,0.187627,-5.169925,-5.169925,-5.169925,-5.169925,-5.169925,-5.169925,0.187627,-5.169925,-5.169925
-5.169925,-5.169925,-5.169925,-5.169925,-5.169925,4.283346,-5.169925,-5.169925,-5.169925,-5.169925,-5.169925,-5.169925,-5.169925,-5.169925,-5.169925,-5.169925,-5.169925,-5.169925,-5.169925,-5.169925
0.187627,-5.169925,-5.169925,3.325930,-5.169925,2.329921,-5.169925,-5.169925,0.187627,-5.169925,-5.169925,-0.777608,-5.169925,-0.777608,0.187627,-5.169925,-5.169925,-5.169925,-5.169925,-5.169925
3.243703,-5.169925,-5.169925,-5.169925,-5.169925,-5.169925,-5.169925,-5.169925,-5.169925,-5.169925,-0.777608,-5.169925,3.243703,-5.169925,-5.169925,-5.169925,-5.169925,-5.169925,-5.169925,-5.169925
-0.777608,-5.169925,-5.169925,-5.169925,-5.169925,-5.169925,-5.169925,-5.169925,-5.169925,-5.169925,-5.169925,-5.169925,-5.169925,-5.169925,-5.169925,0.187627,4.154256,-5.169925,-5.169925,-5.169925
-5.169925,-5.169925,-5.169925,-0.777608,-5.169925,-5.169925,-5.169925,-5.169925,-0.777608,3.156504,-5.169925,-5.169925,-5.169925,-0.777608,-5.169925,-5.169925,0.187627,2.964501,-5.169925,-5.169925
-5.169925,-5.169925,-5.169925,-5.169925,-5.169925,-5.169925,-5.169925,3.063695,-5.169925,1.169925,-5.169925,-5.169925,-5.169925,-5.169925,-5.169925,-5.169925,-5.169925,3.156504,-5.169925,-5.169925
-5.169925,-5.169925,-5.169925,0.187627,-5.169925,-5.169925,-5.169925,0.187627,3.403722,-5.169925,-5.169925,1.488286,-5.169925,0.760812,0.187627,-5.169925,-5.169925,0.187627,-5.169925,-5.169925
0.187627,-5.169925,-5.169925,3.855215,-5.169925,-5.169925,-5.169925,-5.169925,-0.777608,-5.169925,-5.169925,-0.777608,-5.169925,-5.169925,0.187627,0.760812,-5.169925,-5.169925,-5.169925,-5.169925
-5.169925,-5.169925,-5.169925,-5.169925,-5.169925,-5.169925,-5.169925,-5.169925,-5.169925,-5.169925,-5.169925,-5.169925,-5.169925,-5.169925,-5.169925,0.187627,4.198581,-5.169925,-5.169925,-5.169925
-5.169925,-0.777608,-5.169925,-0.777608,-5.169925,-5.169925,-5.169925,-0.777608,0.760812,-5.169925,-5.169925,-5.169925,-5.169925,0.187627,3.855215,-5.169925,-5.169925,-0.777608,-5.169925,-5.169925
-5.169925,-5.169925,-5.169925,-5.169925,-5.169925,4.283346,-5.169925,-5.169925,-5.169925,-5.169925,-5.169925,-5.169925,-5.169925,-5.169925,-5.169925,-5.169925,-5.169925,-5.169925,-5.169925,-5.169925
-5.169925,-5.169925,-5.169925,-5.169925,-0.777608,-5.169925,-5.169925,-5.169925,-5.169925,4.241586,-5.169925,-5.169925,-5.169925,-5.169925,-5.169925,-5.169925,-5.169925,-5.169925,-5.169925,-5.169925
-5.169925,-5.169925,-5.169925,-5.169925,-5.169925,-5.169925,-5.169925,-5.169925,4.283346,-5.169925,-5.169925,-5.169925,-5.169925,-5.169925,-5.169925,-5.169925,-5.169925,-5.169925,-5.169925,-5.169925
-5.169925,-5.169925,-5.169925,-5.169925,-5.169925,-5.169925,-5.169925,-5.169925,-5.169925,-5.169925,-5.169925,-5.169925,-5.169925,-5.169925,-5.169925,-5.169925,-5.169925,-5.169925,4.283346,-5.169925
-5.169925,-5.169925,4.283346,-5.169925,-5.169925,-5.169925,-5.169925,-5.169925,-5.169925,-5.169925,-5.169925,-5.169925,-5.169925,-5.169925,-5.169925,-5.169925,-5.169925,-5.169925,-5.169925,-5.169925
-5.169925,-5.169925,-5.169925,-5.169925,-5.169925,-5.169925,-5.169925,0.760812,-5.169925,-5.169925,-5.169925,-5.169925,-5.169925,-5.169925,-5.169925,-5.169925,-5.169925,4.154256,-5.169925,-5.169925
-5.169925,-0.777608,-5.169925,0.187627,-5.169925,1.488286,-5.169925,-5.169925,3.325930,0.187627,-5.169925,-5.169925,-5.169925,0.187627,-5.169925,0.187627,0.187627,-0.777608,-5.169925,-5.169925
-5.169925,-5.169925,0.760812,-5.169925,-5.169925,-5.169925,-5.169925,-5.169925,-5.169925,-5.169925,-5.169925,4.154256,-5.169925,-5.169925,-5.169925,-5.169925,-5.169925,-5.169925,-5.169925,-5.169925
-5.169925,-5.169925,-5.169925,-5.169925,-5.169925,-5.169925,-5.169925,-5.169925,-5.169925,-5.169925,-5.169925,-5.169925,-5.169925,-5.169925,-5.169925,-5.169925,-5.169925,-5.169925,4.283346,-5.169925
-0.777608,-5.169925,-5.169925,-0.777608,-5.169925,-5.169925,1.169925,-5.169925,-0.777608,-5.169925,-5.169925,0.187627,3.547751,-5.169925,-5.169925,0.760812,-5.169925,-5.169925,-5.169925,0.187627
-5.169925,-5.169925,-5.169925,-5.169925,-5.169925,-5.169925,-5.169925,-5.169925,-5.169925,-5.169925,-5.169925,-5.169925,-5.169925,-5.169925,-5.169925,-5.169925,4.283346,-5.169925,-5.169925,-5.169925
-5.169925,-5.169925,-5.169925,-5.169925,-5.169925,-5.169925,-5.169925,-5.169925,-5.169925,-5.169925,-5.169925,-5.169925,-5.169925,-5.169925,-5.169925,4.283346,-5.169925,-5.169925,-5.169925,-5.169925
-5.169925,-5.169925,-5.169925,-5.169925,-5.169925,-5.169925,-5.169925,2.857981,-5.169925,-5.169925,-5.169925,-5.169925,-5.169925,-5.169925,-5.169925,-5.169925,-5.169925,3.614710,-5.169925,-5.169925
-5.169925,-5.169925,-5.169925,0.187627,-0.777608,-5.169925,-5.169925,0.187627,-5.169925,-5.169925,1.169925,-5.169925,0.187627,0.760812,-5.169925,-0.777608,-0.777608,3.403722,-5.169925,-5.169925
-5.169925,-5.169925,1.169925,1.748938,-5.169925,-0.777608,-5.169925,-5.169925,-0.777608,-5.169925,-5.169925,0.760812,-5.169925,-5.169925,-5.169925,0.760812,3.243703,-5.169925,-5.169925,-5.169925
-5.169925,-5.169925,-5.169925,-5.169925,-5.169925,4.283346,-5.169925,-5.169925,-5.169925,-5.169925,-5.169925,-5.169925,-5.169925,-5.169925,-5.169925,-5.169925,-5.169925,-5.169925,-5.169925,-5.169925
-5.169925,-5.169925,-5.169925,-5.169925,-5.169925,-5.169925,-5.169925,-5.169925,3.063695,-5.169925,-5.169925,-5.169925,-5.169925,-5.169925,3.477533,-5.169925,-5.169925,-5.169925,-5.169925,-5.169925
-5.169925,-5.169925,-5.169925,-5.169925,-5.169925,-5.169925,-5.169925,-5.169925,-5.169925,-0.777608,-5.169925,-5.169925,-5.169925,-5.169925,-5.169925,-5.169925,-5.169925,4.241586,-5.169925,-5.169925
-5.169925,-5.169925,-5.169925,-5.169925,-5.169925,-5.169925,-5.169925,-5.169925,-5.169925,-5.169925,-5.169925,-5.169925,-5.169925,-5.169925,-5.169925,4.283346,-5.169925,-5.169925,-5.169925,-5.169925
-5.169925,-5.169925,-5.169925,-5.169925,-5.169925,-5.169925,-5.169925,-5.169925,-5.169925,-5.169925,-5.169925,-5.169925,-5.169925,-5.169925,-5.169925,4.283346,-5.169925,-5.169925,-5.169925,-5.169925
-5.169925,-5.169925,-5.169925,-5.169925,-5.169925,-5.169925,-5.169925,-5.169925,-5.169925,-5.169925,-5.169925,0.187627,-5.169925,-5.169925,-5.169925,4.198581,-5.169925,-5.169925,-5.169925,-5.169925
-5.169925,-5.169925,-5.169925,-5.169925,-5.169925,-5.169925,-5.169925,-5.169925,-5.169925,-5.169925,-5.169925,4.283346,-5.169925,-5.169925,-5.169925,-5.169925,-5.169925,-5.169925,-5.169925,-5.169925
-5.169925,-5.169925,-5.169925,-5.169925,-5.169925,-5.169925,-5.169925,-5.169925,-5.169925,-5.169925,-5.169925,-5.169925,-5.169925,-5.169925,4.283346,-5.169925,-5.169925,-5.169925,-5.169925,-5.169925
-5.169925,-5.169925,-5.169925,-5.169925,4.283346,-5.169925,-5.169925,-5.169925,-5.169925,-5.169925,-5.169925,-5.169925,-5.169925,-5.169925,-5.169925,-5.169925,-5.169925,-5.169925,-5.169925,-5.169925
-0.777608,-0.777608,-5.169925,-5.169925,-5.169925,-5.169925,-5.169925,-5.169925,-5.169925,-5.169925,-5.169925,-5.169925,-5.169925,-5.169925,-5.169925,0.187627,-5.169925,4.108524,-5.169925,-5.169925
-5.169925,-5.169925,-5.169925,-5.169925,-5.169925,4.241586,-5.169925,-5.169925,-5.169925,-5.169925,-5.169925,-0.777608,-5.169925,-5.169925,-5.169925,-5.169925,-5.169925,-5.169925,-5.169925,-5.169925
-5.169925,-5.169925,3.156504,2.857981,-5.169925,-5.169925,-5.169925,0.187627,-0.777608,-5.169925,-5.169925,-5.169925,-5.169925,-5.169925,-0.777608,-0.777608,-0.777608,-5.169925,-5.169925,-5.169925
-5.169925,-5.169925,3.156504,0.760812,-5.169925,-5.169925,-5.169925,-5.169925,-5.169925,-5.169925,-5.169925,2.617978,-5.169925,-5.169925,-5.169925,-0.777608,1.169925,-5.169925,-5.169925,-5.169925
-5.169925,3.798742,-5.169925,-5.169925,-5.169925,0.760812,-5.169925,-5.169925,0.760812,-5.169925,-5.169925,-5.169925,-5.169925,-5.169925,0.760812,-5.169925,-5.169925,-5.169925,-5.169925,-0.777608
-5.169925,4.283346,-5.169925,-5.169925,-5.169925,-5.169925,-5.169925,-5.169925,-5.169925,-5.169925,-5.169925,-5.169925,-5.169925,-5.169925,-5.169925,-5.169925,-5.169925,-5.169925,-5.169925,-5.169925
-5.169925,-5.169925,-5.169925,-5.169925,3.614710,-5.169925,-5.169925,-5.169925,-5.169925,0.760812,-5.169925,-5.169925,-5.169925,-5.169925,-5.169925,-5.169925,-5.169925,-5.169925,-5.169925,2.481127
-5.169925,-5.169925,-5.169925,-5.169925,1.488286,-5.169925,-5.169925,3.798742,-5.169925,1.488286,-5.169925,-5.169925,-5.169925,-5.169925,-5.169925,-5.169925,-5.169925,-5.169925,-5.169925,-5.169925
-5.169925,-5.169925,3.739968,-0.777608,-5.169925,-5.169925,-0.777608,-5.169925,1.488286,-5.169925,-5.169925,1.169925,-5.169925,-5.169925,-5.169925,-5.169925,-5.169925,-5.169925,-5.169925,-5.169925
-5.169925,-0.777608,-5.169925,-5.169925,-5.169925,-5.169925,-5.169925,-5.169925,-5.169925,-5.169925,-5.169925,-5.169925,-5.169925,-5.169925,-5.169925,-0.777608,3.739968,2.329921,-5.169925,-5.169925
-5.169925,-5.169925,-5.169925,1.169925,-5.169925,-5.169925,-5.169925,-5.169925,4.012469,-0.777608,-5.169925,-5.169925,-5.169925,-0.777608,-5.169925,-5.169925,-5.169925,-5.169925,-5.169925,-5.169925
-5.169925,-5.169925,4.108524,0.187627,-5.169925,-5.169925,0.187627,-5.169925,-5.169925,-5.169925,-5.169925,-5.169925,-5.169925,-5.169925,-5.169925,-5.169925,-5.169925,-5.169925,-5.169925,-5.169925
-5.169925,-5.169925,3.477533,-5.169925,-5.169925,-5.169925,-5.169925,-5.169925,-5.169925,-5.169925,-5.169925,-5.169925,2.329921,-5.169925,-5.169925,1.748938,-5.169925,-5.169925,-5.169925,-5.169925
-5.169925,-5.169925,-5.169925,-5.169925,-5.169925,-5.169925,-5.169925,3.739968,-5.169925,1.169925,0.187627,-5.169925,-5.169925,-5.169925,-5.169925,-5.169925,-5.169925,1.488286,-5.169925,-5.169925
-5.169925,-5.169925,-5.169925,-5.169925,-5.169925,-5.169925,-5.169925,3.403722,-5.169925,-5.169925,-5.169925,-5.169925,-5.169925,-5.169925,-5.169925,-5.169925,-5.169925,3.156504,-5.169925,-5.169925
-5.169925,-5.169925,-5.169925,-5.169925,0.187627,-5.169925,-5.169925,0.760812,-5.169925,3.909560,0.187627,-5.169925,-5.169925,-5.169925,-5.169925,-5.169925,-5.169925,-0.777608,-5.169925,-5.169925
-5.169925,-5.169925,-5.169925,-5.169925,-5.169925,-5.169925,-5.169925,-5.169925,-5.169925,-5.169925,-5.169925,3.961932,-5.169925,-5.169925,-5.169925,1.969626,-5.169925,-5.169925,-5.169925,-5.169925
-5.169925,-5.169925,-5.169925,-5.169925,-5.169925,-5.169925,-5.169925,2.617978,-5.169925,-5.169925,-5.169925,-5.169925,-5.169925,-5.169925,-5.169925,-5.169925,-5.169925,3.739968,-5.169925,-5.169925
-5.169925,-5.169925,-5.169925,4.283346,-5.169925,-5.169925,-5.169925,-5.169925,-5.169925,-5.169925,-5.169925,-5.169925,-5.169925,-5.169925,-5.169925,-5.169925,-5.169925,-5.169925,-5.169925,-5.169925
-5.169925,-5.169925,-5.169925,-5.169925,-5.169925,-5.169925,-5.169925,3.909560,-5.169925,1.748938,-0.777608,-5.169925,-5.169925,-5.169925,-5.169925,-5.169925,-5.169925,-0.777608,-5.169925,-5.169925
-5.169925,-5.169925,-0.777608,-0.777608,3.477533,-5.169925,-5.169925,-5.169925,-5.169925,0.760812,-5.169925,0.760812,-5.169925,0.187627,-5.169925,-5.169925,1.169925,-0.777608,-5.169925,-5.169925
-5.169925,-5.169925,-5.169925,-5.169925,-0.777608,-5.169925,-5.169925,-0.777608,-0.777608,1.969626,0.760812,-5.169925,-5.169925,-5.169925,-5.169925,-5.169925,-5.169925,3.547751,-5.169925,-0.777608
-5.169925,-5.169925,3.547751,1.748938,-5.169925,0.760812,-5.169925,-5.169925,-0.777608,-5.169925,-5.169925,-0.777608,-0.777608,-5.169925,-5.169925,0.187627,-5.169925,-5.169925,-5.169925,-5.169925
-5.169925,-5.169925,-5.169925,-5.169925,-5.169925,-5.169925,-0.777608,-5.169925,3.739968,-5.169925,-5.169925,1.488286,-5.169925,-0.777608,1.169925,-5.169925,-5.169925,-5.169925,-5.169925,-5.169925
-5.169925,-5.169925,-5.169925,-5.169925,-5.169925,-5.169925,-5.169925,-0.777608,-5.169925,4.241586,-5.169925,-5.169925,-5.169925,-5.169925,-5.169925,-5.169925,-5.169925,-5.169925,-5.169925,-5.169925
-5.169925,-5.169925,-5.169925,-5.169925,-5.169925,-5.169925,0.187627,3.403722,1.488286,-0.777608,-5.169925,-5.169925,-5.169925,-5.169925,-0.777608,1.488286,-0.777608,-0.777608,-5.169925,-5.169925
-5.169925,-5.169925,3.477533,0.760812,-5.169925,-5.169925,-0.777608,-5.169925,-0.777608,-5.169925,0.187627,0.760812,-5.169925,-5.169925,0.187627,-0.777608,-5.169925,-5.169925,-5.169925,0.187627
-5.169925,-5.169925,-5.169925,-5.169925,4.108524,-5.169925,-5.169925,-0.777608,-5.169925,-0.777608,-5.169925,-5.169925,-5.169925,-5.169925,-5.169925,-5.169925,-5.169925,-5.169925,-5.169925,0.187627
-5.169925,-5.169925,-5.169925,-5.169925,0.187627,-5.169925,-5.169925,1.748938,-5.169925,3.739968,0.760812,-5.169925,-5.169925,-5.169925,-5.169925,-5.169925,-5.169925,-5.169925,-5.169925,-5.169925
