-5.643856,-5.643856,-5.643856,-5.643856,-5.643856,-5.643856,-5.643856,-5.643856,-5.643856,-5.643856,-5.643856,-5.643856,4.294253,-5.643856,-5.643856,-5.643856,-5.643856,-5.643856,-5.643856,-5.643856
-5.643856,-5.643856,-5.643856,-5.643856,-5.643856,-5.643856,-5.643856,-5.643856,4.294253,-5.643856,-5.643856,-5.643856,-5.643856,-5.643856,-5.643856,-5.643856,-5.643856,-5.643856,-5.643856,-5.643856
-5.643856,-5.643856,-5.643856,-5.643856,-5.643856,4.294253,-5.643856,-5.643856,-5.643856,-5.643856,-5.643856,-5.643856,-5.643856,-5.643856,-5.643856,-5.643856,-5.643856,-5.643856,-5.643856,-5.643856
-5.643856,-5.643856,-5.643856,-5.643856,-5.643856,-5.643856,-5.643856,-5.643856,-5.643856,-5.643856,-5.643856,-5.643856,-5.643856,-5.643856,-5.643856,-5.643856,4.294253,-5.643856,-5.643856,-5.643856
-5.643856,-5.643856,-5.643856,-5.643856,4.294253,-5.643856,-5.643856,-5.643856,-5.643856,-5.643856,-5.643856,-5.643856,-5.643856,-5.643856,-5.643856,-5.643856,-5.643856,-5.643856,-5.643856,-5.643856
-5.643856,-5.643856,-5.643856,-5.643856,-5.643856,-5.643856,-5.643856,-5.643856,4.294253,-5.643856,-5.643856,-5.643856,-5.643856,-5.643856,-5.643856,-5.643856,-5.643856,-5.643856,-5.643856,-5.643856
-5.643856,-5.643856,4.294253,-5.643856,-5.643856,-5.643856,-5.643856,-5.643856,-5.643856,-5.643856,-5.643856,-5.643856,-5.643856,-5.643856,-5.643856,-5.643856,-5.643856,-5.643856,-5.643856,-5.643856
-5.643856,-5.643856,-5.643856,-5.643856,-5.643856,-5.643856,-5.643856,-5.643856,-5.643856,-5.643856,-5.643856,-5.643856,-5.643856,-5.643856,-5.643856,-5.643856,-5.643856,-5.643856,-5.643856,4.294253
-5.643856,-5.643856,-5.643856,-5.643856,-5.643856,-5.643856,-5.643856,-5.643856,-5.643856,-5.643856,-5.643856,-5.643856,-5.643856,-5.643856,-5.643856,-5.643856,-5.643856,4.294253,-5.643856,-5.643856
-5.643856,-5.643856,-5.643856,-5.643856,-5.643856,-5.643856,-5.643856,-5.643856,-5.643856,-5.643856,-5.643856,-5.643856,-5.643856,-5.643856,4.294253,-5.643856,-5.643856,-5.643856,-5.643856,-5.643856
-5.643856,-5.643856,4.294253,-5.643856,-5.643856,-5.643856,-5.643856,-5.643856,-5.643856,-5.643856,-5.643856,-5.643856,-5.643856,-5.643856,-5.643856,-5.643856,-5.643856,-5.643856,-5.643856,-5.643856
-5.643856,-5.643856,-5.643856,-5.643856,-5.643856,-5.643856,-5.643856,-5.643856,-5.643856,-5.643856,-5.643856,-5.643856,-5.643856,-5.643856,4.294253,-5.643856,-5.643856,-5.643856,-5.643856,-5.643856
4.294253,-5.643856,-5.643856,-5.643856,-5.643856,-5.643856,-5.643856,-5.643856,-5.643856,-5.643856,-5.643856,-5.643856,-5.643856,-5.643856,-5.643856,-5.643856,-5.643856,-5.643856,-5.643856,-5.643856
-5.643856,-5.643856,4.294253,-5.643856,-5.643856,-5.643856,-5.643856,-5.643856,-5.643856,-5.643856,-5.643856,-5.643856,-5.643856,-5.643856,-5.643856,-5.643856,-5.643856,-5.643856,-5.643856,-5.643856
-5.643856,-5.643856,-5.643856,-5.643856,-5.643856,-5.643856,-5.643856,-5.643856,-5.643856,4.001802,1.855990,-5.643856,-5.643856,-5.643856,-5.643856,-5.643856,-5.643856,-5.643856,-5.643856,-5.643856
-5.643856,-5.643856,-5.643856,-5.643856,-5.643856,-5.643856,-5.643856,-5.643856,-5.643856,-5.643856,-5.643856,4.294253,-5.643856,-5.643856,-5.643856,-5.643856,-5.643856,-5.643856,-5.643856,-5.643856
-5.643856,-5.643856,-5.643856,-5.643856,-5.643856,-5.643856,-5.643856,-5.643856,4.294253,-5.643856,-5.643856,-5.643856,-5.643856,-5.643856,-5.643856,-5.643856,-5.643856,-5.643856,-5.643856,-5.643856
-5.643856,-5.643856,4.294253,-5.643856,-5.643856,-5.643856,-5.643856,-5.643856,-5.643856,-5.643856,-5.643856,-5.643856,-5.643856,-5.643856,-5.643856,-5.643856,-5.643856,-5.643856,-5.643856,-5.643856
-5.643856,-5.643856,-5.643856,-5.643856,-5.643856,-5.643856,-5.643856,-5.643856,4.294253,-5.643856,-5.643856,-5.643856,-5.643856,-5.643856,-5.643856,-5.643856,-5.643856,-5.643856,-5.643856,-5.643856
-5.643856,-5.643856,-5.643856,-5.643856,-5.643856,-5.643856,-5.643856,-5.643856,-5.643856,-5.643856,-5.643856,-5.643856,4.294253,-5.643856,-5.643856,-5.643856,-5.643856,-5.643856,-5.643856,-5.643856
-5.643856,-5.643856,-5.643856,-5.643856,-5.643856,-5.643856,-5.643856,-5.643856,-5.643856,-5.643856,-5.643856,-5.643856,-5.643856,-5.643856,-5.643856,-5.643856,-5.643856,4.294253,-5.643856,-5.643856
-5.643856,-5.643856,-5.643856,-5.643856,-5.643856,-5.643856,-5.643856,4.294253,-5.643856,-5.643856,-5.643856,-5.643856,-5.643856,-5.643856,-5.643856,-5.643856,-5.643856,-5.643856,-5.643856,-5.643856
-5.643856,-5.643856,-5.643856,-5.643856,-5.643856,-5.643856,-5.643856,-5.643856,-5.643856,-5.643856,-5.643856,-5.643856,-5.643856,-5.643856,-5.643856,-5.643856,-5.643856,-5.643856,-5.643856,-5.643856
-5.643856,-5.643856,-5.643856,-5.643856,-5.643856,-5.643856,-5.643856,-5.643856,-5.643856,-5.643856,-5.643856,-5.643856,4.294253,-5.643856,-5.643856,-5.643856,-5.643856,-5.643856,-5.643856,-5.643856
4.294253,-5.643856,-5.643856,-5.643856,-5.643856,-5.643856,-5.643856,-5.643856,-5.643856,-5.643856,-5.643856,-5.643856,-5.643856,-5.643856,-5.643856,-5.643856,-5.643856,-5.643856,-5.643856,-5.643856
4.294253,-5.643856,-5.643856,-5.643856,-5.643856,-5.643856,-5.643856,-5.643856,-5.643856,-5.643856,-5.643856,-5.643856,-5.643856,-5.643856,-5.643856,-5.643856,-5.643856,-5.643856,-5.643856,-5.643856
4.294253,-5.643856,-5.643856,-5.643856,-5.643856,-5.643856,-5.643856,-5.643856,-5.643856,-5.643856,-5.643856,-5.643856,-5.643856,-5.643856,-5.643856,-5.643856,-5.643856,-5.643856,-5.643856,-5.643856
-5.643856,-5.643856,-5.643856,-5.643856,-5.643856,-5.643856,-5.643856,-5.643856,-5.643856,4.294253,-5.643856,-5.643856,-5.643856,-5.643856,-5.643856,-5.643856,-5.643856,-5.643856,-5.643856,-5.643856
4.294253,-5.643856,-5.643856,-5.643856,-5.643856,-5.643856,-5.643856,-5.643856,-5.643856,-5.643856,-5.643856,-5.643856,-5.643856,-5.643856,-5.643856,-5.643856,-5.643856,-5.643856,-5.643856,-5.643856
-5.643856,-5.643856,-5.643856,-5.643856,-5.643856,4.294253,-5.643856,-5.643856,-5.643856,-5.643856,-5.643856,-5.643856,-5.643856,-5.643856,-5.643856,-5.643856,-5.643856,-5.643856,-5.643856,-5.643856
-1.251539,-5.643856,-5.643856,-5.643856,-5.643856,-5.643856,-5.643856,-5.643856,-5.643856,-5.643856,-5.643856,-5.643856,-5.643856,-5.643856,-5.643856,-5.643856,-5.643856,-5.643856,-5.643856,4.264536
-5.643856,-5.643856,-5.643856,-5.643856,-5.643856,-5.643856,-5.643856,-5.643856,-5.643856,-5.643856,-5.643856,-5.643856,-5.643856,-5.643856,-5.643856,-5.643856,4.294253,-5.643856,-5.643856,-5.643856
-5.643856,-5.643856,-5.643856,-5.643856,-5.643856,4.294253,-5.643856,-5.643856,-5.643856,-5.643856,-5.643856,-5.643856,-5.643856,-5.643856,-5.643856,-5.643856,-5.643856,-5.643856,-5.643856,-5.643856
-5.643856,-5.643856,-5.643856,-5.643856,-5.643856,-5.643856,-5.643856,-5.643856,-5.643856,-5.643856,-5.643856,-5.643856,-5.643856,-5.643856,-5.643856,4.294253,-5.643856,-5.643856,-5.643856,-5.643856
-5.643856,-5.643856,-5.643856,-5.643856,-5.643856,4.264536,-5.643856,-5.643856,-5.643856,-5.643856,-5.643856,-5.643856,-1.251539,-5.643856,-5.643856,-5.643856,-5.643856,-5.643856,-5.643856,-5.643856
-5.643856,-5.643856,-5.643856,-5.643856,-5.643856,-5.643856,-5.643856,-5.643856,-5.643856,-5.643856,-5.643856,-5.643856,4.294253,-5.643856,-5.643856,-5.643856,-5.643856,-5.643856,-5.643856,-5.643856
-5.643856,-5.643856,-5.643856,-5.643856,-5.643856,-5.643856,-5.643856,4.294253,-5.643856,-5.643856,-5.643856,-5.643856,-5.643856,-5.643856,-5.643856,-5.643856,-5.643856,-5.643856,-5.643856,-5.643856
-5.643856,-5.643856,-5.643856,-5.643856,-5.643856,-5.643856,-5.643856,-5.643856,-5.643856,-5.643856,-5.643856,-5.643856,-5.643856,4.294253,-5.643856,-5.643856,-5.643856,-5.643856,-5.643856,-5.643856
-5.643856,-5.643856,-5.643856,-5.643856,-5.643856,-5.643856,-5.643856,-5.643856,-5.643856,4.294253,-5.643856,-5.643856,-5.643856,-5.643856,-5.643856,-5.643856,-5.643856,-5.643856,-5.643856,-5.643856
-5.643856,-5.643856,-5.643856,-5.643856,-5.643856,-5.643856,-5.643856,-5.643856,-5.643856,-5.643856,-5.643856,-5.643856,-5.643856,-5.643856,-5.643856,-5.643856,-5.643856,-5.643856,4.294253,-5.643856
-5.643856,-5.643856,-5.643856,-5.643856,-5.643856,-5.643856,-5.643856,-5.643856,-5.643856,-5.643856,-5.643856,-5.643856,-5.643856,4.294253,-5.643856,-5.643856,-5.643856,-5.643856,-5.643856,-5.643856
-5.643856,-5.643856,-5.643856,-5.643856,4.294253,-5.643856,-5.643856,-5.643856,-5.643856,-5.643856,-5.643856,-5.643856,-5.643856,-5.643856,-5.643856,-5.643856,-5.643856,-5.643856,-5.643856,-5.643856
-5.643856,-5.643856,-5.643856,-5.643856,-5.643856,-5.643856,-5.643856,-5.643856,-5.643856,4.294253,-5.643856,-5.643856,-5.643856,-5.643856,-5.643856,-5.643856,-5.643856,-5.643856,-5.643856,-5.643856
-5.643856,-5.643856,-5.643856,-5.643856,-5.643856,-5.643856,-5.643856,-5.643856,-5.643856,4.294253,-5.643856,-5.643856,-5.643856,-5.643856,-5.643856,-5.643856,-5.643856,-5.643856,-5.643856,-5.643856
-5.643856,-5.643856,-5.643856,-5.643856,-5.643856,-5.643856,-5.643856,-5.643856,-5.643856,-5.643856,-5.643856,-5.643856,-5.643856,-5.643856,-5.643856,-5.643856,-5.643856,-5.643856,-5.643856,-5.643856
-5.643856,-5.643856,-5.643856,4.294253,-5.643856,-5.643856,-5.643856,-5.643856,-5.643856,-5.643856,-5.643856,-5.643856,-5.643856,-5.643856,-5.643856,-5.643856,-5.643856,-5.643856,-5.643856,-5.643856
-5.643856,-5.643856,-5.643856,-5.643856,-5.643856,-5.643856,-5.643856,-5.643856,-5.643856,4.294253,-5.643856,-5.643856,-5.643856,-5.643856,-5.643856,-5.643856,-5.643856,-5.643856,-5.643856,-5.643856
-5.643856,-5.643856,-5.643856,-5.643856,-5.643856,-5.643856,-5.643856,-5.643856,-5.643856,4.294253,-5.643856,-5.643856,-5.643856,-5.643856,-5.643856,-5.643856,-5.643856,-5.643856,-5.643856,-5.643856
-5.643856,-5.643856,-5.643856,-5.643856,-5.643856,-5.643856,-5.643856,-5.643856,-5.643856,-5.643856,-5.643856,-5.643856,-5.643856,-5.643856,-5.643856,-5.643856,4.294253,-5.643856,-5.643856,-5.643856
-5.643856,-5.643856,4.294253,-5.643856,-5.643856,-5.643856,-5.643856,-5.643856,-5.643856,-5.643856,-5.643856,-5.643856,-5.643856,-5.643856,-5.643856,-5.643856,-5.643856,-5.643856,-5.643856,-5.643856
-5.643856,-5.643856,-5.643856,-5.643856,-5.643856,-5.643856,-5.643856,-5.643856,4.294253,-5.643856,-5.643856,-5.643856,-5.643856,-5.643856,-5.643856,-5.643856,-5.643856,-5.643856,-5.643856,-5.643856
-5.643856,-5.643856,-5.643856,-5.643856,-5.643856,-5.643856,-5.643856,-5.643856,-5.643856,-5.643856,-5.643856,-5.643856,-5.643856,-5.643856,-5.643856,-5.643856,-5.643856,-5.643856,-5.643856,-5.643856
-5.643856,-5.643856,-5.643856,-5.643856,-5.643856,-5.643856,-5.643856,-5.643856,-5.643856,-5.643856,-5.643856,-5.643856,-5.643856,-5.643856,-5.643856,4.294253,-5.643856,-5.643856,-5.643856,-5.643856
-5.643856,4.264536,-5.643856,-5.643856,-5.643856,-5.643856,-5.643856,-5.643856,-5.643856,-5.643856,-5.643856,-5.643856,-5.643856,-5.643856,-5.643856,-1.251539,-5.643856,-5.643856,-5.643856,-5.643856
-5.643856,-5.643856,-5.643856,-5.643856,-5.643856,-5.643856,-5.643856,-5.643856,-5.643856,-5.643856,-5.643856,-5.643856,-5.643856,4.294253,-5.643856,-5.643856,-5.643856,-5.643856,-5.643856,-5.643856
-5.643856,-5.643856,-5.643856,-5.643856,-5.643856,-5.643856,-5.643856,-5.643856,-5.643856,-5.643856,-5.643856,-5.643856,-5.643856,-5.643856,-5.643856,4.294253,-5.643856,-5.643856,-5.643856,-5.643856
-5.643856,-5.643856,-5.643856,-5.643856,-5.643856,-5.643856,-5.643856,-5.643856,-5.643856,-5.643856,-5.643856,-5.643856,-5.643856,-5.643856,-5.643856,-5.643856,-5.643856,-5.643856,-5.643856,-5.643856
-5.643856,-5.643856,-5.643856,-5.643856,-5.643856,-5.643856,-5.643856,-5.643856,-5.643856,-5.643856,-5.643856,-5.643856,-5.643856,-5.643856,-5.643856,-5.643856,-5.643856,-5.643856,-5.643856,-5.643856
-5.643856,-5.643856,-5.643856,-5.643856,4.294253,-5.643856,-5.643856,-5.643856,-5.643856,-5.643856,-5.643856,-5.643856,-5.643856,-5.643856,-5.643856,-5.643856,-5.643856,-5.643856,-5.643856,-5.643856
-5.643856,-5.643856,-5.643856,-5.643856,-5.643856,-5.643856,-5.643856,4.294253,-5.643856,-5.643856,-5.643856,-5.643856,-5.643856,-5.643856,-5.643856,-5.643856,-5.643856,-5.643856,-5.643856,-5.643856
-5.643856,-5.643856,-5.643856,-5.643856,-5.643856,-5.643856,-5.643856,-5.643856,-5.643856,-5.643856,-5.643856,-5.643856,-5.643856,-5.643856,-5.643856,4.294253,-5.643856,-5.643856,-5.643856,-5.643856
-5.643856,-5.643856,-5.643856,-5.643856,-5.643856,-5.643856,-5.643856,-5.643856,-5.643856,-5.643856,-5.643856,-5.643856,-5.643856,-5.643856,-5.643856,-5.643856,-5.643856,-5.643856,4.294253,-5.643856
-5.643856,-5.643856,-5.643856,-5.643856,-5.643856,-5.643856,-5.643856,-5.643856,-5.643856,-5.643856,-5.643856,-5.643856,-5.643856,-5.643856,-5.643856,-5.643856,4.294253,-5.643856,-5.643856,-5.643856
-5.643856,-5.643856,-5.643856,-5.643856,-5.643856,4.294253,-5.643856,-5.643856,-5.643856,-5.643856,-5.643856,-5.643856,-5.643856,-5.643856,-5.643856,-5.643856,-5.643856,-5.643856,-5.643856,-5.643856
-5.643856,-5.643856,4.294253,-5.643856,-5.643856,-5.643856,-5.643856,-5.643856,-5.643856,-5.643856,-5.643856,-5.643856,-5.643856,-5.643856,-5.643856,-5.643856,-5.643856,-5.643856,-5.643856,-5.643856
-5.643856,-5.643856,-5.643856,-5.643856,-5.643856,4.294253,-5.643856,-5.643856,-5.643856,-5.643856,-5.643856,-5.643856,-5.643856,-5.643856,-5.643856,-5.643856,-5.643856,-5.643856,-5.643856,-5.643856
-5.643856,-5.643856,-5.643856,-5.643856,-5.643856,-5.643856,-5.643856,-5.643856,-5.643856,-5.643856,-5.643856,-5.643856,-5.643856,-5.643856,-5.643856,-5.643856,-5.643856,-5.643856,4.294253,-5.643856
-5.643856,-5.643856,-5.643856,4.294253,-5.643856,-5.643856,-5.643856,-5.643856,-5.643856,-5.643856,-5.643856,-5.643856,-5.643856,-5.643856,-5.643856,-5.643856,-5.643856,-5.643856,-5.643856,-5.643856
-5.643856,-5.643856,-5.643856,-5.643856,4.294253,-5.643856,-5.643856,-5.643856,-5.643856,-5.643856,-5.643856,-5.643856,-5.643856,-5.643856,-5.643856,-5.643856,-5.643856,-5.643856,-5.643856,-5.643856
-5.643856,-5.643856,-5.643856,-5.643856,-5.643856,-5.643856,-5.643856,-5.643856,4.294253,-5.643856,-5.643856,-5.643856,-5.643856,-5.643856,-5.643856,-5.643856,-5.643856,-5.643856,-5.643856,-5.643856
-5.643856,-5.643856,-5.643856,-5.643856,-5.643856,-5.643856,-5.643856,-5.643856,-5.643856,4.294253,-5.643856,-5.643856,-5.643856,-5.643856,-5.643856,-5.643856,-5.643856,-5.643856,-5.643856,-5.643856
-5.643856,-5.643856,-5.643856,-5.643856,-5.643856,-5.643856,-5.643856,-5.643856,-5.643856,-5.643856,-5.643856,-5.643856,-5.643856,-5.643856,-5.643856,4.294253,-5.643856,-5.643856,-5.643856,-5.643856
-5.643856,-5.643856,4.294253,-5.643856,-5.643856,-5.643856,-5.643856,-5.643856,-5.643856,-5.643856,-5.643856,-5.643856,-5.643856,-5.643856,-5.643856,-5.643856,-5.643856,-5.643856,-5.643856,-5.643856
-5.643856,-5.643856,-5.643856,-5.643856,-5.643856,-5.643856,-5.643856,-5.643856,-5.643856,-5.643856,-5.643856,-5.643856,4.294253,-5.643856,-5.643856,-5.643856,-5.643856,-5.643856,-5.643856,-5.643856
-5.643856,-5.643856,4.294253,-5.643856,-5.643856,-5.643856,-5.643856,-5.643856,-5.643856,-5.643856,-5.643856,-5.643856,-5.643856,-5.643856,-5.643856,-5.643856,-5.643856,-5.643856,-5.643856,-5.643856
-5.643856,-5.643856,-5.643856,4.294253,-5.643856,-5.643856,-5.643856,-5.643856,-5.643856,-5.643856,-5.643856,-5.643856,-5.643856,-5.643856,-5.643856,-5.643856,-5.643856,-5.643856,-5.643856,-5.643856
-5.643856,-5.643856,-5.643856,-5.643856,-5.643856,-5.643856,-5.643856,-5.643856,-5.643856,-5.643856,-5.643856,-5.643856,-5.643856,-5.643856,-5.643856,-5.643856,-5.643856,4.294253,-5.643856,-5.643856
4.294253,-5.643856,-5.643856,-5.643856,-5.643856,-5.643856,-5.643856,-5.643856,-5.643856,-5.643856,-5.643856,-5.643856,-5.643856,-5.643856,-5.643856,-5.643856,-5.643856,-5.643856,-5.643856,-5.643856
-5.643856,-5.643856,-5.643856,-5.643856,-5.643856,-5.643856,-5.643856,-5.643856,-5.643856,-5.643856,-5.643856,-5.643856,-5.643856,-5.643856,4.294253,-5.643856,-5.643856,-5.643856,-5.643856,-5.643856
-5.643856,-5.643856,-5.643856,-5.643856,-5.643856,-5.643856,-5.643856,-5.643856,-5.643856,-5.643856,-5.643856,-5.643856,-5.643856,-5.643856,4.294253,-5.643856,-5.643856,-5.643856,-5.643856,-5.643856
-5.643856,-5.643856,-5.643856,-5.643856,-5.643856,-5.643856,-5.643856,-5.643856,-5.643856,-5.643856,-5.643856,-5.643856,-5.643856,-5.643856,-5.643856,-5.643856,-5.643856,-5.643856,4.294253,-5.643856
-5.643856,-5.643856,-5.643856,-5.643856,-5.643856,4.294253,-5.643856,-5.643856,-5.643856,-5.643856,-5.643856,-5.643856,-5.643856,-5.643856,-5.643856,-5.643856,-5.643856,-5.643856,-5.643856,-5.643856
-5.643856,-5.643856,-5.643856,-5.643856,-5.643856,-5.643856,-5.643856,-5.643856,4.294253,-5.643856,-5.643856,-5.643856,-5.643856,-5.643856,-5.643856,-5.643856,-5.643856,-5.643856,-5.643856,-5.643856
-5.643856,-5.643856,-5.643856,-5.643856,-5.643856,-5.643856,-5.643856,-5.643856,-5.643856,-5.643856,-5.643856,-5.643856,-5.643856,-5.643856,4.294253,-5.643856,-5.643856,-5.643856,-5.643856,-5.643856
-5.643856,-5.643856,-5.643856,-5.643856,-5.643856,-5.643856,-5.643856,-5.643856,4.294253,-5.643856,-5.643856,-5.643856,-5.643856,-5.643856,-5.643856,-5.643856,-5.643856,-5.643856,-5.643856,-5.643856
-5.643856,-5.643856,-5.643856,-5.643856,-5.643856,-5.643856,-5.643856,-5.643856,-5.643856,-5.643856,-5.643856,4.203201,-5.643856,-5.643856,-5.643856,-5.643856,-5.643856,-5.643856,-5.643856,-5.643856
-5.643856,-5.643856,-5.643856,-5.643856,-5.643856,-5.643856,-5.643856,-5.643856,-5.643856,-5.643856,-5.643856,-5.643856,-5.643856,-5.643856,-5.643856,-5.643856,-5.643856,-5.643856,-5.643856,-5.643856
-5.643856,-5.643856,-5.643856,-5.643856,-5.643856,-5.643856,-5.643856,-5.643856,-5.643856,-5.643856,-5.643856,0.286881,-5.643856,-5.643856,-5.643856,-5.643856,-5.643856,-5.643856,-5.643856,-5.643856
-5.643856,-5.643856,-5.643856,-5.643856,-5.643856,-5.643856,-5.643856,-5.643856,4.294253,-5.643856,-5.643856,-5.643856,-5.643856,-5.643856,-5.643856,-5.643856,-5.643856,-5.643856,-5.643856,-5.643856
-5.643856,-5.643856,-5.643856,-5.643856,-5.643856,-5.643856,-5.643856,-5.643856,-5.643856,-5.643856,-5.643856,-5.643856,4.294253,-5.643856,-5.643856,-5.643856,-5.643856,-5.643856,-5.643856,-5.643856
-5.643856,-5.643856,-5.643856,-5.643856,-5.643856,-5.643856,-5.643856,-5.643856,4.294253,-5.643856,-5.643856,-5.643856,-5.643856,-5.643856,-5.643856,-5.643856,-5.643856,-5.643856,-5.643856,-5.643856
-5.643856,-5.643856,-5.643856,-5.643856,-5.643856,-5.643856,-5.643856,-5.643856,-5.643856,-5.643856,4.294253,-5.643856,-5.643856,-5.643856,-5.643856,-5.643856,-5.643856,-5.643856,-5.643856,-5.643856
-5.643856,-5.643856,-5.643856,-5.643856,-5.643856,-5.643856,-5.643856,-5.643856,-5.643856,-5.643856,-5.643856,4.294253,-5.643856,-5.643856,-5.643856,-5.643856,-5.643856,-5.643856,-5.643856,-5.643856
-5.643856,-5.643856,-5.643856,-5.643856,-5.643856,-5.643856,-5.643856,-5.643856,-5.643856,-5.643856,-5.643856,-5.643856,-5.643856,-5.643856,-5.643856,-5.643856,-5.643856,-5.643856,-5.643856,4.294253
-5.643856,-5.643856,-5.643856,4.203201,-5.643856,-5.643856,-5.643856,-5.643856,-5.643856,-5.643856,-5.643856,-5.643856,-5.643856,-5.643856,-5.643856,-5.643856,-5.643856,-5.643856,-5.643856,-5.643856
-5.643856,-5.643856,-5.643856,0.286881,-5.643856,-5.643856,-5.643856,-5.643856,-5.643856,-5.643856,-5.643856,-5.643856,-5.643856,-5.643856,-5.643856,-5.643856,-5.643856,-5.643856,-5.643856,-5.643856
-5.643856,-5.643856,-5.643856,-5.643856,-5.643856,-5.643856,-5.643856,-5.643856,4.294253,-5.643856,-5.643856,-5.643856,-5.643856,-5.643856,-5.643856,-5.643856,-5.643856,-5.643856,-5.643856,-5.643856
-5.643856,-5.643856,-5.643856,-5.643856,-5.643856,-5.643856,-5.643856,-5.643856,-5.643856,4.294253,-5.643856,-5.643856,-5.643856,-5.643856,-5.643856,-5.643856,-5.643856,-5.643856,-5.643856,-5.643856
-5.643856,-5.643856,-5.643856,-5.643856,-5.643856,-5.643856,-5.643856,-5.643856,-5.643856,-5.643856,-5.643856,-5.643856,-5.643856,-5.643856,-5.643856,4.294253,-5.643856,-5.643856,-5.643856,-5.643856
-5.643856,-5.643856,-5.643856,-5.643856,-5.643856,-5.643856,-5.643856,-5.643856,-5.643856,-5.643856,-5.643856,-5.643856,-5.643856,-5.643856,4.294253,-5.643856,-5.643856,-5.643856,-5.643856,-5.643856
-5.643856,-5.643856,-5.643856,-5.643856,-5.643856,4.294253,-5.643856,-5.643856,-5.643856,-5.643856,-5.643856,-5.643856,-5.643856,-5.643856,-5.643856,-5.643856,-5.643856,-5.643856,-5.643856,-5.643856
-5.643856,-5.643856,-5.643856,-5.643856,-5.643856,-5.643856,-5.643856,-5.643856,-5.643856,4.294253,-5.643856,-5.643856,-5.643856,-5.643856,-5.643856,-5.643856,-5.643856,-5.643856,-5.643856,-5.643856
-5.643856,-5.643856,-5.643856,-5.643856,-5.643856,-5.643856,-5.643856,-5.643856,-5.643856,-5.643856,-5.643856,-5.643856,-5.643856,-5.643856,4.294253,-5.643856,-5.643856,-5.643856,-5.643856,-5.643856
-5.643856,-5.643856,-5.643856,-5.643856,-5.643856,-5.643856,-5.643856,-5.643856,-5.643856,-5.643856,-5.643856,-5.643856,-5.643856,-5.643856,-5.643856,-5.643856,-5.643856,-5.643856,-5.643856,4.294253
-5.643856,-5.643856,-5.643856,-5.643856,-5.643856,-5.643856,-5.643856,-5.643856,-5.643856,-5.643856,-5.643856,-5.643856,-5.643856,-5.643856,-5.643856,-5.643856,-5.643856,-5.643856,-5.643856,4.294253
-5.643856,-5.643856,-5.643856,-5.643856,-5.643856,-5.643856,-5.643856,-5.643856,-5.643856,-5.643856,-5.643856,-5.643856,-5.643856,-5.643856,-5.643856,-5.643856,-5.643856,-5.643856,-5.643856,4.294253
-5.643856,-5.643856,4.294253,-5.643856,-5.643856,-5.643856,-5.643856,-5.643856,-5.643856,-5.643856,-5.643856,-5.643856,-5.643856,-5.643856,-5.643856,-5.643856,-5.643856,-5.643856,-5.643856,-5.643856
-5.643856,-5.643856,-5.643856,-5.643856,-5.643856,-5.643856,-5.643856,-5.643856,4.294253,-5.643856,-5.643856,-5.643856,-5.643856,-5.643856,-5.643856,-5.643856,-5.643856,-5.643856,-5.643856,-5.643856
-5.643856,-5.643856,-5.643856,-5.643856,-5.643856,-5.643856,-5.643856,-5.643856,-5.643856,-5.643856,-5.643856,4.294253,-5.643856,-5.643856,-5.643856,-5.643856,-5.643856,-5.643856,-5.643856,-5.643856
-5.643856,-5.643856,-5.643856,-5.643856,-5.643856,-5.643856,-5.643856,4.294253,-5.643856,-5.643856,-5.643856,-5.643856,-5.643856,-5.643856,-5.643856,-5.643856,-5.643856,-5.643856,-5.643856,-5.643856
-5.643856,-5.643856,-5.643856,-5.643856,-5.643856,-5.643856,-5.643856,4.294253,-5.643856,-5.643856,-5.643856,-5.643856,-5.643856,-5.643856,-5.643856,-5.643856,-5.643856,-5.643856,-5.643856,-5.643856
-5.643856,-5.643856,-5.643856,-5.643856,-5.643856,-5.643856,4.294253,-5.643856,-5.643856,-5.643856,-5.643856,-5.643856,-5.643856,-5.643856,-5.643856,-5.643856,-5.643856,-5.643856,-5.643856,-5.643856
-5.643856,-5.643856,-5.643856,-5.643856,-5.643856,-5.643856,-5.643856,-5.643856,4.294253,-5.643856,-5.643856,-5.643856,-5.643856,-5.643856,-5.643856,-5.643856,-5.643856,-5.643856,-5.643856,-5.643856
-5.643856,-5.643856,-5.643856,-5.643856,-5.643856,-5.643856,-5.643856,-5.643856,-5.643856,-5.643856,-5.643856,-5.643856,-5.643856,-5.643856,-5.643856,-5.643856,4.294253,-5.643856,-5.643856,-5.643856
4.294253,-5.643856,-5.643856,-5.643856,-5.643856,-5.643856,-5.643856,-5.643856,-5.643856,-5.643856,-5.643856,-5.643856,-5.643856,-5.643856,-5.643856,-5.643856,-5.643856,-5.643856,-5.643856,-5.643856
-5.643856,-5.643856,-5.643856,-5.643856,-5.643856,4.294253,-5.643856,-5.643856,-5.643856,-5.643856,-5.643856,-5.643856,-5.643856,-5.643856,-5.643856,-5.643856,-5.643856,-5.643856,-5.643856,-5.643856
-5.643856,-5.643856,-5.643856,-5.643856,-5.643856,-5.643856,-5.643856,-5.643856,4.294253,-5.643856,-5.643856,-5.643856,-5.643856,-5.643856,-5.643856,-5.643856,-5.643856,-5.643856,-5.643856,-5.643856
-5.643856,-5.643856,-5.643856,-5.643856,-5.643856,-5.643856,-5.643856,-5.643856,-5.643856,-5.643856,-5.643856,-5.643856,-5.643856,-5.643856,4.203201,-5.643856,-5.643856,-5.643856,-5.643856,-5.643856
-5.643856,-5.643856,-5.643856,-5.643856,-5.643856,-5.643856,-5.643856,-5.643856,-5.643856,-5.643856,-5.643856,-5.643856,-5.643856,-5.643856,0.286881,-5.643856,-5.643856,-5.643856,-5.643856,-5.643856
-5.643856,-5.643856,-5.643856,-5.643856,-5.643856,-5.643856,-5.643856,-5.643856,-5.643856,-5.643856,-5.643856,-5.643856,-5.643856,-5.643856,-5.643856,-5.643856,-5.643856,-5.643856,-5.643856,4.294253
-5.643856,-5.643856,-5.643856,-5.643856,-5.643856,-5.643856,-5.643856,-5.643856,-5.643856,-5.643856,-5.643856,-5.643856,-5.643856,-5.643856,-5.643856,-5.643856,-5.643856,4.294253,-5.643856,-5.643856
-5.643856,-5.643856,-5.643856,-5.643856,-5.643856,-5.643856,-5.643856,-5.643856,-5.643856,-5.643856,-5.643856,-5.643856,-5.643856,-5.643856,-5.643856,-5.643856,-5.643856,-5.643856,-5.643856,4.294253
-5.643856,-5.643856,-5.643856,-5.643856,-5.643856,-5.643856,-5.643856,-5.643856,-5.643856,-5.643856,-5.643856,-5.643856,-5.643856,-5.643856,4.294253,-5.643856,-5.643856,-5.643856,-5.643856,-5.643856
-5.643856,-5.643856,-5.643856,-5.643856,4.294253,-5.643856,-5.643856,-5.643856,-5.643856,-5.643856,-5.643856,-5.643856,-5.643856,-5.643856,-5.643856,-5.643856,-5.643856,-5.643856,-5.643856,-5.643856
-5.643856,-5.643856,-5.643856,-5.643856,-5.643856,-5.643856,-5.643856,-5.643856,-5.643856,-5.643856,-5.643856,-5.643856,-5.643856,-5.643856,-5.643856,-5.643856,-5.643856,4.294253,-5.643856,-5.643856
-5.643856,4.264536,-5.643856,-5.643856,-5.643856,-5.643856,-5.643856,-5.643856,-5.643856,-5.643856,-5.643856,-5.643856,-5.643856,-5.643856,-5.643856,-1.251539,-5.643856,-5.643856,-5.643856,-5.643856
-5.643856,-5.643856,4.294253,-5.643856,-5.643856,-5.643856,-5.643856,-5.643856,-5.643856,-5.643856,-5.643856,-5.643856,-5.643856,-5.643856,-5.643856,-5.643856,-5.643856,-5.643856,-5.643856,-5.643856
-5.643856,-5.643856,-5.643856,-5.643856,-5.643856,-5.643856,-5.643856,-5.643856,-5.643856,4.294253,-5.643856,-5.643856,-5.643856,-5.643856,-5.643856,-5.643856,-5.643856,-5.643856,-5.643856,-5.643856
-5.643856,-5.643856,-5.643856,-5.643856,-5.643856,-5.643856,-5.643856,-5.643856,-5.643856,-5.643856,-5.643856,-5.643856,-5.643856,4.294253,-5.643856,-5.643856,-5.643856,-5.643856,-5.643856,-5.643856
-5.643856,-5.643856,-5.643856,-5.643856,-5.643856,-5.643856,-5.643856,-5.643856,-5.643856,-5.643856,-5.643856,-5.643856,-5.643856,-5.643856,-5.643856,4.294253,-5.643856,-5.643856,-5.643856,-5.643856
-5.643856,-5.643856,-5.643856,-5.643856,-5.643856,-5.643856,-5.643856,-5.643856,-5.643856,4.294253,-5.643856,-5.643856,-5.643856,-5.643856,-5.643856,-5.643856,-5.643856,-5.643856,-5.643856,-5.643856
-5.643856,-5.643856,-5.643856,-5.643856,-5.643856,-5.643856,-5.643856,-5.643856,-5.643856,4.294253,-5.643856,-5.643856,-5.643856,-5.643856,-5.643856,-5.643856,-5.643856,-5.643856,-5.643856,-5.643856
-5.643856,-5.643856,-5.643856,-5.643856,-5.643856,4.294253,-5.643856,-5.643856,-5.643856,-5.643856,-5.643856,-5.643856,-5.643856,-5.643856,-5.643856,-5.643856,-5.643856,-5.643856,-5.643856,-5.643856
-5.643856,-5.643856,-5.643856,-5.643856,-5.643856,-5.643856,-5.643856,-5.643856,-5.643856,-5.643856,-5.643856,-5.643856,-5.643856,-5.643856,-5.643856,-5.643856,-5.643856,-5.643856,-5.643856,4.294253
-5.643856,-5.643856,-5.643856,-5.643856,-5.643856,-5.643856,-5.643856,-5.643856,-5.643856,-5.643856,-5.643856,-5.643856,-5.643856,-5.643856,-5.643856,-5.643856,4.294253,-5.643856,-5.643856,-5.643856
-5.643856,-5.643856,-5.643856,-5.643856,-5.643856,-5.643856,-5.643856,-5.643856,-5.643856,-5.643856,-5.643856,-5.643856,4.294253,-5.643856,-5.643856,-5.643856,-5.643856,-5.643856,-5.643856,-5.643856
-5.643856,-5.643856,-5.643856,4.294253,-5.643856,-5.643856,-5.643856,-5.643856,-5.643856,-5.643856,-5.643856,-5.643856,-5.643856,-5.643856,-5.643856,-5.643856,-5.643856,-5.643856,-5.643856,-5.643856
-5.643856,-5.643856,-5.643856,4.294253,-5.643856,-5.643856,-5.643856,-5.643856,-5.643856,-5.643856,-5.643856,-5.643856,-5.643856,-5.643856,-5.643856,-5.643856,-5.643856,-5.643856,-5.643856,-5.643856
-5.643856,-5.643856,-5.643856,-5.643856,-5.643856,-5.643856,-5.643856,-5.643856,-5.643856,4.294253,-5.643856,-5.643856,-5.643856,-5.643856,-5.643856,-5.643856,-5.643856,-5.643856,-5.643856,-5.643856
-5.643856,-5.643856,-5.643856,-5.643856,-5.643856,-5.643856,4.294253,-5.643856,-5.643856,-5.643856,-5.643856,-5.643856,-5.643856,-5.643856,-5.643856,-5.643856,-5.643856,-5.643856,-5.643856,-5.643856
4.294253,-5.643856,-5.643856,-5.643856,-5.643856,-5.643856,-5.643856,-5.643856,-5.643856,-5.643856,-5.643856,-5.643856,-5.643856,-5.643856,-5.643856,-5.643856,-5.643856,-5.643856,-5.643856,-5.643856
-5.643856,-5.643856,-5.643856,-5.643856,-5.643856,-5.643856,-5.643856,-5.643856,-5.643856,-5.643856,4.294253,-5.643856,-5.643856,-5.643856,-5.643856,-5.643856,-5.643856,-5.643856,-5.643856,-5.643856
-5.643856,-5.643856,-5.643856,-5.643856,-5.643856,-5.643856,-5.643856,-5.643856,-5.643856,4.294253,-5.643856,-5.643856,-5.643856,-5.643856,-5.643856,-5.643856,-5.643856,-5.643856,-5.643856,-5.643856
-5.643856,-5.643856,4.264536,-5.643856,-5.643856,-1.251539,-5.643856,-5.643856,-5.643856,-5.643856,-5.643856,-5.643856,-5.643856,-5.643856,-5.643856,-5.643856,-5.643856,-5.643856,-5.643856,-5.643856
-5.643856,-5.643856,-5.643856,-5.643856,-5.643856,-5.643856,-5.643856,-1.251539,-5.643856,-5.643856,-5.643856,-5.643856,-5.643856,-5.643856,-5.643856,-5.643856,-5.643856,4.264536,-5.643856,-5.643856
-5.643856,-5.643856,-5.643856,-5.643856,-5.643856,-5.643856,-5.643856,-5.643856,4.294253,-5.643856,-5.643856,-5.643856,-5.643856,-5.643856,-5.643856,-5.643856,-5.643856,-5.643856,-5.643856,-5.643856
-5.643856,-5.643856,-5.643856,-5.643856,-5.643856,-5.643856,-5.643856,-5.643856,-5.643856,-5.643856,-5.643856,-5.643856,4.294253,-5.643856,-5.643856,-5.643856,-5.643856,-5.643856,-5.643856,-5.643856
